Cód.Item;Descrição;Novo Código de fábrica;Novo Marca;Desc. Marca;Novo Fornecedor;Desc. Fornecedor;Novo Linha/Grupo;Desc. Linha/Grupo
21031;1K ALL PLASTICS SPRAY SIKKENS;530583;8;SIKKENS;534;AKZO NOBEL LTDA;20021;SPRAYS 
23140;7405S CHROMA NON-STOP ACTIVADOR 0,946L AXALTA;K74054097/13;5;AXALTA;384;Axalta Coating Systems Brasil Ltda;20015;CATALISADORES INDIVIDUAS
22277;A3316 QUIK DETAILER 473ML;50100004E;999999;.;29;MAXI RUBBER INDUSTRIAS QUIMICAS LTDA;20006;CERA  / LIMPEZA /  POLIMENTO VEICULAR
86573;AB GEL REMOVEDOR 3KG;5359441;800077;ALABASTINE;34;AKZO NOBEL LTDA;30040;REPAROS ALABASTINE
86574;AB GEL REMOVEDOR 750G;5360589;800077;ALABASTINE;34;AKZO NOBEL LTDA;30040;REPAROS ALABASTINE
86560;AB LIXA LÍQUIDA 500ML;5323543;800077;ALABASTINE;34;AKZO NOBEL LTDA;30040;REPAROS ALABASTINE
86565;AB REPARA PAREDES 1KG;5323559;800077;ALABASTINE;34;AKZO NOBEL LTDA;30040;REPAROS ALABASTINE
86561;AB REPARA PAREDES 330G;5323555;800077;ALABASTINE;34;AKZO NOBEL LTDA;30040;REPAROS ALABASTINE
86562;AB REPARA PAREDES ACAO RAPIDA 330G;5323556;800077;ALABASTINE;34;AKZO NOBEL LTDA;30040;REPAROS ALABASTINE
86564;AB REPARA PAREDES PRO 340G;5323558;800077;ALABASTINE;34;AKZO NOBEL LTDA;30040;REPAROS ALABASTINE
86566;AB REPARADOR FLEXIVEL 530G;5323561;800077;ALABASTINE;34;AKZO NOBEL LTDA;30040;REPAROS ALABASTINE
86563;AB SOS REPARA PAREDES 2X 8G;5323557;800077;ALABASTINE;34;AKZO NOBEL LTDA;30040;REPAROS ALABASTINE
87271;ABRAÇADEIRA ROSCA SEM FIM 09-13X9MM;16.03.01.0014;50;SCHWEERS;143;TERRA UTIL. DE MAQUINAS, FERRAMENTAS E UTILID.;20028;APLICADORES / ADAPTADORES / ENGATES / SUPORTES
21858;ABRIDOR DE LATAS LOGOTIPO LAZZURIL;80.79.80997-082;3;SHERWIN WILLIAMS;35;SHERWIN - WILLIAMS DO BRASIL IND. E COM. LTDA;20028;APLICADORES / ADAPTADORES / ENGATES / SUPORTES
87177;ABRIDOR DE LATAS WANDA;2004317;1;WANDA;34;AKZO NOBEL LTDA;20028;APLICADORES / ADAPTADORES / ENGATES / SUPORTES
21378;ACELERADOR SECAGEM 450ML LAZZURIL;05.60.00068-175;3;SHERWIN WILLIAMS;35;SHERWIN - WILLIAMS DO BRASIL IND. E COM. LTDA;20015;CATALISADORES INDIVIDUAS
83910;ACERTO DE COR - TRICOAT;;999999;.;137;DAUTO TINTAS LTDA ME;999999;GRUPO CONVERSAO
83901;ACERTO DE COR AMARELO;;999999;.;137;DAUTO TINTAS LTDA ME;999999;GRUPO CONVERSAO
83900;ACERTO DE COR AZUL;;999999;.;137;DAUTO TINTAS LTDA ME;999999;GRUPO CONVERSAO
83904;ACERTO DE COR BEGE;;999999;.;137;DAUTO TINTAS LTDA ME;999999;GRUPO CONVERSAO
83902;ACERTO DE COR BRANCO;;999999;.;137;DAUTO TINTAS LTDA ME;999999;GRUPO CONVERSAO
83903;ACERTO DE COR CINZA;;999999;.;137;DAUTO TINTAS LTDA ME;999999;GRUPO CONVERSAO
83912;ACERTO DE COR LARANJA;;999999;.;137;DAUTO TINTAS LTDA ME;999999;GRUPO CONVERSAO
83905;ACERTO DE COR MARROM;;999999;.;137;DAUTO TINTAS LTDA ME;999999;GRUPO CONVERSAO
83906;ACERTO DE COR PRATA;;999999;.;137;DAUTO TINTAS LTDA ME;999999;GRUPO CONVERSAO
83907;ACERTO DE COR PRETO;;999999;.;137;DAUTO TINTAS LTDA ME;999999;GRUPO CONVERSAO
83911;ACERTO DE COR ROXO;;999999;.;137;DAUTO TINTAS LTDA ME;999999;GRUPO CONVERSAO
83909;ACERTO DE COR VERDE;;999999;.;137;DAUTO TINTAS LTDA ME;999999;GRUPO CONVERSAO
83908;ACERTO DE COR VERMELHO;;999999;.;137;DAUTO TINTAS LTDA ME;999999;GRUPO CONVERSAO
87021;ACIDUS PRO 1,5L VONIXX;1040016;10;VONIXX;425;VONIXX INDUSTRIA E COMERCIO DE POLIDORES LTDA;20011;LINHA DE HIGENIZAÇÃO E ESTÉTICA  AUTOMOTIVA VONIX
87022;ACIDUS PRO 5L VONIXX;1040017;10;VONIXX;425;VONIXX INDUSTRIA E COMERCIO DE POLIDORES LTDA;20011;LINHA DE HIGENIZAÇÃO E ESTÉTICA  AUTOMOTIVA VONIX
84459;ACRILAR ACRILICO PREMIUM ACETINADO BRANCO GELO 3,6L BRASILUX;AC 490501702;67;BRASILUX;556;BRASILUX TINTAS TECNICAS LTDA;30001;TINTA PAREDE
85094;ACRILAR ACRILICO PREMIUM ACETINADO BRANCO GELO LATA 18L BRASILUX;AC 490501703;67;BRASILUX;556;BRASILUX TINTAS TECNICAS LTDA;30001;TINTA PAREDE
84293;ACRILAR ACRILICO PREMIUM ACETINADO BRANCO NEVE 3,6L BRASILUX;AC 490503002;67;BRASILUX;556;BRASILUX TINTAS TECNICAS LTDA;30001;TINTA PAREDE
84744;ACRILAR ACRILICO PREMIUM ACETINADO BRANCO NEVE LATA 18L BRASILUX;AC 490503003;67;BRASILUX;556;BRASILUX TINTAS TECNICAS LTDA;30001;TINTA PAREDE
84287;ACRILAR ACRILICO PREMIUM FOSCO AREIA 3,6L BRASILUX;FO 490700102;67;BRASILUX;556;BRASILUX TINTAS TECNICAS LTDA;30001;TINTA PAREDE
85311;ACRILAR ACRILICO PREMIUM FOSCO AREIA LATA 18L BRASILUX;FO 490700103;67;BRASILUX;556;BRASILUX TINTAS TECNICAS LTDA;30001;TINTA PAREDE
84289;ACRILAR ACRILICO PREMIUM FOSCO BRANCO GELO 3,6L BRASILUX;FO 490501702;67;BRASILUX;556;BRASILUX TINTAS TECNICAS LTDA;30001;TINTA PAREDE
85473;ACRILAR ACRILICO PREMIUM FOSCO BRANCO GELO LATA 18L BRASILUX;FO 490501703;67;BRASILUX;556;BRASILUX TINTAS TECNICAS LTDA;30001;TINTA PAREDE
84290;ACRILAR ACRILICO PREMIUM FOSCO BRANCO NEVE 3,6L BRASILUX;FO 490503002;67;BRASILUX;556;BRASILUX TINTAS TECNICAS LTDA;30001;TINTA PAREDE
84374;ACRILAR ACRILICO PREMIUM FOSCO BRANCO NEVE BALDE 18L BRASILUX;FO 490503057;67;BRASILUX;556;BRASILUX TINTAS TECNICAS LTDA;30001;TINTA PAREDE
84754;ACRILAR ACRILICO PREMIUM FOSCO BRANCO NEVE LATA 18L BRASILUX;FO 490503003;67;BRASILUX;556;BRASILUX TINTAS TECNICAS LTDA;30001;TINTA PAREDE
84292;ACRILAR ACRILICO PREMIUM FOSCO CAMURCA 3,6L BRASILUX;FO 492400102;67;BRASILUX;556;BRASILUX TINTAS TECNICAS LTDA;30001;TINTA PAREDE
84376;ACRILAR ACRILICO PREMIUM FOSCO CAMURCA LATA 18L BRASILUX;FO 492400103;67;BRASILUX;556;BRASILUX TINTAS TECNICAS LTDA;30001;TINTA PAREDE
84291;ACRILAR ACRILICO PREMIUM FOSCO PALHA 3,6L BRASILUX;FO 491200102;67;BRASILUX;556;BRASILUX TINTAS TECNICAS LTDA;30001;TINTA PAREDE
84375;ACRILAR ACRILICO PREMIUM FOSCO PALHA LATA 18L BRASILUX;FO 491200103;67;BRASILUX;556;BRASILUX TINTAS TECNICAS LTDA;30001;TINTA PAREDE
84378;ACRILAR ACRILICO PREMIUM FOSCO VERDE FOLHA BALDE 18L BRASILUX;FO 492202057;67;BRASILUX;556;BRASILUX TINTAS TECNICAS LTDA;30001;TINTA PAREDE
84617;ACRILAR BASE A ACETINADO 16,2L BRASILUX;BA 490525833;67;BRASILUX;556;BRASILUX TINTAS TECNICAS LTDA;30006;BASES IMOBILIÁRIAS
84616;ACRILAR BASE A ACETINADO 3,24L BRASILUX;BA 490525832;67;BRASILUX;556;BRASILUX TINTAS TECNICAS LTDA;30006;BASES IMOBILIÁRIAS
84615;ACRILAR BASE A ACETINADO 810ML BRASILUX;BA 490525831;67;BRASILUX;556;BRASILUX TINTAS TECNICAS LTDA;30006;BASES IMOBILIÁRIAS
84610;ACRILAR BASE A FOSCO 16,2L BRASILUX;BA 490521733;67;BRASILUX;556;BRASILUX TINTAS TECNICAS LTDA;30006;BASES IMOBILIÁRIAS
84609;ACRILAR BASE A FOSCO 3,24L BRASILUX;BA 490521732;67;BRASILUX;556;BRASILUX TINTAS TECNICAS LTDA;30006;BASES IMOBILIÁRIAS
84608;ACRILAR BASE A FOSCO 810ML BRASILUX;BA 490521731;67;BRASILUX;556;BRASILUX TINTAS TECNICAS LTDA;30006;BASES IMOBILIÁRIAS
84614;ACRILAR BASE B ACETINADO 16,2L BRASILUX;BA 490525933;67;BRASILUX;556;BRASILUX TINTAS TECNICAS LTDA;30006;BASES IMOBILIÁRIAS
84618;ACRILAR BASE B ACETINADO 3,24L BRASILUX;BA 490525932;67;BRASILUX;556;BRASILUX TINTAS TECNICAS LTDA;30006;BASES IMOBILIÁRIAS
84746;ACRILAR BASE B ACETINADO 810ML BRASILUX;BA 490525931;67;BRASILUX;556;BRASILUX TINTAS TECNICAS LTDA;30006;BASES IMOBILIÁRIAS
84612;ACRILAR BASE B FOSCO 16,2L BRASILUX;BA 490521833;67;BRASILUX;556;BRASILUX TINTAS TECNICAS LTDA;30006;BASES IMOBILIÁRIAS
84611;ACRILAR BASE B FOSCO 3,24L BRASILUX;BA 490521832;67;BRASILUX;556;BRASILUX TINTAS TECNICAS LTDA;30006;BASES IMOBILIÁRIAS
84745;ACRILAR BASE B FOSCO 810ML BRASILUX;BA 490521831;67;BRASILUX;556;BRASILUX TINTAS TECNICAS LTDA;30006;BASES IMOBILIÁRIAS
84620;ACRILAR BASE C ACETINADO 16,2L BRASILUX;BA 490526033;67;BRASILUX;556;BRASILUX TINTAS TECNICAS LTDA;30006;BASES IMOBILIÁRIAS
84619;ACRILAR BASE C ACETINADO 3,24L BRASILUX;BA 490526032;67;BRASILUX;556;BRASILUX TINTAS TECNICAS LTDA;30006;BASES IMOBILIÁRIAS
84996;ACRILAR BASE C ACETINADO 810ML BRASILUX;BA 490526031;67;BRASILUX;556;BRASILUX TINTAS TECNICAS LTDA;30006;BASES IMOBILIÁRIAS
84995;ACRILAR BASE C FOSCO 16,2L BRASILUX;BA 490521933;67;BRASILUX;556;BRASILUX TINTAS TECNICAS LTDA;30006;BASES IMOBILIÁRIAS
84613;ACRILAR BASE C FOSCO 3,24L BRASILUX;BA 490521932;67;BRASILUX;556;BRASILUX TINTAS TECNICAS LTDA;30006;BASES IMOBILIÁRIAS
84994;ACRILAR BASE C FOSCO 810ML BRASILUX;BA 490521931;67;BRASILUX;556;BRASILUX TINTAS TECNICAS LTDA;30006;BASES IMOBILIÁRIAS
86946;"ADAPTADOR C/ ROSCA FEMEA 1/4"" P/ MANGUEIRA 5/16"" AD657F SCHWEERS";AD 657 F 5/16;50;SCHWEERS;492;SCHWEERS METALURGICA EIRELI;20028;APLICADORES / ADAPTADORES / ENGATES / SUPORTES
86947;"ADAPTADOR C/ ROSCA MACHO 1/4"" P/ MANGUEIRA 5/16"" AD657M5/16 SCHWEERS";AD 657 M 5/16;50;SCHWEERS;492;SCHWEERS METALURGICA EIRELI;20028;APLICADORES / ADAPTADORES / ENGATES / SUPORTES
20984;ADAPTADOR ENGATE RAPIDO PN33271 3M;HB004155956;4;3M;36;3M DO BRASIL LTDA;20028;APLICADORES / ADAPTADORES / ENGATES / SUPORTES
23773;"ADAPTADOR P/ ENGATE RAPIDO FEMEA 1/4"" AD767F SCHWEERS";AD767F;50;SCHWEERS;492;SCHWEERS METALURGICA EIRELI;20028;APLICADORES / ADAPTADORES / ENGATES / SUPORTES
23774;"ADAPTADOR P/ ENGATE RAPIDO MACHO 1/4"" AD767M SCHWEERS";AD767M;50;SCHWEERS;143;TERRA UTIL. DE MAQUINAS, FERRAMENTAS E UTILID.;20028;APLICADORES / ADAPTADORES / ENGATES / SUPORTES
87196;ADAPTADOR P/ ENGATE RAPIDO POL PN05752 3M;HB004142038;4;3M;36;3M DO BRASIL LTDA;20028;APLICADORES / ADAPTADORES / ENGATES / SUPORTES
21519;ADAPTADOR TIPO 32 PPS 3M;HB004215339;4;3M;36;3M DO BRASIL LTDA;20028;APLICADORES / ADAPTADORES / ENGATES / SUPORTES
20995;ADAPTADOR TIPO 5 PPS 3M;H0002120436;4;3M;36;3M DO BRASIL LTDA;20028;APLICADORES / ADAPTADORES / ENGATES / SUPORTES
21022;ADAPTADOR TIPO 8 PPS 3M;HB004063788;4;3M;36;3M DO BRASIL LTDA;20028;APLICADORES / ADAPTADORES / ENGATES / SUPORTES
87328;ADAPTADOR TIPO S18 F 3/8 PPS 2 3M;HB004667802;4;3M;36;3M DO BRASIL LTDA;20028;APLICADORES / ADAPTADORES / ENGATES / SUPORTES
87346;ADAPTADOR TIPO S2C FEMEA M16X1.5 PPS 2 3M;HB004667729;4;3M;36;3M DO BRASIL LTDA;20028;APLICADORES / ADAPTADORES / ENGATES / SUPORTES
87042;ADAPTADOR TIPO S8 MACHO M12X1.0 PPS 2 3M;HB004667760;4;3M;36;3M DO BRASIL LTDA;20028;APLICADORES / ADAPTADORES / ENGATES / SUPORTES
87028;ADAPTADOR TIPO S9 PPS 2 3M;HB004668636;4;3M;36;3M DO BRASIL LTDA;20028;APLICADORES / ADAPTADORES / ENGATES / SUPORTES
23709;ADAPTADOR/ENGATE P/ BOINA 14MM OU 5/8 NEWPAD;A14;46;NEW PAD;473;NEWPAD PRODUTOS AUTOMOTIVOS LTDA;20028;APLICADORES / ADAPTADORES / ENGATES / SUPORTES
85466;ADESIVO ARALDITE HOBBY 16G TEKBOND;69957366144;71;TEK BOND;570;SAINT GOBAIN;20056;COLA INST./ ADESIVOS COLANTES
85467;ADESIVO ARALDITE HOBBY 23G TEKBOND;69957366147;71;TEK BOND;570;SAINT GOBAIN;20056;COLA INST./ ADESIVOS COLANTES
39;ADESIVO DE COLAGEM CHAPAS METALICAS PBA 240GR 3M;60980024479;4;3M;36;3M DO BRASIL LTDA;20056;COLA INST./ ADESIVOS COLANTES
85461;ADESIVO DE SILICONE TRANSP 50G S/ BLISTER TEKBOND;69957326460;71;TEK BOND;570;SAINT GOBAIN;30034;SILICONE
24409;ADESIVO DE SILICONE TRANSPARENTE 256G/270ML TEK BOND;69957326982;71;TEK BOND;570;SAINT GOBAIN;30034;SILICONE
37;ADESIVO ESPELHO RETROVISOR DOSE UNICA 1G TEK BOND;12841000102;71;TEK BOND;570;SAINT GOBAIN;20056;COLA INST./ ADESIVOS COLANTES
85622;ADESIVO INST 100G 793 BICO ANTIENTUPIMENTO TEKBOND;69957321884;71;TEK BOND;138;NOVA CASA DIST.MAT P/ CONST-LTDA;20056;COLA INST./ ADESIVOS COLANTES
85462;ADESIVO INST 20G 793 BICO ANTIENTUPIMENTO TEKBOND;69957321708;71;TEK BOND;138;NOVA CASA DIST.MAT P/ CONST-LTDA;20056;COLA INST./ ADESIVOS COLANTES
85672;ADESIVO INSTANTANEO BOND 007 SEG. FRASCO 100G UNIPEGA;AES0535.0074;800067;UNIPEGA;11000482;A&S TECHNOLOGIES INDUSTRIA E COMERCIO S.A.;20056;COLA INST./ ADESIVOS COLANTES
85671;ADESIVO INSTANTANEO BOND 007 SEG. FRASCO 20G UNIPEGA;AES0535.0073;800067;UNIPEGA;11000482;A&S TECHNOLOGIES INDUSTRIA E COMERCIO S.A.;20056;COLA INST./ ADESIVOS COLANTES
23671;ADESIVO P/ COLAR EMBLEMA 3M;HB004620173;4;3M;36;3M DO BRASIL LTDA;20056;COLA INST./ ADESIVOS COLANTES
21643;ADESIVO P/ LAMINAÇÃO 880G CARPLAST MAXI RUBBER;CA210;6;MAXI RUBBER;11000387;MAXI RUBBER INDUSTRIAS QUIMICAS LTDA;20056;COLA INST./ ADESIVOS COLANTES
23367;ADESIVO PLASTICO BRANCO 1KG ROYAL;APL1000BR-CX4;13;ROYAL;417;ROYAL QUIMICA LTDA - EM RECUPERACAO JUDICIAL;20026;COLA  PLÁSTICA 
85327;ADESIVO PLASTICO BRANCO 400G CARPLAST MAXI RUBBER;CA135;6;MAXI RUBBER;11000387;MAXI RUBBER INDUSTRIAS QUIMICAS LTDA;20026;COLA  PLÁSTICA 
85422;ADESIVO PLASTICO CINZA 400G CARPLAST MAXI RUBBER;CA100;6;MAXI RUBBER;29;MAXI RUBBER INDUSTRIAS QUIMICAS LTDA;20026;COLA  PLÁSTICA 
22973;ADESIVO PLASTICO CONTACT 45CMX25MT 50 MICRAS CRISTAL;205400;31;UTILER;11000474;OMNI COMERCIO E SERVIÇOS LTDA;999999;GRUPO CONVERSAO
84686;ADESIVO PLASTICO EXTRA BRANCO 900G MAXI RUBBER;1MG084;6;MAXI RUBBER;29;MAXI RUBBER INDUSTRIAS QUIMICAS LTDA;20026;COLA  PLÁSTICA 
85357;ADESIVO PLASTICO SUPREMO BRANCO 1KG RHAI;201301001;69;RHAI;562;ALV INDUSTRIA E COMERCIO DE TINTAS LTDA;20026;COLA  PLÁSTICA 
85468;ADESIVO PU40 BRANCO CARTUCHO 387G/280ML TEKBOND;6995732006;71;TEK BOND;570;SAINT GOBAIN;30032;PU 40
85469;ADESIVO PU40 CINZA CARTUCHO 387G/280ML TEKBOND;21081038700;71;TEK BOND;570;SAINT GOBAIN;30032;PU 40
85695;ADESIVO PU40 MULTIUSO BRANCO BISNAGA PLASTICA 80G UNIPEGA;AES0512.0567;800067;UNIPEGA;11000482;A&S TECHNOLOGIES INDUSTRIA E COMERCIO S.A.;30032;PU 40
85692;ADESIVO PU40 MULTIUSO BRANCO CARTUCHO 360G UNIPEGA;AES0512.0692;800067;UNIPEGA;11000482;A&S TECHNOLOGIES INDUSTRIA E COMERCIO S.A.;30032;PU 40
85696;ADESIVO PU40 MULTIUSO CINZA BISNAGA PLASTICA 80G UNIPEGA;AES0512.0576;800067;UNIPEGA;11000482;A&S TECHNOLOGIES INDUSTRIA E COMERCIO S.A.;30032;PU 40
85693;ADESIVO PU40 MULTIUSO CINZA CARTUCHO 360G UNIPEGA;AES0512.0693;800067;UNIPEGA;11000482;A&S TECHNOLOGIES INDUSTRIA E COMERCIO S.A.;30032;PU 40
85697;ADESIVO PU40 MULTIUSO PRETO BISNAGA PLASTICA 80G UNIPEGA;AES0512.0685;800067;UNIPEGA;11000482;A&S TECHNOLOGIES INDUSTRIA E COMERCIO S.A.;30032;PU 40
85694;ADESIVO PU40 MULTIUSO PRETO CARTUCHO 360G UNIPEGA;AES0512.0694;800067;UNIPEGA;11000482;A&S TECHNOLOGIES INDUSTRIA E COMERCIO S.A.;30032;PU 40
21814;ADESIVO PU40 SELANTE FLEX CINZA SACHE 400ML SOLUFIX;10020085;14;SOLUÇÃO ADESIVOS;261;SOLUCAO ADESIVOS E SELANTES LTDA;20056;COLA INST./ ADESIVOS COLANTES
85108;ADESIVO PU40 SELANTE FLEX CINZA SACHE 600ML SOLUFIX;10020087;14;SOLUÇÃO ADESIVOS;261;SOLUCAO ADESIVOS E SELANTES LTDA;20056;COLA INST./ ADESIVOS COLANTES
84936;ADESIVO REFORÇADO PARA LAMINAÇÃO 800G CARPLAST MAXI RUBBER;CA252;6;MAXI RUBBER;11000387;MAXI RUBBER INDUSTRIAS QUIMICAS LTDA;20056;COLA INST./ ADESIVOS COLANTES
20064;ADESIVO SPRAY 76 LT 330G 3M;HB004539712;4;3M;36;3M DO BRASIL LTDA;20056;COLA INST./ ADESIVOS COLANTES
20052;ADITIVO ANTICRATERA 450ML LAZZURIL;05.60.08780-175;3;SHERWIN WILLIAMS;35;SHERWIN - WILLIAMS DO BRASIL IND. E COM. LTDA;20015;CATALISADORES INDIVIDUAS
23656;ADITIVO TEXTURIZADOR 900ML LAZZURIL;05.00.08030-224;3;SHERWIN WILLIAMS;35;SHERWIN - WILLIAMS DO BRASIL IND. E COM. LTDA;20015;CATALISADORES INDIVIDUAS
23158;ADITIVO VERMELHO PARA VERNIZ AXALTA;D96609641/4B;5;AXALTA;11000389;CARVIC COM VER DE PROD E EQ P/ REP AUTO LTDA;20034;VERNIZ AUTOMOTIVO
23537;AGUA SANITARIA 5LTS-3,11-ST;1063;44;TUFF;452;LIMA & PERGHER INDUSTRIAL E COMERCIO;999999;GRUPO CONVERSAO
22977;AGUA SANITARIA SUPREMA 5LT;29104;999999;.;112;COM.ALVORADA LIMPEZA E DESCARTAVEIS;999999;GRUPO CONVERSAO
84500;AGUARRAS MINERAL 18L BRASILUX;AG 100010003;67;BRASILUX;556;BRASILUX TINTAS TECNICAS LTDA;30013;AGUARRAS
84030;AGUARRAS MINERAL 5L BRASILUX;AG 100010008;67;BRASILUX;556;BRASILUX TINTAS TECNICAS LTDA;30013;AGUARRAS
84029;AGUARRAS MINERAL 900ML BRASILUX;AG 100010001;67;BRASILUX;556;BRASILUX TINTAS TECNICAS LTDA;30013;AGUARRAS
87342;AGUARRAZ 5L MAZA;26135;800053;MAZA;11000423;MAZA PRODUTOS QUIMICOS LTDA;40002;EPOXI
24381;ALCOOL 70 AEROSOL ORBI;13601;68;ORBI;558;ORBI QUIMICA S/A;999999;GRUPO CONVERSAO
23507;ALCOOL GEL 500ML-5,13-ST;3847;29;BRILHOMAX;389;AMS MATERIAL DE LIMPEZA EIRELI ME;999999;GRUPO CONVERSAO
23706;ALCOOL GEL 70% 500ML RESICOLOR;4660;56;ATUAIS;471;RESICOLOR INDUSTRIA DE PRODUTOS LTDA;999999;GRUPO CONVERSAO
23707;ALCOOL LIQUIDO 5LT 70%;29363;800089;AUDAX;112;COM.ALVORADA LIMPEZA E DESCARTAVEIS;999999;GRUPO CONVERSAO
167;ALCOOL LIQUIDO 70% 5L UZUCLEAN;3415;999999;.;452;LIMA & PERGHER INDUSTRIAL E COMERCIO;999999;GRUPO CONVERSAO
1;ALGODAO HIDROFILO 500GR;36876;800109;ISABABY;155;ARCOM S.A.;20006;CERA  / LIMPEZA /  POLIMENTO VEICULAR
87061;ALINHADOR DE MONOBLOCO 8 TON C/ PROLONGADOR 26 PÇS 4003 MARCON;4003;800125;MARCON;260;MARCON INDUSTRIA METALURGICA LTDA;20028;APLICADORES / ADAPTADORES / ENGATES / SUPORTES
23548;ALMOFADA P/ CARIMBO N.3;158011;800121;MASTERPRINT;11000474;OMNI COMERCIO E SERVIÇOS LTDA;999999;GRUPO CONVERSAO
85589;ALUMAX 1,5L VONIXX;2008006;10;VONIXX;425;VONIXX INDUSTRIA E COMERCIO DE POLIDORES LTDA;20011;LINHA DE HIGENIZAÇÃO E ESTÉTICA  AUTOMOTIVA VONIX
85199;ALUMAX 5L VONIXX;2008005;10;VONIXX;425;VONIXX INDUSTRIA E COMERCIO DE POLIDORES LTDA;20011;LINHA DE HIGENIZAÇÃO E ESTÉTICA  AUTOMOTIVA VONIX
87295;ALUMINIO FENOLICO REFLETIVO SHERTRUCK 3,6L SHERWIN;;3;SHERWIN WILLIAMS;35;SHERWIN - WILLIAMS DO BRASIL IND. E COM. LTDA;20002;TINTAS POLIÉSTER
85237;AMOSTRA;AMOSTRA;51;START;553;RENOVA INDUSTRIA E COMERCIO LTDA;999999;GRUPO CONVERSAO
86590;AN ACOTONE CONC BU1 AZUL INTENSO 720ML;5565225;800073;CORAL;534;AKZO NOBEL LTDA;30015;PIGMENTOS IMOBILIÁRIOS
86595;AN ACOTONE CONC BU2 AZUL CLARO 720ML;5565230;800073;CORAL;534;AKZO NOBEL LTDA;30015;PIGMENTOS IMOBILIÁRIOS
86591;AN ACOTONE CONC GR1 VERDE 720ML;5565226;800073;CORAL;534;AKZO NOBEL LTDA;30015;PIGMENTOS IMOBILIÁRIOS
86584;AN ACOTONE CONC MA1 MAGENTA 720ML;5565205;800073;CORAL;534;AKZO NOBEL LTDA;30015;PIGMENTOS IMOBILIÁRIOS
86596;AN ACOTONE CONC NO1 PRETO 720ML;5565407;800073;CORAL;534;AKZO NOBEL LTDA;30015;PIGMENTOS IMOBILIÁRIOS
86593;AN ACOTONE CONC OR1 LARANJA 720ML;5565228;800073;CORAL;534;AKZO NOBEL LTDA;30015;PIGMENTOS IMOBILIÁRIOS
86594;AN ACOTONE CONC RE1 VERM INTENSO 720ML;5565229;800073;CORAL;534;AKZO NOBEL LTDA;30015;PIGMENTOS IMOBILIÁRIOS
86585;AN ACOTONE CONC UM1 MARROM 720ML;5565206;800073;CORAL;534;AKZO NOBEL LTDA;30015;PIGMENTOS IMOBILIÁRIOS
86587;AN ACOTONE CONC WH1 BRANCO 720ML;5565208;800073;CORAL;534;AKZO NOBEL LTDA;30015;PIGMENTOS IMOBILIÁRIOS
86586;AN ACOTONE CONC XR1 VERM OXIDO 720ML;5565207;800073;CORAL;534;AKZO NOBEL LTDA;30015;PIGMENTOS IMOBILIÁRIOS
86588;AN ACOTONE CONC XY1 AMARELO OXIDO 720ML;5565210;800073;CORAL;534;AKZO NOBEL LTDA;30015;PIGMENTOS IMOBILIÁRIOS
86589;AN ACOTONE CONC YE1 AMARELO 720ML;5565211;800073;CORAL;534;AKZO NOBEL LTDA;30015;PIGMENTOS IMOBILIÁRIOS
86592;AN ACOTONE CONC YE2 AMARELO ESVER 720ML;5565227;800073;CORAL;534;AKZO NOBEL LTDA;30015;PIGMENTOS IMOBILIÁRIOS
84768;AN ColorScala Selector VR Set;2007989;1;WANDA;534;AKZO NOBEL LTDA;20028;APLICADORES / ADAPTADORES / ENGATES / SUPORTES
83764;ANJODUR POLIESTER VERMELHO ARPOADOR FORD 08 900ML;2222;2;ANJO;382;ANJO QUIMICA DO BRASIL LTDA;20031;BASES POLIÉSTER
83932;APARELHO DE DIAGNOSTICO VEICULAR- POL 4100- S/N: XF6RS9110N1124;;999999;.;11000396;AIRZAP - ANEST IWATA IND. E COM. LTDA;20058;OUTRAS FERRAMENTAS / EQUIPAMENTOS
83988;APARELHO ELETRICO DE ILUMINAÇÃO 226553627R;;999999;.;11000396;AIRZAP - ANEST IWATA IND. E COM. LTDA;20058;OUTRAS FERRAMENTAS / EQUIPAMENTOS
83989;APARELHO ELETRICO DE ILUMINAÇÃO 265505271R;;999999;.;11000396;AIRZAP - ANEST IWATA IND. E COM. LTDA;20058;OUTRAS FERRAMENTAS / EQUIPAMENTOS
23969;APARELHO TELEFONICO S/ FIO PRETO INTELBRAS;3417;999999;.;99999999;FORNECEDOR CONVERSAO;999999;GRUPO CONVERSAO
87225;"APLICADOR DE SILICONE ABERTO 9"" VERDE TAFORT";23668;800137;TAFORT;571;CHIAPERINI INDUSTRIAL LTDA;20056;COLA INST./ ADESIVOS COLANTES
87226;"APLICADOR DE SILICONE PROFISSIONAL 9"" VERDE TAFORT";25017;800137;TAFORT;571;CHIAPERINI INDUSTRIAL LTDA;20056;COLA INST./ ADESIVOS COLANTES
87224;APLICADOR DE SILICONE TUBULAR SACHE 600ML TAFORT;32067;800137;TAFORT;571;CHIAPERINI INDUSTRIAL LTDA;20056;COLA INST./ ADESIVOS COLANTES
87361;APLICADOR ELETRICO POWER COMBO TUBO E SACHE SOLUFIX;10070124;14;SOLUÇÃO ADESIVOS;261;SOLUCAO ADESIVOS E SELANTES LTDA;20056;COLA INST./ ADESIVOS COLANTES
85200;APLICADOR MICROFIBRA VONIXX;2005022;10;VONIXX;425;VONIXX INDUSTRIA E COMERCIO DE POLIDORES LTDA;20011;LINHA DE HIGENIZAÇÃO E ESTÉTICA  AUTOMOTIVA VONIX
87027;APLICADOR PNEUMATICO AIR POWER 600 P/ SACHE 600ML SOLUFIX;10070116;14;SOLUÇÃO ADESIVOS;261;SOLUCAO ADESIVOS E SELANTES LTDA;20056;COLA INST./ ADESIVOS COLANTES
23551;APONTADOR ESCOLAR SIMPLES;138266;31;UTILER;11000474;OMNI COMERCIO E SERVIÇOS LTDA;999999;GRUPO CONVERSAO
84880;AREIA MÉDIA M³;4;999999;.;99999999;FORNECEDOR CONVERSAO;999999;GRUPO CONVERSAO
85605;ARGAMASSA AC1 5KG (5X4) REJUMASSA;150524;800064;REJUMASSA;11000439;REJUMASSA INDÚSTRIA, COMÉRCIO E TRANSPORTES DE REJUNTES LTDA;30037;ARGAMASSA
87023;ARGAMASSA AC3 20KG;;800119;PRECON;99999999;FORNECEDOR CONVERSAO;30037;ARGAMASSA
84879;ARGAMASSA ACI 20KG;3;800061;CIMENTMIX;99999999;FORNECEDOR CONVERSAO;30037;ARGAMASSA
85604;ARGAMASSA REFRATARIA 5KG (4X5) REJUMASSA;71118;800064;REJUMASSA;11000439;REJUMASSA INDÚSTRIA, COMÉRCIO E TRANSPORTES DE REJUNTES LTDA;30037;ARGAMASSA
86982;ASPIRADOR PÓ E AGUA 12L WDL 1S 220V KARCHER;10983510;800099;KARCHER;11000456;KARCHER IND E COM LTDA;20011;LINHA DE HIGENIZAÇÃO E ESTÉTICA  AUTOMOTIVA VONIX
86981;ASPIRADOR PÓ E AGUA PROFISSIONAL 20L NT 2000 220V KARCHER;14287110;800099;KARCHER;11000456;KARCHER IND E COM LTDA;20011;LINHA DE HIGENIZAÇÃO E ESTÉTICA  AUTOMOTIVA VONIX
86999;ASPIRADOR PÓ E AGUA PROFISSIONAL 90L NT 90/2 ME CLASSIC 220V KARCHER;16677050;800099;KARCHER;11000456;KARCHER IND E COM LTDA;20011;LINHA DE HIGENIZAÇÃO E ESTÉTICA  AUTOMOTIVA VONIX
86875;ASSENTO SANITARIO SLIMFORTTE ALMOFADADO BRANCO UNIFORTTE;6.023;800097;UNIFORTTE;11000454;UNIFORTTE INDUSTRIA DE PLASTICOS LTDA;30042;SIFÃO/ASSENTO
86874;ASSENTO SANITARIO SLIMFORTTE SOPRADO BRANCO UNIFORTTE;6.019;800097;UNIFORTTE;11000454;UNIFORTTE INDUSTRIA DE PLASTICOS LTDA;30042;SIFÃO/ASSENTO
23462;AUTO BRILHO 500ML 3M;HB004584437;4;3M;36;3M DO BRASIL LTDA;20018;LÍQUIDOS P/ POLIMENTO 
21708;AUTOBASE PLUS MM Q040 BINDER 3,75L-21,67-ST;529652;8;SIKKENS;34;AKZO NOBEL LTDA;20031;BASES POLIÉSTER
9915;AUTOBASE PLUS MM Q065 3,75L-21,67-ST;529653;8;SIKKENS;534;AKZO NOBEL LTDA;20031;BASES POLIÉSTER
9916;AUTOBASE PLUS MM Q070 POTENCIALIZADOR DE TRANSPARENCIA 1L-21,45-ST;529654;8;SIKKENS;34;AKZO NOBEL LTDA;20031;BASES POLIÉSTER
9918;AUTOBASE PLUS MM Q110 BRANCO 3,75L-21,46-ST;529655;8;SIKKENS;34;AKZO NOBEL LTDA;20031;BASES POLIÉSTER
9919;AUTOBASE PLUS MM Q120 BRANCO CONCENTRADO 3,75L-25,63-ST;530585;8;SIKKENS;34;AKZO NOBEL LTDA;20031;BASES POLIÉSTER
9920;AUTOBASE PLUS MM Q140 PRETO PROFUNDO 3,75L-21,67-ST;529656;8;SIKKENS;34;AKZO NOBEL LTDA;20031;BASES POLIÉSTER
9921;AUTOBASE PLUS MM Q160 PRETO 3,75L-21,46-ST;529657;8;SIKKENS;34;AKZO NOBEL LTDA;20031;BASES POLIÉSTER
9922;AUTOBASE PLUS MM Q190 CONTROLADOR DE FLOP 1L-21,67-ST;529658;8;SIKKENS;34;AKZO NOBEL LTDA;20031;BASES POLIÉSTER
9923;AUTOBASE PLUS MM Q191 CONTROLADOR DE FLOP FORTE 1L-21,67-ST;529659;8;SIKKENS;34;AKZO NOBEL LTDA;20031;BASES POLIÉSTER
23410;AUTOBASE PLUS MM Q196 BRANCO TRANSPARENTE 1L-25,37-ST;556386;8;SIKKENS;34;AKZO NOBEL LTDA;20031;BASES POLIÉSTER
9925;AUTOBASE PLUS MM Q198 GRAFITE PRETO 1L;530587;8;SIKKENS;34;AKZO NOBEL LTDA;20031;BASES POLIÉSTER
9926;AUTOBASE PLUS MM Q231 VERMELHO BRILHANTE 1L-25,37-ST;530588;8;SIKKENS;34;AKZO NOBEL LTDA;20031;BASES POLIÉSTER
9927;AUTOBASE PLUS MM Q232 VERMELHO TRANSPARENTE 1L-25,87-ST;530589;8;SIKKENS;34;AKZO NOBEL LTDA;20031;BASES POLIÉSTER
9928;AUTOBASE PLUS MM Q235 VERMELHO ALARANJADO 1L-25,63-ST;530590;8;SIKKENS;34;AKZO NOBEL LTDA;20031;BASES POLIÉSTER
9929;AUTOBASE PLUS MM Q239 VERMELHO OXIDO 1L-21,94-ST;530591;8;SIKKENS;34;AKZO NOBEL LTDA;20031;BASES POLIÉSTER
9930;AUTOBASE PLUS MM Q271 VERMELHO MARRON 1L-25,37-ST;530592;8;SIKKENS;34;AKZO NOBEL LTDA;20031;BASES POLIÉSTER
9931;AUTOBASE PLUS MM Q279 VERMELHO TRANSPARENTE 1L-25,87-ST;530593;8;SIKKENS;34;AKZO NOBEL LTDA;20031;BASES POLIÉSTER
9932;AUTOBASE PLUS MM Q325 LARANJA ESCURO 1L-25,87-ST;530594;8;SIKKENS;34;AKZO NOBEL LTDA;20031;BASES POLIÉSTER
9934;AUTOBASE PLUS MM Q328 LARANJA  AVERMELHADO TRANSP 1L-25,63-ST;530595;8;SIKKENS;34;AKZO NOBEL LTDA;20031;BASES POLIÉSTER
9935;AUTOBASE PLUS MM Q348 AMARELO ALARANJADO 1L-21,94-ST;530596;8;SIKKENS;34;AKZO NOBEL LTDA;20031;BASES POLIÉSTER
22328;AUTOBASE PLUS MM Q432 AMARELO ESVERDEADO 1L-25,87-ST;537689;8;SIKKENS;34;AKZO NOBEL LTDA;20031;BASES POLIÉSTER
9937;AUTOBASE PLUS MM Q436 AMARELO OXIDO ESCURO 1L-25,37-ST;530598;8;SIKKENS;34;AKZO NOBEL LTDA;20031;BASES POLIÉSTER
9938;AUTOBASE PLUS MM Q437 AMARELO OXIDO BRILHANTE 1L-25,37-ST;530599;8;SIKKENS;34;AKZO NOBEL LTDA;20031;BASES POLIÉSTER
9939;AUTOBASE PLUS MM Q439 AMARELO ALARANJADO 1L-25,63-ST;530600;8;SIKKENS;34;AKZO NOBEL LTDA;20031;BASES POLIÉSTER
9940;AUTOBASE PLUS MM Q452 AMARELO CLARO 1L-21,94-ST;530601;8;SIKKENS;34;AKZO NOBEL LTDA;20031;BASES POLIÉSTER
9941;AUTOBASE PLUS MM Q455 AMARELO BRILHANTE 1L-25,37-ST;530602;8;SIKKENS;34;AKZO NOBEL LTDA;20031;BASES POLIÉSTER
9942;AUTOBASE PLUS MM Q550 VERDE TRANSPARENTE 1L-21,94-ST;530603;8;SIKKENS;34;AKZO NOBEL LTDA;20031;BASES POLIÉSTER
9943;AUTOBASE PLUS MM Q564 VERDE ESCURO 1L-21,94-ST;530604;8;SIKKENS;34;AKZO NOBEL LTDA;20031;BASES POLIÉSTER
85032;AUTOBASE PLUS MM Q653 AZUL ESVERDEADO 1L-25,37-ST;599623;8;SIKKENS;34;AKZO NOBEL LTDA;20031;BASES POLIÉSTER
9945;AUTOBASE PLUS MM Q671 AZUL TRANSPARENTE 1L-25,37-ST;530606;8;SIKKENS;34;AKZO NOBEL LTDA;20031;BASES POLIÉSTER
9946;AUTOBASE PLUS MM Q673 AZUL BRILHANTE 1L-25,63-ST;530607;8;SIKKENS;34;AKZO NOBEL LTDA;20031;BASES POLIÉSTER
23785;AUTOBASE PLUS MM Q680 VIOLETA TRANSPARENTE 1L -  25,63-ST;576629;8;SIKKENS;34;AKZO NOBEL LTDA;20031;BASES POLIÉSTER
9949;AUTOBASE PLUS MM Q725 MARRON BRILHANTE 1L-25,37-ST;530609;8;SIKKENS;34;AKZO NOBEL LTDA;20031;BASES POLIÉSTER
9950;AUTOBASE PLUS MM Q726 VIOLETA AVERMELHADO 1L-25,63-ST;530610;8;SIKKENS;34;AKZO NOBEL LTDA;20031;BASES POLIÉSTER
9951;AUTOBASE PLUS MM Q766 VIOLETA AZULADO 1L-25,63-ST;530611;8;SIKKENS;34;AKZO NOBEL LTDA;20031;BASES POLIÉSTER
9952;AUTOBASE PLUS MM Q811B METALICO EXTRA FINO 1L-21,94-ST;529660;8;SIKKENS;34;AKZO NOBEL LTDA;20031;BASES POLIÉSTER
9953;AUTOBASE PLUS MM Q811E METALICO FINO 3,75 L-21,67-ST;529661;8;SIKKENS;34;AKZO NOBEL LTDA;20031;BASES POLIÉSTER
9954;AUTOBASE PLUS MM Q811J METALICO MEDIO 3,75L-21,67-ST;529662;8;SIKKENS;34;AKZO NOBEL LTDA;20031;BASES POLIÉSTER
9955;AUTOBASE PLUS MM Q811M METALICO GRAUDO BRILHANTE 1L-21,67-ST;529663;8;SIKKENS;34;AKZO NOBEL LTDA;20031;BASES POLIÉSTER
9956;AUTOBASE PLUS MM Q811P METALICO GRAUDO 3,75L-21,67-ST;529664;8;SIKKENS;34;AKZO NOBEL LTDA;20031;BASES POLIÉSTER
9957;AUTOBASE PLUS MM Q811R METALICO MUITO GRAUDO 1L-21,67-ST;529665;8;SIKKENS;34;AKZO NOBEL LTDA;20031;BASES POLIÉSTER
9960;AUTOBASE PLUS MM Q843H DOURADO METALICO 1L-25,37-ST;530613;8;SIKKENS;34;AKZO NOBEL LTDA;20031;BASES POLIÉSTER
85582;Autobase Plus MM Q879NG SEC Turquoise To Gold 0.5L UN 1263 T;531126;8;SIKKENS;34;AKZO NOBEL LTDA;20031;BASES POLIÉSTER
9961;AUTOBASE PLUS MM Q911H PRATA GRAUDO 1L-25,63-ST;530614;8;SIKKENS;34;AKZO NOBEL LTDA;20031;BASES POLIÉSTER
9962;AUTOBASE PLUS MM Q911M PEROLA BRANCA 1L-21,67-ST;529666;8;SIKKENS;34;AKZO NOBEL LTDA;20031;BASES POLIÉSTER
9963;AUTOBASE PLUS MM Q914C PEROLA BRANCA FINA 1L-21,94-ST;530615;8;SIKKENS;34;AKZO NOBEL LTDA;20031;BASES POLIÉSTER
9964;AUTOBASE PLUS MM Q914F PEROLA BRANCA CLARA 1L-21,94-ST;530616;8;SIKKENS;34;AKZO NOBEL LTDA;20031;BASES POLIÉSTER
9965;AUTOBASE PLUS MM Q922F PEROLA VERMELHA 1L-21,94-ST;530617;8;SIKKENS;34;AKZO NOBEL LTDA;20031;BASES POLIÉSTER
9966;AUTOBASE PLUS MM Q922M PEROLA VERMELHA MEDIA 1L-21,94-ST;529667;8;SIKKENS;34;AKZO NOBEL LTDA;20031;BASES POLIÉSTER
9967;AUTOBASE PLUS MM Q923H PEROLA VERMELHA GRAUDA 1L-25,63-ST;530618;8;SIKKENS;34;AKZO NOBEL LTDA;20031;BASES POLIÉSTER
9968;AUTOBASE PLUS MM Q925M PEROLA VERMELHA 1L-21,94-ST;530619;8;SIKKENS;34;AKZO NOBEL LTDA;20031;BASES POLIÉSTER
9970;AUTOBASE PLUS MM Q933F PEROLA MARROM AVERMELHADA 1L-21,94-ST;530621;8;SIKKENS;34;AKZO NOBEL LTDA;20031;BASES POLIÉSTER
9971;AUTOBASE PLUS MM Q933M PEROLA MARRON MEDIA 1L-25,37-ST;530622;8;SIKKENS;34;AKZO NOBEL LTDA;20031;BASES POLIÉSTER
9972;AUTOBASE PLUS MM Q941F PEROLA OURO FINA 1L-21,94-ST;530623;8;SIKKENS;34;AKZO NOBEL LTDA;20031;BASES POLIÉSTER
9973;AUTOBASE PLUS MM Q941H EFEITO OURO 1L-25,63-ST;530624;8;SIKKENS;34;AKZO NOBEL LTDA;20031;BASES POLIÉSTER
9974;AUTOBASE PLUS MM Q941M PEROLA OURO MEDIA 1L-25,63-ST;530625;8;SIKKENS;34;AKZO NOBEL LTDA;20031;BASES POLIÉSTER
9975;AUTOBASE PLUS MM Q943M PEROLA DOURADA 1L-21,94-ST;530626;8;SIKKENS;34;AKZO NOBEL LTDA;20031;BASES POLIÉSTER
9976;AUTOBASE PLUS MM Q951F PEROLA VERDE MEDIA 1L-21,94-ST;530627;8;SIKKENS;34;AKZO NOBEL LTDA;20031;BASES POLIÉSTER
9977;AUTOBASE PLUS MM Q951H PEROLA VERDE 1L-21,94-ST;530628;8;SIKKENS;34;AKZO NOBEL LTDA;20031;BASES POLIÉSTER
9978;AUTOBASE PLUS MM Q952M PEROLA VERDE VERMELHA 1L-21,94-ST;530629;8;SIKKENS;534;AKZO NOBEL LTDA;20031;BASES POLIÉSTER
24306;AUTOBASE PLUS MM Q952N PEROLA VERDE AZUL SIKKENS-25,87-ST;546430;8;SIKKENS;34;AKZO NOBEL LTDA;20031;BASES POLIÉSTER
21369;AUTOBASE PLUS MM Q954G PEROLA AZUL ESVERDEADA 1L-25,87-ST;530630;8;SIKKENS;34;AKZO NOBEL LTDA;20031;BASES POLIÉSTER
9980;AUTOBASE PLUS MM Q954M PEROLA VERDE BRILHANTE 1L-21,94-ST;530631;8;SIKKENS;34;AKZO NOBEL LTDA;20031;BASES POLIÉSTER
9981;AUTOBASE PLUS MM Q954S PEROLA VERDE MEDIA 1L-21,94-ST;530632;8;SIKKENS;34;AKZO NOBEL LTDA;20031;BASES POLIÉSTER
9982;AUTOBASE PLUS MM Q961H EFEITO AZUL 1L-25,37-ST;530633;8;SIKKENS;34;AKZO NOBEL LTDA;20031;BASES POLIÉSTER
21030;AUTOBASE PLUS MM Q964H PEROLA AZUL FINA 1L-25,37-ST;530634;8;SIKKENS;34;AKZO NOBEL LTDA;20031;BASES POLIÉSTER
9984;AUTOBASE PLUS MM Q964R PEROLA AZUL 1L-21,67-ST;529668;8;SIKKENS;34;AKZO NOBEL LTDA;20031;BASES POLIÉSTER
9985;AUTOBASE PLUS MM Q975S PEROLA VIOLETA 1L-21,94-ST;530635;8;SIKKENS;34;AKZO NOBEL LTDA;20031;BASES POLIÉSTER
23658;AUTOCLEAR CLASSIC VERNIZ 18L SIKKENS-21,46-ST;571604;8;SIKKENS;34;AKZO NOBEL LTDA;20034;VERNIZ AUTOMOTIVO
23294;AUTOCLEAR CLASSIC VERNIZ 1L SIKKENS-21,45-ST;557498;8;SIKKENS;34;AKZO NOBEL LTDA;20034;VERNIZ AUTOMOTIVO
23295;AUTOCLEAR CLASSIC VERNIZ 5L SIKKENS-21,46-ST;557499;8;SIKKENS;34;AKZO NOBEL LTDA;20034;VERNIZ AUTOMOTIVO
21860;AUTOCLEAR CLASSIC VERNIZ FAST 900ML SIKKENS-21,46-ST;529802;8;SIKKENS;34;AKZO NOBEL LTDA;20034;VERNIZ AUTOMOTIVO
84551;AUTOCLEAR CLASSIC VERNIZ FOSCO 900ML SIKKENS 21,46-ST;595136;8;SIKKENS;34;AKZO NOBEL LTDA;20034;VERNIZ AUTOMOTIVO
23970;AUTOCLEAR LIGHT 400ML AEROSOL SIKKENS -21,94-ST;562595;8;SIKKENS;534;AKZO NOBEL LTDA;20034;VERNIZ AUTOMOTIVO
20241;AUTOCLEAR PLUS HS 1LT SIKKENS-21,46-ST;529799;8;SIKKENS;34;AKZO NOBEL LTDA;20034;VERNIZ AUTOMOTIVO
20194;AUTOCLEAR PLUS HS 5LTS SIKKENS-21,46-ST;529801;8;SIKKENS;34;AKZO NOBEL LTDA;20034;VERNIZ AUTOMOTIVO
23289;AUTOCLEAR VERNIZ RAPIDO 5L SIKKENS -25,37-ST;530637;8;SIKKENS;534;AKZO NOBEL LTDA;20034;VERNIZ AUTOMOTIVO
84714;AUTOCOAT BT 090 MM 01 - BINDER 18L UN 1263 TINTA 3 II;541210;1;WANDA;34;AKZO NOBEL LTDA;20032;BASES PU
23027;AUTOCOAT BT 100 MM 00 - FOSQUEANTE 3,75L;529811;1;WANDA;34;AKZO NOBEL LTDA;20032;BASES PU
84685;AUTOCOAT BT 100 MM 05 - BINDER 3,75L;529815;1;WANDA;34;AKZO NOBEL LTDA;20032;BASES PU
23002;AUTOCOAT BT 100 MM 10 - BRANCO 3,75L;529819;1;WANDA;34;AKZO NOBEL LTDA;20032;BASES PU
23003;AUTOCOAT BT 100 MM 15 - PRETO 3,75L;529821;1;WANDA;34;AKZO NOBEL LTDA;20032;BASES PU
23004;AUTOCOAT BT 100 MM 16 - PRETO PROFUNDO 3,75L;529822;1;WANDA;34;AKZO NOBEL LTDA;20032;BASES PU
23005;AUTOCOAT BT 100 MM 19 - PRETO ESPECIAL 3,75L;529823;1;WANDA;34;AKZO NOBEL LTDA;20032;BASES PU
23006;AUTOCOAT BT 100 MM 23 - VERMELHO OXIDO 3,75L;529824;1;WANDA;34;AKZO NOBEL LTDA;20032;BASES PU
23007;AUTOCOAT BT 100 MM 28 - VERMELHO LIMPO 3,75L;529825;1;WANDA;34;AKZO NOBEL LTDA;20032;BASES PU
23008;AUTOCOAT BT 100 MM 29 - VERMELHO INTENSO 3,75L;529826;1;WANDA;534;AKZO NOBEL LTDA;20032;BASES PU
23009;AUTOCOAT BT 100 MM 34 - LARANJA 3,75L;529828;1;WANDA;34;AKZO NOBEL LTDA;20032;BASES PU
23010;AUTOCOAT BT 100 MM 40 - AMARELO CLARO 3,75L-21,94-ST;529830;1;WANDA;34;AKZO NOBEL LTDA;20032;BASES PU
87253;AUTOCOAT BT 100 MM 41 - AMARELO CLARO 3,75L;611835;1;WANDA;34;AKZO NOBEL LTDA;20032;BASES PU
23011;AUTOCOAT BT 100 MM 42 - AMARELO OXIDO 3,75L;529832;1;WANDA;34;AKZO NOBEL LTDA;20032;BASES PU
23012;AUTOCOAT BT 100 MM 43 - AMARELO AVERMELHADO 3,75L-21,94-ST;529834;1;WANDA;34;AKZO NOBEL LTDA;20032;BASES PU
23013;AUTOCOAT BT 100 MM 45 - AMARELO BRILHANTE 3,75L;529836;1;WANDA;34;AKZO NOBEL LTDA;20032;BASES PU
23050;AUTOCOAT BT 100 MM 56 - VERDE 3,75L;529838;1;WANDA;34;AKZO NOBEL LTDA;20032;BASES PU
23014;AUTOCOAT BT 100 MM 61 - AZUL AVERMELHADO II 3,75L;529839;1;WANDA;34;AKZO NOBEL LTDA;20032;BASES PU
23015;AUTOCOAT BT 100 MM 65 - AZUL 3,75L;529841;1;WANDA;34;AKZO NOBEL LTDA;20032;BASES PU
23016;AUTOCOAT BT 100 MM 71 - ROSA 3,75L-21,94-ST;529842;1;WANDA;34;AKZO NOBEL LTDA;20032;BASES PU
23017;AUTOCOAT BT 100 MM 72 - VIOLETA AVERMELHADO 3,75L;529843;1;WANDA;34;AKZO NOBEL LTDA;20032;BASES PU
23019;AUTOCOAT BT 100 MM 76 - VIOLETA 3,75L;529845;1;WANDA;34;AKZO NOBEL LTDA;20032;BASES PU
23025;AUTOCOAT BT 78 - TEXTURA 3,6L;529880;1;WANDA;534;AKZO NOBEL LTDA;20032;BASES PU
22642;Autocoat BT Techfleet MM 5007 Base Epoxi 3,6L-21,94-ST;530513;66;TECH FLEET;534;AKZO NOBEL LTDA;20033;BASES LACA / SINTETICO / TECH FLEET
22621;Autocoat BT Techfleet MM 7000 Base PU 18L-21,94-ST;529932;66;TECH FLEET;34;AKZO NOBEL LTDA;20033;BASES LACA / SINTETICO / TECH FLEET
22636;Autocoat BT Techfleet MM 7002 Base PU Fosca 3.6L-21,94-ST;529933;66;TECH FLEET;34;AKZO NOBEL LTDA;20033;BASES LACA / SINTETICO / TECH FLEET
22622;Autocoat BT Techfleet MM 7100 Branco 3,6L-21,94-ST;529934;66;TECH FLEET;34;AKZO NOBEL LTDA;20033;BASES LACA / SINTETICO / TECH FLEET
22627;Autocoat BT Techfleet MM 7210 Vermelho Oxido 3.6L-21,94-ST;529935;66;TECH FLEET;534;AKZO NOBEL LTDA;20033;BASES LACA / SINTETICO / TECH FLEET
22628;AUTOCOAT BT TECHFLEET MM 7220 VERMELHO LIMPO 3.6L;4164;66;TECH FLEET;34;AKZO NOBEL LTDA;20033;BASES LACA / SINTETICO / TECH FLEET
22635;Autocoat BT Techfleet MM 7300 Laranja 3.6L-21,94-ST;529937;66;TECH FLEET;34;AKZO NOBEL LTDA;20033;BASES LACA / SINTETICO / TECH FLEET
22629;Autocoat BT Techfleet MM 7400 Amarelo Oxido 3.6L-21,94-ST;529938;66;TECH FLEET;34;AKZO NOBEL LTDA;20033;BASES LACA / SINTETICO / TECH FLEET
22630;Autocoat BT Techfleet MM 7440 Amarelo Avermelhado 3.6L-21,94-ST;529939;66;TECH FLEET;34;AKZO NOBEL LTDA;20033;BASES LACA / SINTETICO / TECH FLEET
22624;Autocoat BT Techfleet MM 7450 Amarelo Brilhante 3.6L-21,94-ST;529940;66;TECH FLEET;34;AKZO NOBEL LTDA;20033;BASES LACA / SINTETICO / TECH FLEET
22631;Autocoat BT Techfleet MM 7460 Amarelo Medio 3.6L-21,94-ST;529941;66;TECH FLEET;34;AKZO NOBEL LTDA;20033;BASES LACA / SINTETICO / TECH FLEET
22658;Autocoat BT Techfleet MM 7500 Verde 3.6L-21,94-ST;529942;66;TECH FLEET;34;AKZO NOBEL LTDA;20033;BASES LACA / SINTETICO / TECH FLEET
22625;Autocoat BT Techfleet MM 7600 Azul Esverdeado 3.6L-21,94-ST;529943;66;TECH FLEET;34;AKZO NOBEL LTDA;20033;BASES LACA / SINTETICO / TECH FLEET
22626;Autocoat BT Techfleet MM 7610 Azul Avermelhado 3.6L-21,94-ST;529944;66;TECH FLEET;34;AKZO NOBEL LTDA;20033;BASES LACA / SINTETICO / TECH FLEET
22632;Autocoat BT Techfleet MM 7730 Rosa 3.6L-21,94-ST;529945;66;TECH FLEET;34;AKZO NOBEL LTDA;20033;BASES LACA / SINTETICO / TECH FLEET
22633;Autocoat BT Techfleet MM 7750 Violeta 3.6L-21,94-ST;529946;66;TECH FLEET;34;AKZO NOBEL LTDA;20033;BASES LACA / SINTETICO / TECH FLEET
22634;Autocoat BT Techfleet MM 7760 Violeta Avermelhado 3.6L-21,94-ST;529947;66;TECH FLEET;34;AKZO NOBEL LTDA;20033;BASES LACA / SINTETICO / TECH FLEET
22623;Autocoat BT Techfleet MM 7800 Preto 3.6L-21,94-ST;529948;66;TECH FLEET;34;AKZO NOBEL LTDA;20033;BASES LACA / SINTETICO / TECH FLEET
22637;Autocoat BT Techfleet MM 7910 Aluminio Fino 3.6L-21,94-ST;529949;66;TECH FLEET;34;AKZO NOBEL LTDA;20033;BASES LACA / SINTETICO / TECH FLEET
22638;Autocoat BT Techfleet MM 7920 Aluminio Medio 3.6L-21,94-ST;529950;66;TECH FLEET;34;AKZO NOBEL LTDA;20033;BASES LACA / SINTETICO / TECH FLEET
22639;Autocoat BT Techfleet MM 7930 Aluminio Graudo 3.6L-21,94-ST;529951;66;TECH FLEET;34;AKZO NOBEL LTDA;20033;BASES LACA / SINTETICO / TECH FLEET
22645;Autocoat BT Techfleet MM 8004 Base Sintetico 18L-21,94-ST;530515;66;TECH FLEET;34;AKZO NOBEL LTDA;20033;BASES LACA / SINTETICO / TECH FLEET
22646;Autocoat BT Techfleet MM 8005 Binder Sintetico Fosco 3.6L-21,94-ST;529952;66;TECH FLEET;34;AKZO NOBEL LTDA;20033;BASES LACA / SINTETICO / TECH FLEET
22640;AUTOCOAT BT TECHFLEET MM 9006 BINDER LACA NITRO 18L-21,94-STA;529953;66;TECH FLEET;34;AKZO NOBEL LTDA;20033;BASES LACA / SINTETICO / TECH FLEET
243;AUTOCOAT BT TECHFLEET MM 9007 BINDER LACA FOSCO 3,600ML-21,94-ST;571783;66;TECH FLEET;34;AKZO NOBEL LTDA;20033;BASES LACA / SINTETICO / TECH FLEET
22650;AUTOCOAT BT TECHFLEET SECANTE P/ SINTETICO 0,9L;529929;66;TECH FLEET;34;AKZO NOBEL LTDA;20032;BASES PU
20892;AUTOWAVE ACTIVADOR WB SIKKENS 1L;537345;8;SIKKENS;534;AKZO NOBEL LTDA;20015;CATALISADORES INDIVIDUAS
20850;AUTOWAVE MM 00 BRANCO 1L-24,45-ST;530641;8;SIKKENS;534;AKZO NOBEL LTDA;20053;BASE DÁGUA
20852;AUTOWAVE MM 245 PRETO PROFUNDO 1L-24,45-ST;530644;8;SIKKENS;534;AKZO NOBEL LTDA;20053;BASE DÁGUA
20853;AUTOWAVE MM 254 LARANJA ESCURO 0,5L-24,45-ST;530645;8;SIKKENS;534;AKZO NOBEL LTDA;20053;BASE DÁGUA
22262;AUTOWAVE MM 266 AMARELO ESVERDEADO 0,5L-24,45-ST;537690;8;SIKKENS;534;AKZO NOBEL LTDA;20053;BASE DÁGUA
20855;AUTOWAVE MM 296 AMARELO CLARO 0,5L-24,45-ST;530647;8;SIKKENS;534;AKZO NOBEL LTDA;20053;BASE DÁGUA
20894;AUTOWAVE MM 332BA PEROLA AZUL FINA 1L-24,45-ST;530648;8;SIKKENS;534;AKZO NOBEL LTDA;20053;BASE DÁGUA
20895;AUTOWAVE MM 332GA PEROLA VERDE MEDIA 0,5L-24,45-ST;530649;8;SIKKENS;534;AKZO NOBEL LTDA;20053;BASE DÁGUA
20896;AUTOWAVE MM 332GB PEROLA VERDE FINA 0,5L-24,45-ST;530650;8;SIKKENS;534;AKZO NOBEL LTDA;20053;BASE DÁGUA
20897;AUTOWAVE MM 332RA PEROLA VERMELHA GRAUDA 0,5L-24,45-ST;530651;8;SIKKENS;534;AKZO NOBEL LTDA;20053;BASE DÁGUA
20899;AUTOWAVE MM 332VA PEROLA VIOLETA 1L-24,45-ST;530652;8;SIKKENS;534;AKZO NOBEL LTDA;20053;BASE DÁGUA
21103;AUTOWAVE MM 332XB EFEITO AZUL MEDIO 0,5L-24,45-ST;530653;8;SIKKENS;534;AKZO NOBEL LTDA;20053;BASE DÁGUA
21104;AUTOWAVE MM 332XG EFEITO DOURADO 0,5L-24,45-ST;530654;8;SIKKENS;534;AKZO NOBEL LTDA;20053;BASE DÁGUA
21105;AUTOWAVE MM 332XS EFEITO BRANCO GRAUDO 0,5L-24,45-ST;530655;8;SIKKENS;534;AKZO NOBEL LTDA;20053;BASE DÁGUA
20900;AUTOWAVE MM 332YA PEROLA DOURADA 0,5L-24,45-ST;530656;8;SIKKENS;534;AKZO NOBEL LTDA;20053;BASE DÁGUA
20889;AUTOWAVE MM 333P PEROLA BRANCA MEDIA 1L-24,45-ST;530657;8;SIKKENS;534;AKZO NOBEL LTDA;20053;BASE DÁGUA
20890;AUTOWAVE MM 333PB PEROLA AZUL 1L-24,45-ST;530658;8;SIKKENS;534;AKZO NOBEL LTDA;20053;BASE DÁGUA
20901;AUTOWAVE MM 333PG PEROLA DOURADA MEDIA 1L-24,45-ST;530659;8;SIKKENS;534;AKZO NOBEL LTDA;20053;BASE DÁGUA
20903;AUTOWAVE MM 334GA PEROLA VERDE BRILHANTE 0,5L-24,45-ST;530661;8;SIKKENS;534;AKZO NOBEL LTDA;20053;BASE DÁGUA
20904;AUTOWAVE MM 334GB PEROLA AZUL ESVERDEADA 0,5L-24,45-ST;530662;8;SIKKENS;534;AKZO NOBEL LTDA;20053;BASE DÁGUA
20902;AUTOWAVE MM 334PR PEROLA VERMELHA FINA 0,5L-24,45-ST;530663;8;SIKKENS;534;AKZO NOBEL LTDA;20053;BASE DÁGUA
20905;AUTOWAVE MM 334RA PEROLA MARRON FINA 0,5L-24,45-ST;530664;8;SIKKENS;534;AKZO NOBEL LTDA;20053;BASE DÁGUA
20907;AUTOWAVE MM 334RC PEROLA VERDE MEDIA 0,5L;530666;8;SIKKENS;534;AKZO NOBEL LTDA;20053;BASE DÁGUA
23659;AUTOWAVE MM 334RE 0,5L SIKKENS-24,45-ST;545985;8;SIKKENS;534;AKZO NOBEL LTDA;20053;BASE DÁGUA
20909;AUTOWAVE MM 334WA PEROLA BRANCA EXTRA FINA 0,5L-24,45-ST;530667;8;SIKKENS;534;AKZO NOBEL LTDA;20053;BASE DÁGUA
20910;AUTOWAVE MM 334WB PEROLA BRANCA CLARA FINA 0,5L-24,45-ST;530668;8;SIKKENS;534;AKZO NOBEL LTDA;20053;BASE DÁGUA
20911;AUTOWAVE MM 334ZA GRAFITE PRETO 0,5L-24,45-ST;530670;8;SIKKENS;534;AKZO NOBEL LTDA;20053;BASE DÁGUA
20856;AUTOWAVE MM 335 AMARELO BRILHANTE 0,5L-24,45-ST;530671;8;SIKKENS;534;AKZO NOBEL LTDA;20053;BASE DÁGUA
20863;AUTOWAVE MM 342 AZUL AVIOLETADO 1L-24,45-ST;530672;8;SIKKENS;534;AKZO NOBEL LTDA;20053;BASE DÁGUA
21317;AUTOWAVE MM 355 VERMELHO BRILHANTE 1L-24,45-ST;530674;8;SIKKENS;534;AKZO NOBEL LTDA;20053;BASE DÁGUA
20868;AUTOWAVE MM 361 AMARELO ALARANJADO 0,5L-24,45-ST;530676;8;SIKKENS;534;AKZO NOBEL LTDA;20053;BASE DÁGUA
20869;AUTOWAVE MM 379 AZUL ESVERDEADO 1L-24,45-ST;530677;8;SIKKENS;534;AKZO NOBEL LTDA;20053;BASE DÁGUA
20870;AUTOWAVE MM 400 PRETO 1L-24,45-ST;530678;8;SIKKENS;534;AKZO NOBEL LTDA;20053;BASE DÁGUA
24346;AUTOWAVE MM 535 1L-20,56-ST;585478;8;SIKKENS;534;AKZO NOBEL LTDA;20053;BASE DÁGUA
20873;AUTOWAVE MM 537 MARRON BRILHANTE 1L-24,45-ST;530681;8;SIKKENS;534;AKZO NOBEL LTDA;20053;BASE DÁGUA
20874;AUTOWAVE MM 558 AMARELO OXIDO 0,5L-24,45-ST;530682;8;SIKKENS;534;AKZO NOBEL LTDA;20053;BASE DÁGUA
20875;AUTOWAVE MM 568 LARANJA AVERMELHADO 0,5L-24,45-ST;530683;8;SIKKENS;534;AKZO NOBEL LTDA;20053;BASE DÁGUA
20877;AUTOWAVE MM 575 AZUL TRANSPARENTE 1L-24,45-ST;530684;8;SIKKENS;534;AKZO NOBEL LTDA;20053;BASE DÁGUA
20878;AUTOWAVE MM 577 VERDE TRANSPARENTE 1L-24,45-ST;530685;8;SIKKENS;534;AKZO NOBEL LTDA;20053;BASE DÁGUA
20879;AUTOWAVE MM 579 AMARELO ALARANJADO 0,5L-24,45-ST;530686;8;SIKKENS;534;AKZO NOBEL LTDA;20053;BASE DÁGUA
20880;AUTOWAVE MM 599 VERMELHO MARROM 0,5L-24,45-ST;530687;8;SIKKENS;534;AKZO NOBEL LTDA;20053;BASE DÁGUA
20881;AUTOWAVE MM 666 BINDER 3,75L-24,45-ST;530688;8;SIKKENS;534;AKZO NOBEL LTDA;20053;BASE DÁGUA
21101;AUTOWAVE MM 732 VERDE ESCURO 1L-24,45-ST;530689;8;SIKKENS;534;AKZO NOBEL LTDA;20053;BASE DÁGUA
20882;AUTOWAVE MM 744 PRETO 1L-24,45-ST;530690;8;SIKKENS;534;AKZO NOBEL LTDA;20053;BASE DÁGUA
20883;AUTOWAVE MM 777 CONTROLADOR DE FLOP 1L-24,45-ST;530691;8;SIKKENS;534;AKZO NOBEL LTDA;20053;BASE DÁGUA
20912;AUTOWAVE MM 888C ALUMINIO FINO 1L-25,87-ST;530692;8;SIKKENS;534;AKZO NOBEL LTDA;20053;BASE DÁGUA
20891;AUTOWAVE MM 888CC ALUMINIO GRAUDO 1L-25,87-ST;530693;8;SIKKENS;534;AKZO NOBEL LTDA;20053;BASE DÁGUA
20914;AUTOWAVE MM 888DF ALUMINIO MEDIO BRILHANTE 1L-25,87-ST;530695;8;SIKKENS;534;AKZO NOBEL LTDA;20053;BASE DÁGUA
20916;AUTOWAVE MM 888MS ALUMINIO EXTRA FINO 1L-25,87-ST;530697;8;SIKKENS;534;AKZO NOBEL LTDA;20053;BASE DÁGUA
21108;AUTOWAVE MM 888YA DOURADO METALICO 1L-25,87-ST;530698;8;SIKKENS;534;AKZO NOBEL LTDA;20053;BASE DÁGUA
20885;AUTOWAVE MM 954 VIOLETA AVERMELHADO 1L-24,45-ST;530700;8;SIKKENS;534;AKZO NOBEL LTDA;20053;BASE DÁGUA
20886;AUTOWAVE MM 971 VIOLETA AZULADO 1L-24,45-ST;530701;8;SIKKENS;534;AKZO NOBEL LTDA;20053;BASE DÁGUA
20893;AUTOWAVE MM 980 AZUL ESCURO TRANSPARENTE 1L-24,45-ST;530703;8;SIKKENS;534;AKZO NOBEL LTDA;20053;BASE DÁGUA
21805;BACK TO BLACK RESTAURADOR DE PLASTICOS;303540058;17;AUTO AMERICA;30;AUTOAMERICA IMP.EXP. DE PROD. AUTO. LTDA;20006;CERA  / LIMPEZA /  POLIMENTO VEICULAR
24226;BACTRAN 1,5L VONIXX;2011047;10;VONIXX;425;VONIXX INDUSTRIA E COMERCIO DE POLIDORES LTDA;20011;LINHA DE HIGENIZAÇÃO E ESTÉTICA  AUTOMOTIVA VONIX
22239;BALANÇA SARTORIUS PMA7501 EVOLUTION;9,00935E+11;999999;.;34;AKZO NOBEL LTDA;20028;APLICADORES / ADAPTADORES / ENGATES / SUPORTES
23982;BALANÇA SARTORIUS PMA7501 EVOLUTION;9,00935E+11;57;SKY;521;SKYLACK TINTAS E VERNIZES LTDA;20058;OUTRAS FERRAMENTAS / EQUIPAMENTOS
23559;BALANÇA TOLEDO;2014237;1;WANDA;34;AKZO NOBEL LTDA;20028;APLICADORES / ADAPTADORES / ENGATES / SUPORTES
249;BALDE REFORÇADO;13445;51;START;112;COM.ALVORADA LIMPEZA E DESCARTAVEIS;999999;GRUPO CONVERSAO
85274;BANDEJA P/ PINTURA DE PLASTICO AZUL 250ML AT1412A ATLAS;AT1412A;35;ATLAS;8;PINCEIS ATLAS S.A.;30028;ROLOS / TRINCHAS / PINCÉIS / ESPÁTULAS
85053;BANDEJA P/ PINTURA DE PLASTICO PRETA 1,3L 1415 ATLAS;1415P;35;ATLAS;80000522;ATLAS S.A.;30028;ROLOS / TRINCHAS / PINCÉIS / ESPÁTULAS
84438;BANDEJA P/ PINTURA DE PLASTICO PRETA 2,7L 1523P ATLAS;1523P;35;ATLAS;80000522;ATLAS S.A.;30028;ROLOS / TRINCHAS / PINCÉIS / ESPÁTULAS
85054;BANDEJA P/ PINTURA DE PLASTICO PRETA 3,6L 1534P ATLAS;1534P;35;ATLAS;80000522;ATLAS S.A.;30028;ROLOS / TRINCHAS / PINCÉIS / ESPÁTULAS
23981;BANNER SKY;9,01E+11;57;SKY;521;SKYLACK TINTAS E VERNIZES LTDA;20058;OUTRAS FERRAMENTAS / EQUIPAMENTOS
87230;BANQUETA FIXA RETANGULAR CAPACIDADE ATÉ 100KG PDR;PRO-952;800056;PDR;11000416;BERLINER DO BRASIL MOTORES LTDA;20023;PISTOLAS
87229;BANQUETA REGULAVEL CIRCULAR CAPACIDADE ATÉ 100KG PDR;PRO-950;800056;PDR;11000416;BERLINER DO BRASIL MOTORES LTDA;20023;PISTOLAS
24215;BARBANTE NATURAL;51035;31;UTILER;295;UTILER - UTILIDADES DE LEITURA E ESCRITA LTDA;999999;GRUPO CONVERSAO
23927;BARRA DESCONTAMINANTE 100G VINTEX;2011093;10;VONIXX;425;VONIXX INDUSTRIA E COMERCIO DE POLIDORES LTDA;20011;LINHA DE HIGENIZAÇÃO E ESTÉTICA  AUTOMOTIVA VONIX
85312;BASE A SEMIBRILHO BORRACHA LIQUIDA LATA 16,2L BRASILUX;BA 620525833;67;BRASILUX;556;BRASILUX TINTAS TECNICAS LTDA;30007;TINTA EMBORRACHADA
85214;BASE A2 ACRILICO ACETINADO TQ DE SEDA 16L SUVINIL;100192;800057;SUVINIL;11000427;CAPITAL ATACADISTA DA CONSTRUCAO LTDA;30003;TINTA PARA PISO
87371;BASE A2 ACRILICO FACHADA PROTEGIDA EMBORRACHADA 16L SUVINIL;130860;800057;SUVINIL;11000427;CAPITAL ATACADISTA DA CONSTRUCAO LTDA;30003;TINTA PARA PISO
85215;BASE A2 ACRILICO RENDE COBRE MUITO 16L SUVINIL;121679;800057;SUVINIL;11000427;CAPITAL ATACADISTA DA CONSTRUCAO LTDA;30003;TINTA PARA PISO
85270;BASE EFEITO MARMORE 4KG BRASILUX;TM 460000135;67;BRASILUX;556;BRASILUX TINTAS TECNICAS LTDA;30006;BASES IMOBILIÁRIAS
84458;BASE TEXTURA DESIGN BALDE 25KG BRASILUX;TX 460000290;67;BRASILUX;556;BRASILUX TINTAS TECNICAS LTDA;30023;TEXTURA
84924;BASE TEXTURA RISCADA BALDE 25KG BRASILUX;TX 460500190;67;BRASILUX;556;BRASILUX TINTAS TECNICAS LTDA;30023;TEXTURA
10001;BASEFIX ADITIVO MULTIFUNCIONAL 01LT SIKKENS;529809;8;SIKKENS;534;AKZO NOBEL LTDA;20031;BASES POLIÉSTER
20099;BATIDA DE PEDRA 900ML MAXI RUBBER;4MA031;6;MAXI RUBBER;11000387;MAXI RUBBER INDUSTRIAS QUIMICAS LTDA;20038;BATIDA DE PEDRA
9801;BATIDA DE PEDRA 900ML WANDA-20,77-ST;482033;1;WANDA;34;AKZO NOBEL LTDA;20038;BATIDA DE PEDRA
23882;BATIDA DE PEDRA BASE SOLVENTE 900ML MAXI RUBBER;4MA047;6;MAXI RUBBER;11000387;MAXI RUBBER INDUSTRIAS QUIMICAS LTDA;20038;BATIDA DE PEDRA
87088;BICO ATOMIZADOR PSG GRAVITACIONAL 1.2 AZUL 26712 3M;HB004700678;4;3M;36;3M DO BRASIL LTDA;20023;PISTOLAS
87050;BICO ATOMIZADOR PSG GRAVITACIONAL 1.3 VERDE 26713 3M;HB004700686;4;3M;36;3M DO BRASIL LTDA;20023;PISTOLAS
87051;BICO ATOMIZADOR PSG GRAVITACIONAL 1.4 LARANJA 26714 3M;HB004700694;4;3M;36;3M DO BRASIL LTDA;20023;PISTOLAS
87313;BICO ATOMIZADOR PSG GRAVITACIONAL FINE FINISH 0.9 26909 3M;HB004839229;4;3M;36;3M DO BRASIL LTDA;20023;PISTOLAS
87314;BICO ATOMIZADOR PSG GRAVITACIONAL FINE FINISH 1.1 26911 3M;HB004839237;4;3M;36;3M DO BRASIL LTDA;20023;PISTOLAS
87089;BICO ATOMIZADOR PSG GRAVITACIONAL FINE FINISH 1.2 26714 3M;HB004797526;4;3M;36;3M DO BRASIL LTDA;20023;PISTOLAS
87090;BICO ATOMIZADOR PSG GRAVITACIONAL FINE FINISH 1.3 26913 3M;HB004797518;4;3M;36;3M DO BRASIL LTDA;20023;PISTOLAS
87315;BICO ATOMIZADOR PSG GRAVITACIONAL FINE FINISH 1.4 26914 3M;HB004797500;4;3M;36;3M DO BRASIL LTDA;20023;PISTOLAS
87316;BICO ATOMIZADOR PSG GRAVITACIONAL FINE FINISH 1.8 26918 3M;HB004839294;4;3M;36;3M DO BRASIL LTDA;20023;PISTOLAS
87317;BICO ATOMIZADOR PSG GRAVITACIONAL FINE FINISH 2.0 26920 3M;HB004839302;4;3M;36;3M DO BRASIL LTDA;20023;PISTOLAS
86976;BICO P/ TORNEIRA JARDIM PVC C/ PORCA PRETA HERC;215;800110;HERC;11000465;IND DE PLASTICOS HERC LTDA;30043;TORNEIRA/DUCHA
24307;BLACKOUT REVITALIZADOR DE PARACHOQUES 100GR AUTOAMERICA;304540002;17;AUTO AMERICA;30;AUTOAMERICA IMP.EXP. DE PROD. AUTO. LTDA;20006;CERA  / LIMPEZA /  POLIMENTO VEICULAR
87191;BLACKOUT SELANTE P/ PNEUS E BORRACHAS 1L AUTOLIMPE;PA224;800136;AUTOLIMPE;565;AUTOLIMPE INDUSTRIA E COMERCIO DE SANEANTES EIRELI;20006;CERA  / LIMPEZA /  POLIMENTO VEICULAR
24227;BLEND ALL IN ONE 500ML VONIXX;2026003;10;VONIXX;425;VONIXX INDUSTRIA E COMERCIO DE POLIDORES LTDA;20011;LINHA DE HIGENIZAÇÃO E ESTÉTICA  AUTOMOTIVA VONIX
24291;BLEND BLACK WAX 100ML VONIXX;2026004;10;VONIXX;425;VONIXX INDUSTRIA E COMERCIO DE POLIDORES LTDA;20011;LINHA DE HIGENIZAÇÃO E ESTÉTICA  AUTOMOTIVA VONIX
83821;BLEND CLEANER WAX 500ML VONIXX;2026028;10;VONIXX;425;VONIXX INDUSTRIA E COMERCIO DE POLIDORES LTDA;20011;LINHA DE HIGENIZAÇÃO E ESTÉTICA  AUTOMOTIVA VONIX
83785;BLEND METAL POLISH 150G VONIXX;2026006;10;VONIXX;425;VONIXX INDUSTRIA E COMERCIO DE POLIDORES LTDA;20011;LINHA DE HIGENIZAÇÃO E ESTÉTICA  AUTOMOTIVA VONIX
24228;BLEND PASTE WAX 100ML VONIXX;2026001;10;VONIXX;425;VONIXX INDUSTRIA E COMERCIO DE POLIDORES LTDA;20011;LINHA DE HIGENIZAÇÃO E ESTÉTICA  AUTOMOTIVA VONIX
83870;BLEND SPRAY 500ML VONIXX;2026002;10;VONIXX;425;VONIXX INDUSTRIA E COMERCIO DE POLIDORES LTDA;20011;LINHA DE HIGENIZAÇÃO E ESTÉTICA  AUTOMOTIVA VONIX
24292;BLEND SPRAY BLACK 500ML VONIXX;2026005;10;VONIXX;425;VONIXX INDUSTRIA E COMERCIO DE POLIDORES LTDA;20011;LINHA DE HIGENIZAÇÃO E ESTÉTICA  AUTOMOTIVA VONIX
64;BLOCO DE ESPUMA MULTIUSO;30681;100017;FOX FORT;138;NOVA CASA DIST.MAT P/ CONST-LTDA;20028;APLICADORES / ADAPTADORES / ENGATES / SUPORTES
23695;BLOCO DE REQUISIÇÃO SAGA;159753;999999;.;99999999;FORNECEDOR CONVERSAO;999999;GRUPO CONVERSAO
23793;BOBINA TERMICA 80X40 PERSONALIZADA;551000090;33;ETITEC;381;ETITEC SOLUCOES INTELIGENTES;999999;GRUPO CONVERSAO
23792;BOBINA TERMICA 80X80 PERSONALIZADA;299192;33;ETITEC;381;ETITEC SOLUCOES INTELIGENTES;999999;GRUPO CONVERSAO
20134;BOINA DE ESPUMA AZUL ULTRAFINA C/VELCRO PN5733 3M;HB004010763;4;3M;36;3M DO BRASIL LTDA;20010;BOINAS PARA POLIMENTO
22558;BOINA DE ESPUMA BRANCA 6P PN33284 3M;HB004403117;4;3M;36;3M DO BRASIL LTDA;20010;BOINAS PARA POLIMENTO
10066;BOINA DE ESPUMA CINZA C/ BORDA PN05738 3M;HB004141766;4;3M;36;3M DO BRASIL LTDA;20010;BOINAS PARA POLIMENTO
85507;BOINA DE ESPUMA CORTE ROTO 5 3M 34122;HB004788616;4;3M;36;3M DO BRASIL LTDA;20010;BOINAS PARA POLIMENTO
23712;BOINA DE ESPUMA FACE UNICA PRETA 8P DT AUTOMOTIVE;FULP8C;46;NEW PAD;473;NEWPAD PRODUTOS AUTOMOTIVOS LTDA;20010;BOINAS PARA POLIMENTO
85508;BOINA DE ESPUMA FINAL ROTO 5 3M 34123;HB004788624;4;3M;36;3M DO BRASIL LTDA;20010;BOINAS PARA POLIMENTO
84840;BOINA DE ESPUMA MONO FACE 5P NORTON;77696000307;11;NORTON;21;SAINT- GOBAIN DO BRASIL PROD. IND. E CONSTR. LTDA;20010;BOINAS PARA POLIMENTO
24261;BOINA DE ESPUMA ROXA ER 6P 3M;HB004674162;4;3M;36;3M DO BRASIL LTDA;20010;BOINAS PARA POLIMENTO
24262;BOINA DE ESPUMA ROXA ER 8P PN33035 3M;HB004674196;4;3M;36;3M DO BRASIL LTDA;20010;BOINAS PARA POLIMENTO
83949;BOINA DE ESPUMA ROXA FACE UNICA 8P PN33036 3M;HB004674246;4;3M;36;3M DO BRASIL LTDA;20010;BOINAS PARA POLIMENTO
22053;BOINA DE ESPUMA VERDE 8P PN33291 3M;HB004359145;4;3M;36;3M DO BRASIL LTDA;20010;BOINAS PARA POLIMENTO
22054;BOINA DE ESPUMA VERDE ER 6P 3M;HB004359459;4;3M;36;3M DO BRASIL LTDA;20010;BOINAS PARA POLIMENTO
85511;"BOINA DE LA DE CORTE ROTO ORBITAL 5"" 34120 3M";HB004788442;4;3M;36;3M DO BRASIL LTDA;20010;BOINAS PARA POLIMENTO
23350;BOINA DUPLA FACE CINZA ER 6P PN33285 3M;HB004403125;4;3M;36;3M DO BRASIL LTDA;20010;BOINAS PARA POLIMENTO
20987;BOINA DUPLA FACE DE ESPUMA AZUL ER 8P PN05708 3M;HB004142012;4;3M;36;3M DO BRASIL LTDA;20010;BOINAS PARA POLIMENTO
22557;BOINA DUPLA FACE DE ESPUMA AZUL ULTRAFINA 6P PN33286 3M;HB004403166;4;3M;36;3M DO BRASIL LTDA;20010;BOINAS PARA POLIMENTO
23353;BOINA DUPLA FACE DE ESPUMA BRANCA ER P/ POLIR 8P PN05706 3M;HB004352538;4;3M;36;3M DO BRASIL LTDA;20010;BOINAS PARA POLIMENTO
20986;BOINA DUPLA FACE DE ESPUMA CINZA ER PN05707 3M;HB004141964;4;3M;36;3M DO BRASIL LTDA;20010;BOINAS PARA POLIMENTO
23713;BOINA DUPLA FACE DE ESPUMA PRETA 8P DT AUTOMOTIVE;NEW SUP8 PTA;46;NEW PAD;473;NEWPAD PRODUTOS AUTOMOTIVOS LTDA;20010;BOINAS PARA POLIMENTO
20985;BOINA DUPLA FACE DE LA AGRESSIVA ER PN05753 3M;HB004141782;4;3M;36;3M DO BRASIL LTDA;20010;BOINAS PARA POLIMENTO
23714;BOINA DUPLA FACE DE LA MISTA 8P DT AUTOMOTIVE;NEW DF 8 MISTA;46;NEW PAD;473;NEWPAD PRODUTOS AUTOMOTIVOS LTDA;20010;BOINAS PARA POLIMENTO
23716;BOINA DUPLA FACE DE LA NORMAL BRANCA 8P DT AUTOMOTIVE;NEW DF 8 NORMAL;46;NEW PAD;473;NEWPAD PRODUTOS AUTOMOTIVOS LTDA;20010;BOINAS PARA POLIMENTO
21849;BOINA DUPLA FACE DE LA NORMAL CLASSIC 8P NORTON;78072722713;11;NORTON;21;SAINT- GOBAIN DO BRASIL PROD. IND. E CONSTR. LTDA;20010;BOINAS PARA POLIMENTO
10067;BOINA DUPLA FACE DE LA NORMAL PN33313 3M;HB004232987;4;3M;36;3M DO BRASIL LTDA;20010;BOINAS PARA POLIMENTO
23715;BOINA DUPLA FACE DE LA SUPER MACIA AMARELA 8P DT AUTOMOTIVE;NEW DF 8 MACIA;46;NEW PAD;473;NEWPAD PRODUTOS AUTOMOTIVOS LTDA;20010;BOINAS PARA POLIMENTO
10068;BOINA DUPLA FACE DE LA SUPER MACIA PN33315 3M;HB004229611;4;3M;36;3M DO BRASIL LTDA;20010;BOINAS PARA POLIMENTO
23640;BOINA DUPLA FACE FIO DE LÃ AMAR MACIA 8 CLASSIC NORTON;78072712014;11;NORTON;21;SAINT- GOBAIN DO BRASIL PROD. IND. E CONSTR. LTDA;1020;....................
20636;BOINA DUPLA FACE LA AGRESSIVA PN33312 3M;HB004229603;4;3M;36;3M DO BRASIL LTDA;20010;BOINAS PARA POLIMENTO
85352;BOINA P/ POLIMENTO DE VIDROS TIPO CARPETE 5P VONIXX;2050444;10;VONIXX;425;VONIXX INDUSTRIA E COMERCIO DE POLIDORES LTDA;20010;BOINAS PARA POLIMENTO
85353;BOINA P/ POLIMENTO DE VIDROS TIPO LONA 5P VONIXX;2050445;10;VONIXX;425;VONIXX INDUSTRIA E COMERCIO DE POLIDORES LTDA;20010;BOINAS PARA POLIMENTO
83786;BOINA VOXER CORTE LEVE AMARELA 5P VONIXX;2005140;10;VONIXX;425;VONIXX INDUSTRIA E COMERCIO DE POLIDORES LTDA;20010;BOINAS PARA POLIMENTO
83787;BOINA VOXER CORTE MEDIO AZUL 5P VONIXX;2005143;10;VONIXX;425;VONIXX INDUSTRIA E COMERCIO DE POLIDORES LTDA;20010;BOINAS PARA POLIMENTO
83871;BOINA VOXER CORTE MEDIO AZUL 6P VONIXX;2005144;10;VONIXX;425;VONIXX INDUSTRIA E COMERCIO DE POLIDORES LTDA;20010;BOINAS PARA POLIMENTO
83788;BOINA VOXER CORTE PESADO VERDE 5P VONIXX;2005146;10;VONIXX;425;VONIXX INDUSTRIA E COMERCIO DE POLIDORES LTDA;20010;BOINAS PARA POLIMENTO
83789;BOINA VOXER LA COM ESPONJA 5P VONIXX;2005149;10;VONIXX;425;VONIXX INDUSTRIA E COMERCIO DE POLIDORES LTDA;20010;BOINAS PARA POLIMENTO
83790;BOINA VOXER LUSTRO AZUL CLARO 5P VONIXX;2005134;10;VONIXX;425;VONIXX INDUSTRIA E COMERCIO DE POLIDORES LTDA;20010;BOINAS PARA POLIMENTO
83791;BOINA VOXER REFINO LARANJA 5P VONIXX;2005137;10;VONIXX;425;VONIXX INDUSTRIA E COMERCIO DE POLIDORES LTDA;20010;BOINAS PARA POLIMENTO
84725;BOINA VOXER REFINO LARANJA 6P VONIXX;2005138;10;VONIXX;425;VONIXX INDUSTRIA E COMERCIO DE POLIDORES LTDA;20010;BOINAS PARA POLIMENTO
84726;BOINA VOXER SUPER LUSTRO VERMELHO  6P VONIXX;2005132;10;VONIXX;425;VONIXX INDUSTRIA E COMERCIO DE POLIDORES LTDA;20010;BOINAS PARA POLIMENTO
83792;BOINA VOXER SUPER LUSTRO VERMELHO 5P VONIXX;2005131;10;VONIXX;425;VONIXX INDUSTRIA E COMERCIO DE POLIDORES LTDA;20010;BOINAS PARA POLIMENTO
23545;BOM AR;27749;29;BRILHOMAX;452;LIMA & PERGHER INDUSTRIAL E COMERCIO;999999;GRUPO CONVERSAO
23553;BORRACHA PLASTICA BRANCA;4972;31;UTILER;522;DJF Comercial de Papelaria Ltda. - ME;999999;GRUPO CONVERSAO
23625;BOTA EVA PTA CANO CURTO Nº 40;10VB48-A-44;999999;.;112;COM.ALVORADA LIMPEZA E DESCARTAVEIS;20027;EPI´S
23829;BOTA PVC PRETA (GALOCHA) Nº36 MARLUVAS;6379036;55;MARLUVAS;508;MARLUVAS EQUIPAMENTOS DE SEGURANÇA LTDA;20027;EPI´S
23830;BOTA PVC PRETA (GALOCHA) Nº37 MARLUVAS;6379037;55;MARLUVAS;508;MARLUVAS EQUIPAMENTOS DE SEGURANÇA LTDA;20027;EPI´S
23831;BOTA PVC PRETA (GALOCHA) Nº38 MARLUVAS;6379038;55;MARLUVAS;508;MARLUVAS EQUIPAMENTOS DE SEGURANÇA LTDA;20027;EPI´S
23832;BOTA PVC PRETA (GALOCHA) Nº40 MARLUVAS;6379040;55;MARLUVAS;532;MARLUVAS EQUIPAMENTOS DE SEGURANÇA LTDA;20027;EPI´S
23833;BOTA PVC PRETA (GALOCHA) Nº41;6379041;55;MARLUVAS;532;MARLUVAS EQUIPAMENTOS DE SEGURANÇA LTDA;20027;EPI´S
23834;BOTA PVC PRETA (GALOCHA) Nº42 MARLUVAS;6379042;55;MARLUVAS;532;MARLUVAS EQUIPAMENTOS DE SEGURANÇA LTDA;20027;EPI´S
23817;BOTINA CADARÇO CANO BAIXO NUBUCK CAFE N°41 MARLUVAS;5433041;55;MARLUVAS;532;MARLUVAS EQUIPAMENTOS DE SEGURANÇA LTDA;20027;EPI´S
24326;BOTINA CADARÇO CANO BAIXO NUBUCK CAFE N°43 MARLUVAS;5433043;55;MARLUVAS;532;MARLUVAS EQUIPAMENTOS DE SEGURANÇA LTDA;20027;EPI´S
84393;BOTINA CADARÇO CANO BAIXO NUBUCK CAFE Nº36 MARLUVAS;700312-36;55;MARLUVAS;532;MARLUVAS EQUIPAMENTOS DE SEGURANÇA LTDA;20027;EPI´S
24221;BOTINA CADARÇO CANO BAIXO NUBUCK CAFE Nº37 MARLUVAS;5433037;55;MARLUVAS;532;MARLUVAS EQUIPAMENTOS DE SEGURANÇA LTDA;20027;EPI´S
23814;BOTINA CADARÇO CANO BAIXO NUBUCK CAFE Nº38 MARLUVAS;5433038;55;MARLUVAS;532;MARLUVAS EQUIPAMENTOS DE SEGURANÇA LTDA;20027;EPI´S
23815;BOTINA CADARÇO CANO BAIXO NUBUCK CAFE Nº39 MARLUVAS;12002;55;MARLUVAS;468;REDE EPI EQUIPAMENTOS DE SEGURANÇA LTDA;20027;EPI´S
23816;BOTINA CADARÇO CANO BAIXO NUBUCK CAFE Nº40 MARLUVAS;5433040;55;MARLUVAS;532;MARLUVAS EQUIPAMENTOS DE SEGURANÇA LTDA;20027;EPI´S
23818;BOTINA CADARÇO CANO BAIXO NUBUCK CAFE Nº42 MARLUVAS;13.07.12.0387;55;MARLUVAS;143;TERRA UTIL. DE MAQUINAS, FERRAMENTAS E UTILID.;20027;EPI´S
24323;BOTINA CADARÇO CANO BAIXO NUBUCK PRETO N°40 MARLUVAS;7064040;55;MARLUVAS;532;MARLUVAS EQUIPAMENTOS DE SEGURANÇA LTDA;20027;EPI´S
24325;BOTINA CADARÇO CANO BAIXO NUBUCK PRETO N°41 MARLUVAS;7064042;55;MARLUVAS;532;MARLUVAS EQUIPAMENTOS DE SEGURANÇA LTDA;20027;EPI´S
24324;BOTINA CADARÇO CANO BAIXO NUBUCK PRETO N°42 MARLUVAS;7064041;55;MARLUVAS;532;MARLUVAS EQUIPAMENTOS DE SEGURANÇA LTDA;20027;EPI´S
83834;BOTINA CADARÇO CANO BAIXO NUBUCK PRETO Nº37 MARLUVAS;700457-37;55;MARLUVAS;532;MARLUVAS EQUIPAMENTOS DE SEGURANÇA LTDA;20027;EPI´S
23825;BOTINA ELASTICO BICO DE AÇO N°39 MARLUVAS;5318039;55;MARLUVAS;508;MARLUVAS EQUIPAMENTOS DE SEGURANÇA LTDA;20027;EPI´S
23827;BOTINA ELASTICO BICO DE AÇO N°41 MARLUVAS;5318041;55;MARLUVAS;508;MARLUVAS EQUIPAMENTOS DE SEGURANÇA LTDA;20027;EPI´S
83996;BOTINA ELASTICO BICO DE AÇO Nº37 MARLUVAS;710;55;MARLUVAS;508;MARLUVAS EQUIPAMENTOS DE SEGURANÇA LTDA;20027;EPI´S
23824;BOTINA ELASTICO BICO DE AÇO Nº38 MARLUVAS;5318038;55;MARLUVAS;508;MARLUVAS EQUIPAMENTOS DE SEGURANÇA LTDA;20027;EPI´S
23826;BOTINA ELASTICO BICO DE AÇO Nº40 MARLUVAS;5318040;55;MARLUVAS;508;MARLUVAS EQUIPAMENTOS DE SEGURANÇA LTDA;20027;EPI´S
23828;BOTINA ELASTICO BICO DE AÇO Nº42 MARLUVAS;5318042;55;MARLUVAS;532;MARLUVAS EQUIPAMENTOS DE SEGURANÇA LTDA;20027;EPI´S
84409;BOTINA ELASTICO BICO DE PVC Nº 35 BIDENS;66786;800107;KADESH;46;CONDOR ATACADISTA LTDA;20027;EPI´S
23888;BOTINA ELASTICO BICO DE PVC Nº 37 MARLUVAS;5317037;55;MARLUVAS;508;MARLUVAS EQUIPAMENTOS DE SEGURANÇA LTDA;20027;EPI´S
23819;BOTINA ELASTICO BICO DE PVC Nº 38 MARLUVAS;5317038;55;MARLUVAS;508;MARLUVAS EQUIPAMENTOS DE SEGURANÇA LTDA;20027;EPI´S
84687;BOTINA ELASTICO BICO DE PVC Nº 39 BIDENS;66780;800107;KADESH;46;CONDOR ATACADISTA LTDA;20027;EPI´S
84688;BOTINA ELASTICO BICO DE PVC Nº 40 BIDENS;66781;800107;KADESH;46;CONDOR ATACADISTA LTDA;20027;EPI´S
84689;BOTINA ELASTICO BICO DE PVC Nº 41 BIDENS;27448;800107;KADESH;468;REDE EPI EQUIPAMENTOS DE SEGURANÇA LTDA;20027;EPI´S
84690;BOTINA ELASTICO BICO DE PVC Nº 42 BIDENS;66783;800107;KADESH;46;CONDOR ATACADISTA LTDA;20027;EPI´S
24223;BOTINA ELASTICO BICO DE PVC Nº 43 BIDENS;66784;800107;KADESH;468;REDE EPI EQUIPAMENTOS DE SEGURANÇA LTDA;20027;EPI´S
24222;BOTINA ELASTICO BICO DE PVC Nº 44 MARLUVAS;5317044;55;MARLUVAS;532;MARLUVAS EQUIPAMENTOS DE SEGURANÇA LTDA;20027;EPI´S
23820;BOTINA ELASTICO BICO DE PVC Nº39 MARLUVAS;5317039;55;MARLUVAS;72;PRIMEIRA LINHA COMERCIAL DE ROLAMENTOS LTDA;20027;EPI´S
23821;BOTINA ELASTICO BICO DE PVC Nº40 MARLUVAS;5317040;55;MARLUVAS;46;CONDOR ATACADISTA LTDA;20027;EPI´S
23822;BOTINA ELASTICO BICO DE PVC Nº41 BIDENS;5317041;55;MARLUVAS;468;REDE EPI EQUIPAMENTOS DE SEGURANÇA LTDA;20027;EPI´S
23823;BOTINA ELASTICO BICO DE PVC Nº42 MARLUVAS;5317042;55;MARLUVAS;46;CONDOR ATACADISTA LTDA;20027;EPI´S
89;BP AMARELO IMOLA LISA VW 06 0,900ML SKY-21,94-ST;2,1002E+11;57;SKY;521;SKYLACK TINTAS E VERNIZES LTDA;20002;TINTAS POLIÉSTER
23373;BP AZUL BUZIOS FIAT 2000 900ML WANDA-21,45-ST;529520;1;WANDA;34;AKZO NOBEL LTDA;20002;TINTAS POLIÉSTER
101;BP BEGE ARTIO MET. GM 09 0,900ML SKY-21,94-ST;2,11049E+11;57;SKY;521;SKYLACK TINTAS E VERNIZES LTDA;20002;TINTAS POLIÉSTER
88;BP BEGE DESERT MET. GM 11/16 0,900ML SKY-21,94-ST;2,1104E+11;57;SKY;521;SKYLACK TINTAS E VERNIZES LTDA;20002;TINTAS POLIÉSTER
24124;BP BEGE HAZEL MET. GM 07 0,900ML SKY-21,93-ST;2110441501B8;57;SKY;521;SKYLACK TINTAS E VERNIZES LTDA;20002;TINTAS POLIÉSTER
83950;BP BEGE SAVANAH METALICO FIAT 2005 900ML WANDA-21,93-ST;563772;1;WANDA;34;AKZO NOBEL LTDA;20002;TINTAS POLIÉSTER
104;BP BEGE SAVANNAH MET. FIAT 06/16 0,900ML SKY-21,93-ST;2,11036E+11;57;SKY;521;SKYLACK TINTAS E VERNIZES LTDA;20002;TINTAS POLIÉSTER
84550;BP BLACK NOIR PEARL HY 900ML WANDA-21,67-ST;552821;1;WANDA;34;AKZO NOBEL LTDA;20002;TINTAS POLIÉSTER
24001;BP BLACK NOIR PER. HYUNDAI 10/19 0,900ML SKY-21,94-ST;2,13708E+11;57;SKY;521;SKYLACK TINTAS E VERNIZES LTDA;20002;TINTAS POLIÉSTER
106;BP BRANCO AMBIENTE II LISA FIAT/JEEP 07/22 900ML SKY-21,94-ST;2100315001B8;57;SKY;521;SKYLACK TINTAS E VERNIZES LTDA;20002;TINTAS POLIÉSTER
23375;BP BRANCO ARTICO FORD 1998 900ML WANDA-21,94-ST;529550;1;WANDA;34;AKZO NOBEL LTDA;20002;TINTAS POLIÉSTER
24031;BP BRANCO ARTICO III LISA FORD 98 0,900ML SKY-21,45-ST;2,10019E+11;57;SKY;521;SKYLACK TINTAS E VERNIZES LTDA;20002;TINTAS POLIÉSTER
21008;BP BRANCO BANCHISA FIAT 1996 900ML WANDA-21,46-ST;529497;1;WANDA;34;AKZO NOBEL LTDA;20002;TINTAS POLIÉSTER
24017;BP BRANCO BANCHISA VI LISA FIAT 96/20 0,900ML SKY-21,46-ST;2,10036E+11;57;SKY;521;SKYLACK TINTAS E VERNIZES LTDA;20002;TINTAS POLIÉSTER
24008;BP BRANCO CRISTAL II LISA VW 99 0,900ML SKY-21,46-ST;2,10023E+11;57;SKY;521;SKYLACK TINTAS E VERNIZES LTDA;20002;TINTAS POLIÉSTER
22955;BP BRANCO CRISTAL VW 1997 900ML WANDA-21,67-ST;529513;1;WANDA;34;AKZO NOBEL LTDA;20002;TINTAS POLIÉSTER
21003;BP BRANCO GEADA VW 1995 900ML WANDA-21,94-ST;529492;1;WANDA;34;AKZO NOBEL LTDA;20002;TINTAS POLIÉSTER
87377;BP Branco Glacial NIS 2007 0.9L UN 1263 TINTA QUANT. LTDA 3;552824;1;WANDA;34;AKZO NOBEL LTDA;20002;TINTAS POLIÉSTER
24414;BP BRANCO GLACIER III LISA RENAULT 90/20 900ML SKY-21,46-ST;2100729201B8;57;SKY;521;SKYLACK TINTAS E VERNIZES LTDA;20002;TINTAS POLIÉSTER
84929;BP BRANCO GLACIER RENAULT 2000 900ML WANDA-21,94-ST;596329;1;WANDA;34;AKZO NOBEL LTDA;20002;TINTAS POLIÉSTER
21303;BP BRANCO MAHLER GM 1994 900ML WANDA-21,94-ST;529498;1;WANDA;34;AKZO NOBEL LTDA;20002;TINTAS POLIÉSTER
23391;BP BRANCO POLAR HYU 2013 900ML WANDA-21,46-ST;547485;1;WANDA;34;AKZO NOBEL LTDA;20002;TINTAS POLIÉSTER
24125;BP BRANCO POLAR LISA HYUNDAI 12/19 0,900ML SKY-21,45-ST;2,10723E+11;57;SKY;521;SKYLACK TINTAS E VERNIZES LTDA;20002;TINTAS POLIÉSTER
122;BP BRANCO PURO LISA VW 11/19 900ML SKY-21,94-ST;2100219801B8;57;SKY;521;SKYLACK TINTAS E VERNIZES LTDA;20002;TINTAS POLIÉSTER
83951;BP BRANCO REGENTE/POLAR TOYOTA 2016 900ML WANDA-21,93-ST;563771;1;WANDA;34;AKZO NOBEL LTDA;20002;TINTAS POLIÉSTER
23377;BP BRANCO SUMMIT GM 2012 900ML WANDA-21,67-ST;547472;1;WANDA;34;AKZO NOBEL LTDA;20002;TINTAS POLIÉSTER
24016;BP BRANCO SUMMIT IV LISA GM 11/20 0,900ML SKY-21,46-ST;2,10049E+11;57;SKY;521;SKYLACK TINTAS E VERNIZES LTDA;20002;TINTAS POLIÉSTER
84709;BP BRANCO TAFFETA HONDA 2003 0,9L ST - 21,46;563985;1;WANDA;34;AKZO NOBEL LTDA;20002;TINTAS POLIÉSTER
24155;BP BRANCO TAFFETA LISA HONDA 99 0,900ML SKY-21,46-ST;2,10763E+11;57;SKY;521;SKYLACK TINTAS E VERNIZES LTDA;20002;TINTAS POLIÉSTER
24126;BP CARBON FLASH MET. GM 08/16 0,900ML SKY-21,45-ST;2,1104E+11;57;SKY;521;SKYLACK TINTAS E VERNIZES LTDA;20002;TINTAS POLIÉSTER
24160;BP CINZA BLUET MET. GM 07/10 0,900ML SKY-21,45-ST;2,11044E+11;57;SKY;521;SKYLACK TINTAS E VERNIZES LTDA;20002;TINTAS POLIÉSTER
103;BP CINZA COLIMA MET GM 04 0,900ML SKY-21,94-ST;2,11041E+11;57;SKY;521;SKYLACK TINTAS E VERNIZES LTDA;20002;TINTAS POLIÉSTER
83952;BP CINZA CROMO MET FIAT 2007 900ML WANDA-21,93-ST;529524;1;WANDA;34;AKZO NOBEL LTDA;20002;TINTAS POLIÉSTER
24009;BP CINZA CROMO PER. FIAT 08/16 0,900ML SKY-21,46-ST;2,13032E+11;57;SKY;521;SKYLACK TINTAS E VERNIZES LTDA;20002;TINTAS POLIÉSTER
83953;BP CINZA GRAPHITE MET GM 2015 900ML WANDA-21,93-ST;563982;1;WANDA;34;AKZO NOBEL LTDA;20002;TINTAS POLIÉSTER
126;BP CINZA HOLOGRAMA MET. RENAULT 00/11 0,900ML SKY-21,94-ST;2,11751E+11;57;SKY;521;SKYLACK TINTAS E VERNIZES LTDA;20002;TINTAS POLIÉSTER
24004;BP CINZA IRIDIUM II MET. HONDA 00/20 0,900ML SKY-21,46-ST;2,11061E+11;57;SKY;521;SKYLACK TINTAS E VERNIZES LTDA;20002;TINTAS POLIÉSTER
24037;BP CINZA ORIUM MET. GM 11 0,900ML SKY-21,94-ST;2,11041E+11;57;SKY;521;SKYLACK TINTAS E VERNIZES LTDA;20002;TINTAS POLIÉSTER
23998;BP CINZA PALADIUM MET. HONDA 09 0,900ML SKY-21,46-ST;2117740501B8;57;SKY;521;SKYLACK TINTAS E VERNIZES LTDA;20002;TINTAS POLIÉSTER
24032;BP CINZA PLATINUM MET. VW 02/20 0,900ML SKY-21,46-ST;2,11029E+11;57;SKY;521;SKYLACK TINTAS E VERNIZES LTDA;20002;TINTAS POLIÉSTER
85549;BP CINZA PLATINUM METÁLICO VW 2012/2020 900ML;607734;1;WANDA;34;AKZO NOBEL LTDA;20002;TINTAS POLIÉSTER
83919;BP CINZA SATIN STEEL MET. GM 12/17 0,900ML SKY-21,45-ST;2,11041E+11;57;SKY;521;SKYLACK TINTAS E VERNIZES LTDA;20002;TINTAS POLIÉSTER
23357;BP CINZA SCANDIUM MET FIAT 2003 900ML WANDA-21,67-ST;529511;1;WANDA;34;AKZO NOBEL LTDA;20002;TINTAS POLIÉSTER
84706;BP CINZA SILVERSTONE MET. FIAT  19/23 0,900ML SKY-21,46-ST;2117675301B8;57;SKY;521;SKYLACK TINTAS E VERNIZES LTDA;20002;TINTAS POLIÉSTER
24123;BP CINZA SPECTRUS MET. 900ML SKY-21,94-ST;2110200101B8;57;SKY;521;SKYLACK TINTAS E VERNIZES LTDA;20002;TINTAS POLIÉSTER
84001;BP CINZA STEEL III MET. FIAT 96/04 0,900ML SKY-21,45-ST;2,11035E+11;57;SKY;521;SKYLACK TINTAS E VERNIZES LTDA;20002;TINTAS POLIÉSTER
21302;BP CINZA STEEL MET FIAT 1996 900ML WANDA-21,46-ST;529488;1;WANDA;34;AKZO NOBEL LTDA;20002;TINTAS POLIÉSTER
24161;BP CINZA TELLURIUM MET. FIAT 0,900ML SKY-21,45-ST;2110313001B8;57;SKY;521;SKYLACK TINTAS E VERNIZES LTDA;20002;TINTAS POLIÉSTER
24129;BP CINZA TITANIUM MET. 0,900ML SKY-21,46-ST;2,11723E+11;57;SKY;521;SKYLACK TINTAS E VERNIZES LTDA;20002;TINTAS POLIÉSTER
85550;BP CINZA TITANIUM METÁLICO HYUNDAI 900ML WANDA;607716;1;WANDA;34;AKZO NOBEL LTDA;20002;TINTAS POLIÉSTER
24007;BP CINZA URANO LISA 900ML SKY-21,94-ST;2100213601B8;57;SKY;521;SKYLACK TINTAS E VERNIZES LTDA;20002;TINTAS POLIÉSTER
87044;BP CINZA URANO VW 2001 900ML WANDA;529521;1;WANDA;34;AKZO NOBEL LTDA;20002;TINTAS POLIÉSTER
23358;BP CINZA VULCAN METALICA VW 2008 900ML WANDA-21,46-ST;529517;1;WANDA;34;AKZO NOBEL LTDA;20002;TINTAS POLIÉSTER
85551;BP GRAY ACIER METÁLICO RENAULT 2008/2016 900ML WANDA;607715;1;WANDA;34;AKZO NOBEL LTDA;20002;TINTAS POLIÉSTER
24044;BP GRIS ACIER MET. RENAULT 08/16 900ML SKY-21,94-ST;2117543601B8;57;SKY;521;SKYLACK TINTAS E VERNIZES LTDA;20002;TINTAS POLIÉSTER
21290;BP GRIS ALUMINIUM MET PEUGEOT 2001 900ML WANDA-21,46-ST;529531;1;WANDA;34;AKZO NOBEL LTDA;20002;TINTAS POLIÉSTER
24041;BP GRIS ALUMINIUM MET. 900ML SKY-21,45-ST;2117810101B8;57;SKY;521;SKYLACK TINTAS E VERNIZES LTDA;20002;TINTAS POLIÉSTER
24023;BP GRIS CENDRE MET. 0,900ML SKY-21,46-ST;2,11784E+11;57;SKY;521;SKYLACK TINTAS E VERNIZES LTDA;20002;TINTAS POLIÉSTER
24011;BP MAGNESIUM MET. 0,900ML SKY-21,46-ST;2117634901B8;57;SKY;521;SKYLACK TINTAS E VERNIZES LTDA;20002;TINTAS POLIÉSTER
21281;BP PRATA BARI MET FIAT 2002 900ML WANDA-21,67-ST;529495;1;WANDA;34;AKZO NOBEL LTDA;20002;TINTAS POLIÉSTER
83921;BP PRATA BILLET MET. FIAT / JEEP 13/21 0,9L SKY-21,67-ST;2,11737E+11;57;SKY;521;SKYLACK TINTAS E VERNIZES LTDA;20002;TINTAS POLIÉSTER
85552;BP PRATA BILLET METÁLICO FIAT 2012/2023 900ML WANDA;607721;1;WANDA;34;AKZO NOBEL LTDA;20002;TINTAS POLIÉSTER
24164;BP PRATA BOREAL MET. RENAULT 0,900ML SKY-21,45-ST;2,11751E+11;57;SKY;521;SKYLACK TINTAS E VERNIZES LTDA;20002;TINTAS POLIÉSTER
24014;BP PRATA CLASSIC MET. 0,900ML SKY-21,45-ST;2117059201B8;57;SKY;521;SKYLACK TINTAS E VERNIZES LTDA;20002;TINTAS POLIÉSTER
21298;BP PRATA COLUMBIA MET FORD 1991 900ML WANDA-21,94-ST;529503;1;WANDA;34;AKZO NOBEL LTDA;20002;TINTAS POLIÉSTER
23359;BP PRATA DUBLIN FRD 2010 900ML WANDA-21,46-ST;552820;1;WANDA;34;AKZO NOBEL LTDA;20002;TINTAS POLIÉSTER
24244;BP PRATA DUBLIN MET. FORD 900ML SKY-21,46-ST;2,1102E+11;57;SKY;521;SKYLACK TINTAS E VERNIZES LTDA;20002;TINTAS POLIÉSTER
23389;BP PRATA EGITO METALICO VW 2010 900ML WANDA-21,46-ST;547468;1;WANDA;34;AKZO NOBEL LTDA;20002;TINTAS POLIÉSTER
21288;BP PRATA ENSEADA MET FORD 2007 900ML WANDA-21,94-ST;529525;1;WANDA;34;AKZO NOBEL LTDA;20002;TINTAS POLIÉSTER
81;BP PRATA ESCUNA II MET. GM 98 0,900ML SKY-21,46-ST;2,11047E+11;57;SKY;521;SKYLACK TINTAS E VERNIZES LTDA;20002;TINTAS POLIÉSTER
21001;BP PRATA ESCUNA MET GM 1997 900ML WANDA-21,45-ST;529489;1;WANDA;34;AKZO NOBEL LTDA;20002;TINTAS POLIÉSTER
24122;BP PRATA ETOILE MET. RENAULT 08/19 0,900ML SKY-21,46-ST;2,11754E+11;57;SKY;521;SKYLACK TINTAS E VERNIZES LTDA;20002;TINTAS POLIÉSTER
23382;BP PRATA ETOILLE RENAULT 2007 900ML WANDA-21,67-ST;529544;1;WANDA;34;AKZO NOBEL LTDA;20002;TINTAS POLIÉSTER
87330;BP PRATA GALACTIC METÁLICO TOYOTA 900ML WANDA;607732;1;WANDA;34;AKZO NOBEL LTDA;20002;TINTAS POLIÉSTER
221;BP PRATA GEADA 0,900ML WEG-21,94-ST;1265478;999999;.;99999999;FORNECEDOR CONVERSAO;20002;TINTAS POLIÉSTER
21015;BP PRATA GEADA MET FORD 2002 900ML WANDA-21,45-ST;529504;1;WANDA;34;AKZO NOBEL LTDA;20002;TINTAS POLIÉSTER
21289;BP PRATA GLOBAL MET HONDA 2005 900ML WANDA-21,67-ST;529530;1;WANDA;34;AKZO NOBEL LTDA;20002;TINTAS POLIÉSTER
24005;BP PRATA GLOBAL MET. HONDA 06/16 0,900ML SKY-21,45-ST;2,11764E+11;57;SKY;521;SKYLACK TINTAS E VERNIZES LTDA;20002;TINTAS POLIÉSTER
24039;BP PRATA HUET MET. 0,900ML SKY-21,94-ST;2,11041E+11;57;SKY;521;SKYLACK TINTAS E VERNIZES LTDA;20002;TINTAS POLIÉSTER
21016;BP PRATA IMPERIAL MET VW 1997 900ML WANDA-21,67-ST;529505;1;WANDA;34;AKZO NOBEL LTDA;20002;TINTAS POLIÉSTER
21017;BP PRATA LIGHT MET VW 2003 900ML WANDA-21,45-ST;529506;1;WANDA;34;AKZO NOBEL LTDA;20002;TINTAS POLIÉSTER
21271;BP PRATA LUNAR MET VW 1990 900ML WANDA-21,67-ST;529490;1;WANDA;34;AKZO NOBEL LTDA;20002;TINTAS POLIÉSTER
24156;BP PRATA LUNAR MET. VW 0,900ML SKY-21,46-ST;2,11021E+11;57;SKY;521;SKYLACK TINTAS E VERNIZES LTDA;20002;TINTAS POLIÉSTER
83920;BP PRATA MELFI MET. FIAT / JEEP 15/22 900ML SKY-21,67-ST;2110309701B8;57;SKY;521;SKYLACK TINTAS E VERNIZES LTDA;20002;TINTAS POLIÉSTER
24158;BP PRATA METALICO HYUNDAI 13/17 0,900ML SKY-21,45-ST;2117234001B8;57;SKY;521;SKYLACK TINTAS E VERNIZES LTDA;20002;TINTAS POLIÉSTER
24021;BP PRATA METALICO MET. HONDA 0,900ML SKY-21,94-ST;2,11761E+11;57;SKY;521;SKYLACK TINTAS E VERNIZES LTDA;20002;TINTAS POLIÉSTER
24025;BP PRATA NEVOA MET. TOYOTA 00/20 0,900ML SKY-21,46-ST;2117743301B8;57;SKY;521;SKYLACK TINTAS E VERNIZES LTDA;20002;TINTAS POLIÉSTER
24165;BP PRATA PLATINUM MET. HONDA 16/20 900ML SKY-21,94-ST;2117743201B8;57;SKY;521;SKYLACK TINTAS E VERNIZES LTDA;20002;TINTAS POLIÉSTER
85553;BP PRATA PLATINUM METÁLICO HON 2016/2020 900ML WANDA;607733;1;WANDA;34;AKZO NOBEL LTDA;20002;TINTAS POLIÉSTER
23999;BP PRATA POLARIS MET. GM 04/14 0,900ML SKY-21,46-ST;2,11041E+11;57;SKY;521;SKYLACK TINTAS E VERNIZES LTDA;20002;TINTAS POLIÉSTER
22954;BP PRATA POLARIS METALICO GM 2004 900ML WANDA-21,67-ST;529507;1;WANDA;34;AKZO NOBEL LTDA;20002;TINTAS POLIÉSTER
24242;BP PRATA REFLEX II MET. VW 01/20 900ML SKY-21,46-ST;2,11022E+11;57;SKY;521;SKYLACK TINTAS E VERNIZES LTDA;20002;TINTAS POLIÉSTER
21299;BP PRATA REFLEX MET VW 1999 900ML WANDA-21,67-ST;529494;1;WANDA;34;AKZO NOBEL LTDA;20002;TINTAS POLIÉSTER
97;BP PRATA RIVIEIRA MET FORD 5 0,900ML SKY-21,93-ST;2,11014E+11;57;SKY;521;SKYLACK TINTAS E VERNIZES LTDA;20002;TINTAS POLIÉSTER
24034;BP PRATA SAND MET. HYUNDAI 15 0,900ML SKY-21,46-ST;2,11755E+11;57;SKY;521;SKYLACK TINTAS E VERNIZES LTDA;20002;TINTAS POLIÉSTER
23361;BP PRATA SIRIUS MET VW 2009 900ML WANDA-21,67-ST;529522;1;WANDA;34;AKZO NOBEL LTDA;20002;TINTAS POLIÉSTER
24136;BP PRATA SIRIUS MET. VW 09/12 0,900ML SKY-21,46-ST;2,11029E+11;57;SKY;521;SKYLACK TINTAS E VERNIZES LTDA;20002;TINTAS POLIÉSTER
85554;BP PRATA SOUL 1H6 METÁLICO TOYOTA 2012/2016 900ML WANDA;607714;1;WANDA;34;AKZO NOBEL LTDA;20002;TINTAS POLIÉSTER
24131;BP PRATA SOUL MET. TOYOTA 12/16 0,900ML SKY-21,45-ST;2,11774E+11;57;SKY;521;SKYLACK TINTAS E VERNIZES LTDA;20002;TINTAS POLIÉSTER
22225;BP PRATA SUPERNOVA MET TOYOTA 2003 900ML WANDA-21,67-ST;529528;1;WANDA;34;AKZO NOBEL LTDA;20002;TINTAS POLIÉSTER
23997;BP PRATA SUPERNOVA MET. 0,900ML SKY-21,45-ST;2,11771E+11;57;SKY;521;SKYLACK TINTAS E VERNIZES LTDA;20002;TINTAS POLIÉSTER
23360;BP PRATA SWITCHBLADE MET GM 2009 900ML WANDA-21,67-ST;529546;1;WANDA;34;AKZO NOBEL LTDA;20002;TINTAS POLIÉSTER
24022;BP PRATA SWITCHBLADE MET. GM 11/18 0,900ML SKY-21,46-ST;7,89949E+12;57;SKY;521;SKYLACK TINTAS E VERNIZES LTDA;20002;TINTAS POLIÉSTER
85555;BP PRETO BRISTOL METÁLICO FORD 2009/2016 900ML WANDA;607713;1;WANDA;34;AKZO NOBEL LTDA;20002;TINTAS POLIÉSTER
24012;BP PRETO BRISTOL PER. FORD 09/16 0,900ML SKY-21,46-ST;2,13011E+11;57;SKY;521;SKYLACK TINTAS E VERNIZES LTDA;20002;TINTAS POLIÉSTER
85556;BP PRETO CARBON FLASH METÁLICO GM 2008/2016 900ML WANDA;607720;1;WANDA;34;AKZO NOBEL LTDA;20002;TINTAS POLIÉSTER
82;BP PRETO CARBON PER. FIAT/JEEP 16/21 0,900ML SKY-21,94-ST;2,13031E+11;57;SKY;521;SKYLACK TINTAS E VERNIZES LTDA;20002;TINTAS POLIÉSTER
24150;BP PRETO CRISTAL PER.HONDA 09/16 0,900ML SKY-21,45-ST;2137630201B8;57;SKY;521;SKYLACK TINTAS E VERNIZES LTDA;20002;TINTAS POLIÉSTER
21287;BP PRETO EBONY FORD 1998 900ML WANDA-21,67-ST;529519;1;WANDA;34;AKZO NOBEL LTDA;20002;TINTAS POLIÉSTER
24120;BP PRETO ECLYPSE MET. TOYOTA 09/17 0,900ML SKY-21,46-ST;2117710401B8;57;SKY;521;SKYLACK TINTAS E VERNIZES LTDA;20002;TINTAS POLIÉSTER
24149;BP PRETO GALES PER. FORD 0,900ML SKY-21,46-ST;2,1308E+11;57;SKY;521;SKYLACK TINTAS E VERNIZES LTDA;20002;TINTAS POLIÉSTER
21272;BP PRETO LIZST GM 1994 900ML WANDA-21,67-ST;529493;1;WANDA;34;AKZO NOBEL LTDA;20002;TINTAS POLIÉSTER
24013;BP PRETO NINJA LISA VW 95 0,900ML SKY-21,94-ST;2,10022E+11;57;SKY;521;SKYLACK TINTAS E VERNIZES LTDA;20002;TINTAS POLIÉSTER
23362;BP PRETO NINJA VW 1999 900ML WANDA-21,67-ST;529518;1;WANDA;34;AKZO NOBEL LTDA;20002;TINTAS POLIÉSTER
100;BP PRETO ONIX LISA HYUNDAI 12/16 0,900ML SKY-21,45-ST;2,1072E+11;57;SKY;521;SKYLACK TINTAS E VERNIZES LTDA;20002;TINTAS POLIÉSTER
85089;BP PRETO OURO NEGRO GM 2016 900ML WANDA-21,67-ST;564080;1;WANDA;34;AKZO NOBEL LTDA;20002;TINTAS POLIÉSTER
24019;BP PRETO OURO NEGRO MET. GM 16/20 0,900ML SKY-21,46-ST;2,11041E+11;57;SKY;521;SKYLACK TINTAS E VERNIZES LTDA;20002;TINTAS POLIÉSTER
24040;BP PRETO PEROLA MET. TOYOTA 99/05 0,900ML SKY-21,93-ST;2,11774E+11;57;SKY;521;SKYLACK TINTAS E VERNIZES LTDA;20002;TINTAS POLIÉSTER
24121;BP PRETO PEROLIZADO PER. HONDA 0,900ML SKY-21,94-ST;2,13761E+11;57;SKY;521;SKYLACK TINTAS E VERNIZES LTDA;20002;TINTAS POLIÉSTER
24030;BP PRETO PREMIUM LISA NISSAN 89/20 0,900ML SKY-21,46-ST;2,1071E+11;57;SKY;521;SKYLACK TINTAS E VERNIZES LTDA;20002;TINTAS POLIÉSTER
85557;BP PRETO PREMIUM NISSAN 900ML  WANDA;607655;1;WANDA;34;AKZO NOBEL LTDA;20002;TINTAS POLIÉSTER
24148;BP PRETO ROCK PER. TOYOTA 11/20 0,900ML SKY-21,94-ST;2137737901B8;57;SKY;521;SKYLACK TINTAS E VERNIZES LTDA;20002;TINTAS POLIÉSTER
21300;BP PRETO UNIVERSAL VW 1993 900ML WANDA-21,94-ST;529501;1;WANDA;34;AKZO NOBEL LTDA;20002;TINTAS POLIÉSTER
21285;BP PRETO VESUVIO MET FIAT 2000 900ML WANDA-21,46-ST;529516;1;WANDA;34;AKZO NOBEL LTDA;20002;TINTAS POLIÉSTER
23378;BP PRETO VULCANO FIAT 1998 900ML WANDA-21,67-ST;529508;1;WANDA;34;AKZO NOBEL LTDA;20002;TINTAS POLIÉSTER
121;BP PRETO VULCANO LISA FIAT 99/16 0,900ML SKY-21,45-ST;2,10034E+11;57;SKY;521;SKYLACK TINTAS E VERNIZES LTDA;20002;TINTAS POLIÉSTER
24133;BP QUICK SILVER MET. 0,900ML SKY-21,94-ST;2,11732E+11;57;SKY;521;SKYLACK TINTAS E VERNIZES LTDA;20002;TINTAS POLIÉSTER
24134;BP SHIMMERING SILVER MET. 0,900ML SKY-21,46-ST;2117080601B8;57;SKY;521;SKYLACK TINTAS E VERNIZES LTDA;20002;TINTAS POLIÉSTER
24026;BP SHORELINE BEIGE MET. 0,900ML SKY-21,46-ST;2117633701B8;57;SKY;521;SKYLACK TINTAS E VERNIZES LTDA;20002;TINTAS POLIÉSTER
24033;BP VERDE BALI PER. VW 97 0,900ML SKY-21,45-ST;2130212001B8;57;SKY;521;SKYLACK TINTAS E VERNIZES LTDA;20002;TINTAS POLIÉSTER
24038;BP VERDE ESMERALD PER. 0,900ML SKY-21,94-ST;2,13031E+11;57;SKY;521;SKYLACK TINTAS E VERNIZES LTDA;20002;TINTAS POLIÉSTER
24166;BP VERDE HERA MET GM 900ML SKY-21,46-ST;2,11049E+11;57;SKY;521;SKYLACK TINTAS E VERNIZES LTDA;20002;TINTAS POLIÉSTER
21301;BP VERMELHO ALPINE FIAT 1995 900ML WANDA-21,94-ST;529537;1;WANDA;34;AKZO NOBEL LTDA;20002;TINTAS POLIÉSTER
85157;BP VERMELHO ALPINE II FIAT 96 900ML BRASIDUR;BP 342323701;67;BRASILUX;556;BRASILUX TINTAS TECNICAS LTDA;20002;TINTAS POLIÉSTER
24162;BP VERMELHO ALPINE LISA FIAT 96/18 0,900ML SKY-21,46-ST;2,10031E+11;57;SKY;521;SKYLACK TINTAS E VERNIZES LTDA;20002;TINTAS POLIÉSTER
24024;BP VERMELHO ARPOADOR LISA FORD 07/20 0,900ML SKY-21,45-ST;2,10013E+11;57;SKY;521;SKYLACK TINTAS E VERNIZES LTDA;20002;TINTAS POLIÉSTER
24042;BP VERMELHO BARROCO PER. 0,900ML SKY-21,46-ST;2,13031E+11;57;SKY;521;SKYLACK TINTAS E VERNIZES LTDA;20002;TINTAS POLIÉSTER
83918;BP VERMELHO CARMIM MET. GM 16/22 0,900ML SKY;2110408101B8;57;SKY;521;SKYLACK TINTAS E VERNIZES LTDA;20002;TINTAS POLIÉSTER
24168;BP VERMELHO CHARDON PER. GM 07/12 0,900ML SKY-21,94-ST;2,13044E+11;57;SKY;521;SKYLACK TINTAS E VERNIZES LTDA;20002;TINTAS POLIÉSTER
24020;BP VERMELHO CORDOBA PER. FIAT 96 0,900ML SKY-21,94-ST;2,13031E+11;57;SKY;521;SKYLACK TINTAS E VERNIZES LTDA;20002;TINTAS POLIÉSTER
21011;BP VERMELHO CORDOBA PEROL FIAT 1996 900ML WANDA-21,94-ST;529500;1;WANDA;34;AKZO NOBEL LTDA;20002;TINTAS POLIÉSTER
24043;BP VERMELHO FIRENZE PER. 0,900ML SKY-21,45-ST;2,13031E+11;57;SKY;521;SKYLACK TINTAS E VERNIZES LTDA;20002;TINTAS POLIÉSTER
24235;BP VERMELHO FLASH IV LISA VW 900ML SKY-21,46-ST;2100203101B8;57;SKY;521;SKYLACK TINTAS E VERNIZES LTDA;20002;TINTAS POLIÉSTER
23259;BP VERMELHO FLASH VW 2009 900ML WANDA-21,94-ST;529536;1;WANDA;34;AKZO NOBEL LTDA;20002;TINTAS POLIÉSTER
24132;BP VERMELHO FOGO MET. RENAULT 00 0,900ML SKY-21,46-ST;2110510801B8;57;SKY;521;SKYLACK TINTAS E VERNIZES LTDA;20002;TINTAS POLIÉSTER
258;BP VERMELHO GOYA PER. GM 95 0,900ML SKY-21,45-ST;2,13041E+11;57;SKY;521;SKYLACK TINTAS E VERNIZES LTDA;20002;TINTAS POLIÉSTER
21283;BP VERMELHO GOYA PEROL GM 1995 900ML WANDA-21,46-ST;529499;1;WANDA;34;AKZO NOBEL LTDA;20002;TINTAS POLIÉSTER
24153;BP VERMELHO LUCIFER PER. PEUGEOT 0,900ML SKY-21,46-ST;2,13781E+11;57;SKY;521;SKYLACK TINTAS E VERNIZES LTDA;20002;TINTAS POLIÉSTER
125;BP VERMELHO LYRA II LISA GM 04/11 0,900ML SKY-21,45-ST;2,10049E+11;57;SKY;521;SKYLACK TINTAS E VERNIZES LTDA;20002;TINTAS POLIÉSTER
24018;BP VERMELHO MODENA LISA FIAT 05/160,900ML SKY-21,45-ST;2,10032E+11;57;SKY;521;SKYLACK TINTAS E VERNIZES LTDA;20002;TINTAS POLIÉSTER
23390;BP VERMELHO PEPPER GM 2011 900ML WANDA-21,94-ST;529548;1;WANDA;34;AKZO NOBEL LTDA;20002;TINTAS POLIÉSTER
24010;BP VERMELHO REAL PER. VW 96 900ML SKY-21,46-ST;2130212701B8;57;SKY;521;SKYLACK TINTAS E VERNIZES LTDA;20002;TINTAS POLIÉSTER
24163;BP VERMELHO TORNADO LISA VW 900ML SKY-21,46-ST;2,10023E+11;57;SKY;521;SKYLACK TINTAS E VERNIZES LTDA;20002;TINTAS POLIÉSTER
23363;BP VERMELHO TORNADO VW 1999 900ML WANDA-21,67-ST;529547;1;WANDA;34;AKZO NOBEL LTDA;20002;TINTAS POLIÉSTER
24157;BP VERMELHO VIVO LISA RENAULT 99/16 900ML SKY-21,46-ST;2107536101B8;57;SKY;521;SKYLACK TINTAS E VERNIZES LTDA;20002;TINTAS POLIÉSTER
24029;BP VERT AMAZONIE MET. 0,900ML SKY-21,94-ST;2,11753E+11;57;SKY;521;SKYLACK TINTAS E VERNIZES LTDA;20002;TINTAS POLIÉSTER
83840;BRACO DE CONTATO P/ LIXADEIRA DE CORREIAS 13MM 33588 3M;HB004757272;4;3M;36;3M DO BRASIL LTDA;20028;APLICADORES / ADAPTADORES / ENGATES / SUPORTES
85099;BRAMATTO BASE BRANCA REVESTIMENTO GALÃO 5,5KG BRASILUX;TC 460000346;67;BRASILUX;556;BRASILUX TINTAS TECNICAS LTDA;30023;TEXTURA
85095;BRAMATTO BASE BRANCA REVESTIMENTO LATA 25KG BRASILUX;TC 460000390;67;BRASILUX;556;BRASILUX TINTAS TECNICAS LTDA;30023;TEXTURA
85293;BRAMATTO BRANCO LUA NOVA BALDE 25KG BRASILUX;TC 460564590;67;BRASILUX;556;BRASILUX TINTAS TECNICAS LTDA;30023;TEXTURA
85100;BRAMATTO CINZA NANQUIM GALÃO 5,5KG BRASILUX;TC 460635546;67;BRASILUX;556;BRASILUX TINTAS TECNICAS LTDA;30023;TEXTURA
85309;BRAMATTO DESENHO DE GRAFITE BALDE 25KG BRASILUX;TC 460680390;67;BRASILUX;556;BRASILUX TINTAS TECNICAS LTDA;30023;TEXTURA
85097;BRAMATTO PRATA BALDE 25KG BRASILUX;TC 460698890;67;BRASILUX;556;BRASILUX TINTAS TECNICAS LTDA;30023;TEXTURA
85098;BRAMATTO PRETO BALDE 25KG BRASILUX;TC 461500190;67;BRASILUX;556;BRASILUX TINTAS TECNICAS LTDA;30023;TEXTURA
85102;BRAMATTO PRETO GALÃO 5,5KG BRASILUX;TC 461500146;67;BRASILUX;556;BRASILUX TINTAS TECNICAS LTDA;30023;TEXTURA
9891;BRANCO BOSSA NOVA ANJO-21,94-ST;422.02623.01;999999;.;99999999;FORNECEDOR CONVERSAO;20002;TINTAS POLIÉSTER
84491;BRASCOAT POLIESTER 3,6L;BA 350005002;67;BRASILUX;556;BRASILUX TINTAS TECNICAS LTDA;20031;BASES POLIÉSTER
84493;BRASCOAT POLIESTER PREMIUM 18L;BA 350030003;67;BRASILUX;556;BRASILUX TINTAS TECNICAS LTDA;20031;BASES POLIÉSTER
84492;BRASCOAT POLIESTER PREMIUM 3,6L;BA 350030002;67;BRASILUX;556;BRASILUX TINTAS TECNICAS LTDA;20031;BASES POLIÉSTER
84815;BRASCORTEN-LARANJA EFEITO 900ML BRASILUX;FO 150973501;67;BRASILUX;556;BRASILUX TINTAS TECNICAS LTDA;30027;KIT BRASCORTEN
84816;BRASCORTEN-PRATA EFEITO 900ML BRASILUX;FO 153500001;67;BRASILUX;556;BRASILUX TINTAS TECNICAS LTDA;30027;KIT BRASCORTEN
84814;BRASCORTEN-VERMELHO BASE 3,6L BRASILUX;FO 152373502;67;BRASILUX;556;BRASILUX TINTAS TECNICAS LTDA;30027;KIT BRASCORTEN
84239;BRASI-BRILHO VERNIZ ACRILICO 3,6LT BRASILUX;VN 460000102;67;BRASILUX;556;BRASILUX TINTAS TECNICAS LTDA;30002;IMPERMEABILIZANTES
84240;BRASI-BRILHO VERNIZ ACRILICO 900 ML-BRASILUX;VN 460000101;67;BRASILUX;556;BRASILUX TINTAS TECNICAS LTDA;30002;IMPERMEABILIZANTES
84369;BRASI-BRILHO VERNIZ ACRILICO BALDE 18LT BRASILUX;VN 460000157;67;BRASILUX;556;BRASILUX TINTAS TECNICAS LTDA;30002;IMPERMEABILIZANTES
84958;BRASICAR-EMBORRACHAMENTO BRANCO 900ML BRASILUX;EB 080500801;67;BRASILUX;556;BRASILUX TINTAS TECNICAS LTDA;20038;BATIDA DE PEDRA
84720;BRASICAR-EMBORRACHAMENTO PRETO 3,6L;EB 081500102;67;BRASILUX;556;BRASILUX TINTAS TECNICAS LTDA;20038;BATIDA DE PEDRA
84959;BRASICAR-EMBORRACHAMENTO PRETO 900ML BRASILUX;EB 081500101;67;BRASILUX;556;BRASILUX TINTAS TECNICAS LTDA;20038;BATIDA DE PEDRA
84719;BRASICAR-EMBORRACHHAMENTO BRANCO 3,6L BRASILUX;EB 080500802;67;BRASILUX;556;BRASILUX TINTAS TECNICAS LTDA;20038;BATIDA DE PEDRA
84564;BRASICAR-PRETO FOSCO VINILICO 600ML BRASILUX;FO 361519204;67;BRASILUX;556;BRASILUX TINTAS TECNICAS LTDA;20045;PRETO FOSCO VINÍLICO
85078;BRASICAR-PRIMER BRANCO 3,6L BRASILUX;PR 040500702;67;BRASILUX;556;BRASILUX TINTAS TECNICAS LTDA;20047;TINTAS LACA
84105;BRASICAR-PRIMER BRANCO 900ML BRASILUX;PR 040500701;67;BRASILUX;556;BRASILUX TINTAS TECNICAS LTDA;20035;PRIMER AUTOMOTIVO
85448;BRASICAR-PRIMER CINZA 3,6L BRASILUX;PR 040600002;67;BRASILUX;556;BRASILUX TINTAS TECNICAS LTDA;20047;TINTAS LACA
84717;BRASICAR-PRIMER CINZA 900ML BRASILUX;PR 040600001;67;BRASILUX;556;BRASILUX TINTAS TECNICAS LTDA;20047;TINTAS LACA
85362;BRASICAR-WASHPRIMER AMARELO 3,6L BRASILUX;WH 360281702;67;BRASILUX;556;BRASILUX TINTAS TECNICAS LTDA;20045;PRETO FOSCO VINÍLICO
84489;BRASIDUR PU ACRILICO AUTOM. VERNIZ BASE PU HS 2X1 18L BRASILUX;VN 240013603;67;BRASILUX;556;BRASILUX TINTAS TECNICAS LTDA;40003;BASES SISTEMA NO MACHINE 
84707;BRASIDUR-PRETO FOSCO 2,7L BRASILUX;FO 261500114;67;BRASILUX;556;BRASILUX TINTAS TECNICAS LTDA;20003;TINTAS PU
84562;BRASIDUR-PRIMER PU CINZA POLIURETANO 8X1 800ML BRASILUX;PR 260680027;67;BRASILUX;556;BRASILUX TINTAS TECNICAS LTDA;20035;PRIMER AUTOMOTIVO
84488;BRASIDUR-VERNIZ BASE PU HS 3,6L BRASILUX;VN 240013602;67;BRASILUX;556;BRASILUX TINTAS TECNICAS LTDA;40003;BASES SISTEMA NO MACHINE 
84213;BRASIFER-PRIMER CINZA 18L BRASILUX;PM 170679903;67;BRASILUX;556;BRASILUX TINTAS TECNICAS LTDA;40001;ESMALTES
84217;BRASIFER-PRIMER CINZA 3,6L BRASILUX;PM 170679902;67;BRASILUX;556;BRASILUX TINTAS TECNICAS LTDA;40001;ESMALTES
84221;BRASIFER-PRIMER OXIDO CINZA 900ML BRASILUX;PM 170679901;67;BRASILUX;556;BRASILUX TINTAS TECNICAS LTDA;40001;ESMALTES
84215;BRASIFER-PRIMER OXIDO VERDE 18L BRASILUX;PM 172236703;67;BRASILUX;556;BRASILUX TINTAS TECNICAS LTDA;40001;ESMALTES
84219;BRASIFER-PRIMER OXIDO VERDE 3,6L BRASILUX;PM 172236702;67;BRASILUX;556;BRASILUX TINTAS TECNICAS LTDA;40001;ESMALTES
84220;BRASIFER-PRIMER OXIDO VERMELHO 3,6L BRASILUX;PM 172338702;67;BRASILUX;556;BRASILUX TINTAS TECNICAS LTDA;40001;ESMALTES
84214;BRASIFER-PRIMER PRETO 18L LATA BRASILUX;PM 171518303;67;BRASILUX;556;BRASILUX TINTAS TECNICAS LTDA;40001;ESMALTES
84218;BRASIFER-PRIMER PRETO 3,6L BRASILUX;PM 171518302;67;BRASILUX;556;BRASILUX TINTAS TECNICAS LTDA;40001;ESMALTES
84222;BRASIFER-PRIMER PRETO 900ML BRASILUX;PM 171518301;67;BRASILUX;556;BRASILUX TINTAS TECNICAS LTDA;40001;ESMALTES
84223;BRASIFER-PRIMER VERDE 900ML BRASILUX;PM 172236701;67;BRASILUX;556;BRASILUX TINTAS TECNICAS LTDA;40001;ESMALTES
84216;BRASIFER-PRIMER VERMELHO 18L LATA BRASILUX;PM 172338703;67;BRASILUX;556;BRASILUX TINTAS TECNICAS LTDA;40001;ESMALTES
84224;BRASIFER-PRIMER VERMELHO 900ML BRASILUX;PM 172338701;67;BRASILUX;556;BRASILUX TINTAS TECNICAS LTDA;40001;ESMALTES
85244;BRASIFIRE-BRANCO 3,6L BRASILUX;FO 080569002;67;BRASILUX;556;BRASILUX TINTAS TECNICAS LTDA;30001;TINTA PAREDE
85245;BRASIFIRE-VERNIZ ANTICHAMA INTUMESCENTE 3,6L BRASILUX;VN 080069002;67;BRASILUX;556;BRASILUX TINTAS TECNICAS LTDA;30002;IMPERMEABILIZANTES
84242;BRASIFIX 16KG BRASILUX;IZ 590000193;67;BRASILUX;556;BRASILUX TINTAS TECNICAS LTDA;30002;IMPERMEABILIZANTES
84049;BRASIFIX 3,6KG BRASILUX;IZ 590000162;67;BRASILUX;556;BRASILUX TINTAS TECNICAS LTDA;30002;IMPERMEABILIZANTES
87020;BRASIFLEX PAREDE AREIA 18KG BRASILUX;IZ 590700118;67;BRASILUX;556;BRASILUX TINTAS TECNICAS LTDA;30002;IMPERMEABILIZANTES
84243;BRASIFLEX PAREDE BRANCO 18KG BRASILUX;IZ 590500118;67;BRASILUX;556;BRASILUX TINTAS TECNICAS LTDA;30002;IMPERMEABILIZANTES
84050;BRASIFLEX PAREDE BRANCO 3,6KG BRASILUX;IZ 590500162;67;BRASILUX;556;BRASILUX TINTAS TECNICAS LTDA;30002;IMPERMEABILIZANTES
84244;BRASIFLEX-LAJE BRANCO 18KG BRASILUX;IZ 590503018;67;BRASILUX;556;BRASILUX TINTAS TECNICAS LTDA;30002;IMPERMEABILIZANTES
84051;BRASIFLEX-LAJE BRANCO 3,6KG BRASILUX;IZ 590503062;67;BRASILUX;556;BRASILUX TINTAS TECNICAS LTDA;30002;IMPERMEABILIZANTES
84246;BRASIFLEX-PRETO 18L BRASILUX;IZ 591500103;67;BRASILUX;556;BRASILUX TINTAS TECNICAS LTDA;30002;IMPERMEABILIZANTES
84053;BRASIFLEX-PRETO 3,6KG BRASILUX;IZ 591500102;67;BRASILUX;556;BRASILUX TINTAS TECNICAS LTDA;30002;IMPERMEABILIZANTES
84245;BRASIFLEX-RESTAURA 18KG BRASILUX;IZ 590562018;67;BRASILUX;556;BRASILUX TINTAS TECNICAS LTDA;30002;IMPERMEABILIZANTES
84052;BRASIFLEX-RESTAURA 3,6KG BRASILUX;IZ 590562062;67;BRASILUX;556;BRASILUX TINTAS TECNICAS LTDA;30002;IMPERMEABILIZANTES
84757;BRASILACA-BRANCO 3,6L BRASILUX;BT 040500702;67;BRASILUX;556;BRASILUX TINTAS TECNICAS LTDA;20047;TINTAS LACA
84106;BRASILACA-BRANCO 900ML BRASILUX;BT 040500701;67;BRASILUX;556;BRASILUX TINTAS TECNICAS LTDA;20047;TINTAS LACA
85246;BRASILACA-BRANCO N9,5 PURO 3,6L BRASILUX;BT 040504702;67;BRASILUX;556;BRASILUX TINTAS TECNICAS LTDA;20047;TINTAS LACA
85165;BRASILACA-BRANCO N9,5 PURO 900ML BRASILUX;BT 040504701;67;BRASILUX;556;BRASILUX TINTAS TECNICAS LTDA;20047;TINTAS LACA
84107;BRASILACA-CINZA ALEUTA VW 81 900ML BRASILUX;BT 040600201;67;BRASILUX;556;BRASILUX TINTAS TECNICAS LTDA;20047;TINTAS LACA
84487;BRASILACA-PRETO CADILACK 900ML BRASILUX;BT 041500901;67;BRASILUX;556;BRASILUX TINTAS TECNICAS LTDA;20047;TINTAS LACA
85291;BRASILACA-PRETO FOSCO 3,6L BRASILUX;FO 041500102;67;BRASILUX;556;BRASILUX TINTAS TECNICAS LTDA;20047;TINTAS LACA
84108;BRASILACA-PRETO FOSCO 900ML BRASILUX;FO 041500101;67;BRASILUX;556;BRASILUX TINTAS TECNICAS LTDA;20047;TINTAS LACA
84923;BRASILACA-PRETO SEMI-BRILHO 3,6L BRASILUX;SB 041500102;67;BRASILUX;556;BRASILUX TINTAS TECNICAS LTDA;20047;TINTAS LACA
84496;BRASILACA-PRETO SEMI-FOSCO 3,6L BRASILUX;SF 041500102;67;BRASILUX;556;BRASILUX TINTAS TECNICAS LTDA;20047;TINTAS LACA
84109;BRASILACA-PRETO SEMI-FOSCO 900ML BRASILUX;SF 041500101;67;BRASILUX;556;BRASILUX TINTAS TECNICAS LTDA;20047;TINTAS LACA
84598;BRASILAR ACRILICA STANDARD BASE A 16,2L BRASILUX;BA 420521733;67;BRASILUX;556;BRASILUX TINTAS TECNICAS LTDA;30006;BASES IMOBILIÁRIAS
84597;BRASILAR ACRILICA STANDARD BASE A 3,24L BRASILUX;BA 420521732;67;BRASILUX;556;BRASILUX TINTAS TECNICAS LTDA;30006;BASES IMOBILIÁRIAS
84747;BRASILAR ACRILICA STANDARD BASE A 810ML BRASILUX;BA 420521731;67;BRASILUX;556;BRASILUX TINTAS TECNICAS LTDA;30006;BASES IMOBILIÁRIAS
84600;BRASILAR ACRILICA STANDARD BASE B 16,2L BRASILUX;BA 420521833;67;BRASILUX;556;BRASILUX TINTAS TECNICAS LTDA;30006;BASES IMOBILIÁRIAS
84599;BRASILAR ACRILICA STANDARD BASE B 3,24L BRASILUX;BA 420521832;67;BRASILUX;556;BRASILUX TINTAS TECNICAS LTDA;30006;BASES IMOBILIÁRIAS
84748;BRASILAR ACRILICA STANDARD BASE B 810ML BRASILUX;BA 420521831;67;BRASILUX;556;BRASILUX TINTAS TECNICAS LTDA;30006;BASES IMOBILIÁRIAS
84283;BRASILAR ACRILICA STANDARD SEMIBRILHO BRANCO NEVE 3,6L BRASILUX;SB 420503002;67;BRASILUX;556;BRASILUX TINTAS TECNICAS LTDA;30001;TINTA PAREDE
84284;BRASILAR ACRILICA STANDARD SEMIBRILHO BRANCO NEVE BALDE 18L BRASILUX;SB 420503057;67;BRASILUX;556;BRASILUX TINTAS TECNICAS LTDA;30001;TINTA PAREDE
84159;BRASILAR ESMALTE SECAGEM RAPIDA AMARELO LUMINOSO 225ML BRASILUX;BT 400280011;67;BRASILUX;556;BRASILUX TINTAS TECNICAS LTDA;40001;ESMALTES
84154;BRASILAR ESMALTE SECAGEM RAPIDA AMARELO LUMINOSO 900ML BRASILUX;BT 400280001;67;BRASILUX;556;BRASILUX TINTAS TECNICAS LTDA;40001;ESMALTES
84160;BRASILAR ESMALTE SECAGEM RAPIDA AZUL LUMINOSO 225ML BRASILUX;BT 400380011;67;BRASILUX;556;BRASILUX TINTAS TECNICAS LTDA;40001;ESMALTES
84149;BRASILAR ESMALTE SECAGEM RAPIDA BRANCO 900ML BRASILUX;BT 400500701;67;BRASILUX;556;BRASILUX TINTAS TECNICAS LTDA;40001;ESMALTES
86953;BRASILAR ESMALTE SECAGEM RAPIDA BRANCO GELO 3,6LT BRASILUX;BT 400501702;67;BRASILUX;556;BRASILUX TINTAS TECNICAS LTDA;40001;ESMALTES
84148;BRASILAR ESMALTE SECAGEM RAPIDA BRANCO NEVE 3,6L BRASILUX;BT 400500702;67;BRASILUX;556;BRASILUX TINTAS TECNICAS LTDA;40001;ESMALTES
84161;BRASILAR ESMALTE SECAGEM RAPIDA LARANJA LUMINOSO 225ML BRASILUX;BT 400980011;67;BRASILUX;556;BRASILUX TINTAS TECNICAS LTDA;40001;ESMALTES
84155;BRASILAR ESMALTE SECAGEM RAPIDA LARANJA LUMINOSO 900ML BRASILUX;BT 400980001;67;BRASILUX;556;BRASILUX TINTAS TECNICAS LTDA;40001;ESMALTES
84162;BRASILAR ESMALTE SECAGEM RAPIDA PINK LUMINOSO 225ML BRASILUX;BT 401880011;67;BRASILUX;556;BRASILUX TINTAS TECNICAS LTDA;40001;ESMALTES
84156;BRASILAR ESMALTE SECAGEM RAPIDA PINK LUMINOSO 900ML BRASILUX;BT 401880001;67;BRASILUX;556;BRASILUX TINTAS TECNICAS LTDA;40001;ESMALTES
84163;BRASILAR ESMALTE SECAGEM RAPIDA VERDE LUMINOSO 225ML BRASILUX;BT 402280011;67;BRASILUX;556;BRASILUX TINTAS TECNICAS LTDA;40001;ESMALTES
84157;BRASILAR ESMALTE SECAGEM RAPIDA VERDE LUMINOSO 900ML BRASILUX;BT 402280001;67;BRASILUX;556;BRASILUX TINTAS TECNICAS LTDA;40001;ESMALTES
84158;BRASILAR ESMALTE SECAGEM RAPIDA VERMELHO LUMINOSO 225ML BRASILUX;BT 402380011;67;BRASILUX;556;BRASILUX TINTAS TECNICAS LTDA;40001;ESMALTES
84151;BRASILAR ESMALTE SINTETICO GRAFITE CINZA CLARO 3,6L BRASILUX;GR 400613302;67;BRASILUX;556;BRASILUX TINTAS TECNICAS LTDA;40001;ESMALTES
84153;BRASILAR ESMALTE SINTETICO GRAFITE CINZA CLARO 900ML BRASILUX;GR 400613301;67;BRASILUX;556;BRASILUX TINTAS TECNICAS LTDA;40001;ESMALTES
84150;BRASILAR ESMALTE SINTETICO GRAFITE CINZA ESCURO 3,6L BRASILUX;GR 400614002;67;BRASILUX;556;BRASILUX TINTAS TECNICAS LTDA;40001;ESMALTES
84152;BRASILAR ESMALTE SINTETICO GRAFITE CINZA ESCURO 900ML BRASILUX;GR 400614001;67;BRASILUX;556;BRASILUX TINTAS TECNICAS LTDA;40001;ESMALTES
84370;BRASILAR TINTA ACRILICA STANDARD ALGODAO EGYPCIO FOSCO 18L BRASILUX;FO 420564657;67;BRASILUX;556;BRASILUX TINTAS TECNICAS LTDA;30001;TINTA PAREDE
84273;BRASILAR TINTA ACRILICA STANDARD ALGODAO EGYPCIO FOSCO 3,6L BRASILUX;FO 420564602;67;BRASILUX;556;BRASILUX TINTAS TECNICAS LTDA;30001;TINTA PAREDE
84265;BRASILAR TINTA ACRILICA STANDARD AREIA FOSCO 18L BALDE BRASILUX;FO 420700157;67;BRASILUX;556;BRASILUX TINTAS TECNICAS LTDA;30001;TINTA PAREDE
84274;BRASILAR TINTA ACRILICA STANDARD AREIA FOSCO 3,6L BRASILUX;FO 420700102;67;BRASILUX;556;BRASILUX TINTAS TECNICAS LTDA;30001;TINTA PAREDE
84266;BRASILAR TINTA ACRILICA STANDARD BARBANTE 18L BALDE BRASILUX;FO 420559357;67;BRASILUX;556;BRASILUX TINTAS TECNICAS LTDA;30001;TINTA PAREDE
84275;BRASILAR TINTA ACRILICA STANDARD BARBANTE FOSCO 3,6L BRASILUX;FO 420559302;67;BRASILUX;556;BRASILUX TINTAS TECNICAS LTDA;30001;TINTA PAREDE
84267;BRASILAR TINTA ACRILICA STANDARD BRANCO GELO FOSCO 18L BRASILUX;FO 420501757;67;BRASILUX;556;BRASILUX TINTAS TECNICAS LTDA;30001;TINTA PAREDE
84276;BRASILAR TINTA ACRILICA STANDARD BRANCO GELO FOSCO 3,6L BRASILUX;FO 420501702;67;BRASILUX;556;BRASILUX TINTAS TECNICAS LTDA;30001;TINTA PAREDE
84268;BRASILAR TINTA ACRILICA STANDARD BRANCO NEVE FOSCO 18L BRASILUX;FO 420503057;67;BRASILUX;556;BRASILUX TINTAS TECNICAS LTDA;30001;TINTA PAREDE
84277;BRASILAR TINTA ACRILICA STANDARD BRANCO NEVE FOSCO 3,6L BRASILUX;FO 420503002;67;BRASILUX;556;BRASILUX TINTAS TECNICAS LTDA;30001;TINTA PAREDE
84282;BRASILAR TINTA ACRILICA STANDARD BRANCO NEVE FOSCO 900ML BRASILUX;FO 420503001;67;BRASILUX;556;BRASILUX TINTAS TECNICAS LTDA;30001;TINTA PAREDE
84718;BRASILAR TINTA ACRILICA STANDARD CAMURCA FOSCO 18L BALDE BRASILUX;FO 422400157;67;BRASILUX;556;BRASILUX TINTAS TECNICAS LTDA;30001;TINTA PAREDE
84269;BRASILAR TINTA ACRILICA STANDARD ERVA DOCE FOSCO 18L BRASILUX;FO 422245657;67;BRASILUX;556;BRASILUX TINTAS TECNICAS LTDA;30001;TINTA PAREDE
84278;BRASILAR TINTA ACRILICA STANDARD ERVA DOCE FOSCO 3,6L BRASILUX;FO 422245602;67;BRASILUX;556;BRASILUX TINTAS TECNICAS LTDA;30001;TINTA PAREDE
84280;BRASILAR TINTA ACRILICA STANDARD PALHA FOSCO 3,6L BRASILUX;FO 421200102;67;BRASILUX;556;BRASILUX TINTAS TECNICAS LTDA;30001;TINTA PAREDE
84271;BRASILAR TINTA ACRILICA STANDARD PALHA NOVO FOSCO 18L BRASILUX;FO 421200557;67;BRASILUX;556;BRASILUX TINTAS TECNICAS LTDA;30001;TINTA PAREDE
84272;BRASILAR TINTA ACRILICA STANDARD PEROLA FOSCO 18L BALDE BRASILUX;FO 421300157;67;BRASILUX;556;BRASILUX TINTAS TECNICAS LTDA;30001;TINTA PAREDE
84281;BRASILAR TINTA ACRILICA STANDARD PEROLA FOSCO 3,6L BRASILUX;FO 421300102;67;BRASILUX;556;BRASILUX TINTAS TECNICAS LTDA;30001;TINTA PAREDE
84279;BRASILAR TINTA ACRILICA STANDARD VERDE LIMAO 3,6L BRASILUX;FO 422245702;67;BRASILUX;556;BRASILUX TINTAS TECNICAS LTDA;30001;TINTA PAREDE
84270;BRASILAR TINTA ACRILICA STANDARD VERDE LIMAO FOSCO 18L BALDE BRASILUX;FO 422245757;67;BRASILUX;556;BRASILUX TINTAS TECNICAS LTDA;30001;TINTA PAREDE
84885;BRASILAR TINTA ACRILICA STANDARD VERMELHO FOSCO 18L BRASILUX;FO 422300157;67;BRASILUX;556;BRASILUX TINTAS TECNICAS LTDA;30001;TINTA PAREDE
84691;BRASILAR VERNIZ P/ MADEIRA MARITIMO BRILHANTE 225ML BRASILUX;VM 090003111;67;BRASILUX;556;BRASILUX TINTAS TECNICAS LTDA;50001;LINHA MOVELEIRA
84693;BRASILAR VERNIZ P/ MADEIRA MARITIMO IMBUIA 225ML BRASILUX;VM 094603611;67;BRASILUX;556;BRASILUX TINTAS TECNICAS LTDA;50001;LINHA MOVELEIRA
84692;BRASILAR VERNIZ P/ MADEIRA MARITIMO MOGNO 225ML BRASILUX;VM 094521211;67;BRASILUX;556;BRASILUX TINTAS TECNICAS LTDA;50001;LINHA MOVELEIRA
84957;BRASILINE ESMALTE ALUMINIO 3,6L BRASILUX;BT 170100102;67;BRASILUX;556;BRASILUX TINTAS TECNICAS LTDA;40001;ESMALTES
84559;BRASILINE ESMALTE ALUMINIO OPAL P/ RODAS 3,6L BRASILUX;BT 170100302;67;BRASILUX;556;BRASILUX TINTAS TECNICAS LTDA;40001;ESMALTES
84457;BRASILINE ESMALTE ALUMINIO OPAL P/ RODAS 900ML BRASILUX;BT 170100301;67;BRASILUX;556;BRASILUX TINTAS TECNICAS LTDA;40001;ESMALTES
87057;BRASILINE ESMALTE AMARELO CAT 81 3,6L BRASILUX;BT 170202002;67;BRASILUX;556;BRASILUX TINTAS TECNICAS LTDA;40001;ESMALTES
85733;BRASILINE ESMALTE AMARELO NEW HOLLAND 3,6L BRASILUX;BT 170213402;67;BRASILUX;556;BRASILUX TINTAS TECNICAS LTDA;40001;ESMALTES
85083;BRASILINE ESMALTE AMARELO SEGURANÇA 5Y8/12 18L BRASILUX;BT 170205103;67;BRASILUX;556;BRASILUX TINTAS TECNICAS LTDA;40001;ESMALTES
84084;BRASILINE ESMALTE AMARELO SEGURANÇA 5Y8/12 3,6L BRASILUX;BT 170205102;67;BRASILUX;556;BRASILUX TINTAS TECNICAS LTDA;40001;ESMALTES
84085;BRASILINE ESMALTE AMARELO SEGURANÇA 5Y8/12 900ML BRASILUX;BT 170205101;67;BRASILUX;556;BRASILUX TINTAS TECNICAS LTDA;40001;ESMALTES
84094;BRASILINE ESMALTE AMARELO VALTRA 3,6L BRASILUX;BT 170231002;67;BRASILUX;556;BRASILUX TINTAS TECNICAS LTDA;40001;ESMALTES
84907;BRASILINE ESMALTE AZUL DEL REY 5PB2/6 3,6L BRASILUX;BT 170310002;67;BRASILUX;556;BRASILUX TINTAS TECNICAS LTDA;40001;ESMALTES
84721;BRASILINE ESMALTE AZUL FRANÇA 3,6L BRASILUX;BT 170302702;67;BRASILUX;556;BRASILUX TINTAS TECNICAS LTDA;40001;ESMALTES
84722;BRASILINE ESMALTE AZUL FRANÇA 900ML BRASILUX;BT 170302701;67;BRASILUX;556;BRASILUX TINTAS TECNICAS LTDA;40001;ESMALTES
84086;BRASILINE ESMALTE AZUL SEGURANÇA 2.5PB4/10 3,6L BRASILUX;BT 170309002;67;BRASILUX;556;BRASILUX TINTAS TECNICAS LTDA;40001;ESMALTES
84095;BRASILINE ESMALTE BRANCO BRILHANTE 3,6L BRASILUX;BT 170500702;67;BRASILUX;556;BRASILUX TINTAS TECNICAS LTDA;40001;ESMALTES
84096;BRASILINE ESMALTE BRANCO BRILHANTE 900ML BRASILUX;BT 170500701;67;BRASILUX;556;BRASILUX TINTAS TECNICAS LTDA;40001;ESMALTES
84098;BRASILINE ESMALTE BRANCO NEVE FOSCO 900ML BRASILUX;FO 170500701;67;BRASILUX;556;BRASILUX TINTAS TECNICAS LTDA;40001;ESMALTES
84962;BRASILINE ESMALTE BRANCO PURO N9,5 18L BRASILUX;BT 170504703;67;BRASILUX;556;BRASILUX TINTAS TECNICAS LTDA;40001;ESMALTES
86951;BRASILINE ESMALTE BRANCO PURO N9,5 3,6L BRASILUX;BT 170504702;67;BRASILUX;556;BRASILUX TINTAS TECNICAS LTDA;40001;ESMALTES
85182;BRASILINE ESMALTE CINZA CHASSI SUB GREY 98 3,6L BRASILUX;BT 170601802;67;BRASILUX;556;BRASILUX TINTAS TECNICAS LTDA;40001;ESMALTES
85181;BRASILINE ESMALTE CINZA CHASSI SUB GREY 98 900ML BRASILUX;BT 170601801;67;BRASILUX;556;BRASILUX TINTAS TECNICAS LTDA;40001;ESMALTES
84723;BRASILINE ESMALTE CINZA CLARO N6,5 3,6L BRASILUX;BT 170601702;67;BRASILUX;556;BRASILUX TINTAS TECNICAS LTDA;40001;ESMALTES
84724;BRASILINE ESMALTE CINZA CLARO N6.5 900ML BRASILUX;BT 170601701;67;BRASILUX;556;BRASILUX TINTAS TECNICAS LTDA;40001;ESMALTES
84911;BRASILINE ESMALTE CINZA ESCURO N3,5 3,6L BRASILUX;BT 170601402;67;BRASILUX;556;BRASILUX TINTAS TECNICAS LTDA;40001;ESMALTES
85579;BRASILINE ESMALTE CINZA MEDIO 18L BRASILUX;BT 170604803;67;BRASILUX;556;BRASILUX TINTAS TECNICAS LTDA;40001;ESMALTES
84681;BRASILINE ESMALTE CINZA MEDIO 3,6L BRASILUX;BT 170604802;67;BRASILUX;556;BRASILUX TINTAS TECNICAS LTDA;40001;ESMALTES
84090;BRASILINE ESMALTE LARANJA JACTO 3,6L BRASILUX;BT 170905102;67;BRASILUX;556;BRASILUX TINTAS TECNICAS LTDA;40001;ESMALTES
84091;BRASILINE ESMALTE LARANJA JACTO 900ML BRASILUX;BT 170905101;67;BRASILUX;556;BRASILUX TINTAS TECNICAS LTDA;40001;ESMALTES
84952;BRASILINE ESMALTE LARANJA SEGURANÇA 2.5YR6/14 3,6L BRASILUX;BT 170901402;67;BRASILUX;556;BRASILUX TINTAS TECNICAS LTDA;40001;ESMALTES
84910;BRASILINE ESMALTE PRETO CADILACK 3,6L BRASILUX;BT 171500902;67;BRASILUX;556;BRASILUX TINTAS TECNICAS LTDA;40001;ESMALTES
84102;BRASILINE ESMALTE PRETO FOSCO 900ML BRASILUX;FO 171500101;67;BRASILUX;556;BRASILUX TINTAS TECNICAS LTDA;40001;ESMALTES
84103;BRASILINE ESMALTE PRETO SEMI-FOSCO 3,6L BRASILUX;SF 171500102;67;BRASILUX;556;BRASILUX TINTAS TECNICAS LTDA;40001;ESMALTES
84104;BRASILINE ESMALTE PRETO SEMI-FOSCO 900ML BRASILUX;SF 171500101;67;BRASILUX;556;BRASILUX TINTAS TECNICAS LTDA;40001;ESMALTES
86952;BRASILINE ESMALTE SUPER RAPIDO CINZA ESCURO 3,6L BRASILUX;BT 170614002;67;BRASILUX;556;BRASILUX TINTAS TECNICAS LTDA;40001;ESMALTES
84908;BRASILINE ESMALTE VERDE FOLHA 10GY3/6 3,6L BRASILUX;BT 172202002;67;BRASILUX;556;BRASILUX TINTAS TECNICAS LTDA;40001;ESMALTES
84909;BRASILINE ESMALTE VERDE PETROBRAS 2.5G4/8 3,6L BRASILUX;BT 172200602;67;BRASILUX;556;BRASILUX TINTAS TECNICAS LTDA;40001;ESMALTES
84088;BRASILINE ESMALTE VERMELHO SEGURANÇA 5R4/14 3,6L BRASILUX;BT 172304502;67;BRASILUX;556;BRASILUX TINTAS TECNICAS LTDA;40001;ESMALTES
84089;BRASILINE ESMALTE VERMELHO SEGURANÇA 5R4/14 900ML BRASILUX;BT 172304501;67;BRASILUX;556;BRASILUX TINTAS TECNICAS LTDA;40001;ESMALTES
85630;BRASILINE SINT SUPER RAPIDO - PRIMER ACAB CINZA ESCURO (18 LT);PA 170614003;67;BRASILUX;556;BRASILUX TINTAS TECNICAS LTDA;40001;ESMALTES
85735;BRASILINE SINT SUPER RAPIDO PRIMER ACAB BRANCO 3,6LT BRASILUX;PA 170500702;67;BRASILUX;556;BRASILUX TINTAS TECNICAS LTDA;40001;ESMALTES
87357;BRASILINE SINT SUPER RAPIDO PRIMER ACABAMENTO AMARELO 5Y8/12 18 LT BRA;PA 170205103;67;BRASILUX;556;BRASILUX TINTAS TECNICAS LTDA;40001;ESMALTES
85629;BRASILINE SINT SUPER RAPIDO PRIMER ACABAMENTO BRANCO 18LT BRASILUX;PA 170500703;67;BRASILUX;556;BRASILUX TINTAS TECNICAS LTDA;40001;ESMALTES
24356;BRASILINE VERNIZ BASE 18L BRASILUX;VN 090013703;67;BRASILUX;556;BRASILUX TINTAS TECNICAS LTDA;40003;BASES SISTEMA NO MACHINE 
84097;BRASILINE-BRANCO NEVE FOSCO 3,6L BRASILUX;FO 170500702;67;BRASILUX;556;BRASILUX TINTAS TECNICAS LTDA;40001;ESMALTES
84099;BRASILINE-PRETO BRILHANTE N1 3,6L BRASILUX;BT 171500802;67;BRASILUX;556;BRASILUX TINTAS TECNICAS LTDA;40001;ESMALTES
84100;BRASILINE-PRETO BRILHANTE N1 900ML BRASILUX;BT 171500801;67;BRASILUX;556;BRASILUX TINTAS TECNICAS LTDA;40001;ESMALTES
85575;BRASILINE-PRETO CADILACK 18L BRASILUX;BT 171500903;67;BRASILUX;556;BRASILUX TINTAS TECNICAS LTDA;40001;ESMALTES
84101;BRASILINE-PRETO FOSCO 3,6L BRASILUX;FO 171500102;67;BRASILUX;556;BRASILUX TINTAS TECNICAS LTDA;40001;ESMALTES
85453;BRASILINE-PRIMER ACAB CINZA ESCURO 3,6L BRASILUX;PA 170614002;67;BRASILUX;556;BRASILUX TINTAS TECNICAS LTDA;40001;ESMALTES
85084;BRASILINE-PRIMER CINZA 3,6L BRASILUX;PM 170600002;67;BRASILUX;556;BRASILUX TINTAS TECNICAS LTDA;40001;ESMALTES
84092;BRASILINE-VERMELHO MASSEY FERGUSSON 3,6L BRASILUX;BT 172302302;67;BRASILUX;556;BRASILUX TINTAS TECNICAS LTDA;40001;ESMALTES
84093;BRASILINE-VERMELHO MASSEY FERGUSSON 900ML BRASILUX;BT 172302301;67;BRASILUX;556;BRASILUX TINTAS TECNICAS LTDA;40001;ESMALTES
84752;BRASIMAIS ACRILICA STANDARD BASE A 16,2L BRASILUX;BA 920521733;67;BRASILUX;556;BRASILUX TINTAS TECNICAS LTDA;30006;BASES IMOBILIÁRIAS
84753;BRASIMAIS ACRILICA STANDARD BASE A 3,24L BRASILUX;BA 920521732;67;BRASILUX;556;BRASILUX TINTAS TECNICAS LTDA;30006;BASES IMOBILIÁRIAS
85167;BRASIMAIS ACRILICA STANDARD FOSCO BRANCO GELO 3,6L BRASILUX;FO 920501702;67;BRASILUX;556;BRASILUX TINTAS TECNICAS LTDA;30001;TINTA PAREDE
85168;BRASIMAIS ACRILICA STANDARD FOSCO BRANCO GELO BALDE 18L BRASILUX;FO 920501757;67;BRASILUX;556;BRASILUX TINTAS TECNICAS LTDA;30001;TINTA PAREDE
84537;BRASIMAIS ACRILICA STANDARD FOSCO BRANCO NEVE 3,6L BRASILUX;FO 920503002;67;BRASILUX;556;BRASILUX TINTAS TECNICAS LTDA;30001;TINTA PAREDE
84538;BRASIMAIS ACRILICA STANDARD FOSCO BRANCO NEVE 900ML BRASILUX;FO 920503001;67;BRASILUX;556;BRASILUX TINTAS TECNICAS LTDA;30001;TINTA PAREDE
84536;BRASIMAIS ACRILICA STANDARD FOSCO BRANCO NEVE BALDE 18L BRASILUX;FO 920503057;67;BRASILUX;556;BRASILUX TINTAS TECNICAS LTDA;30001;TINTA PAREDE
84077;BRASIMAR-VERNIZ MARITIMO ACETINADO 3,6L BRASILUX;VM 090011102;67;BRASILUX;556;BRASILUX TINTAS TECNICAS LTDA;50001;LINHA MOVELEIRA
84078;BRASIMAR-VERNIZ MARITIMO ACETINADO 900ML BRASILUX;VM 090011101;67;BRASILUX;556;BRASILUX TINTAS TECNICAS LTDA;50001;LINHA MOVELEIRA
84188;BRASIMAR-VERNIZ MARITIMO BRILHANTE 3,6LT BRASILUX;VM 090003102;67;BRASILUX;556;BRASILUX TINTAS TECNICAS LTDA;50001;LINHA MOVELEIRA
84191;BRASIMAR-VERNIZ MARITIMO BRILHANTE 900ML BRASILUX;VM 090003101;67;BRASILUX;556;BRASILUX TINTAS TECNICAS LTDA;50001;LINHA MOVELEIRA
84844;BRASIMAR-VERNIZ MARITIMO CANELA 3,6L BRASILUX;VM 097000102;67;BRASILUX;556;BRASILUX TINTAS TECNICAS LTDA;50001;LINHA MOVELEIRA
87232;BRASIMAR-VERNIZ MARITIMO CEREJEIRA 3,6L BRASILUX;VM 094401402;67;BRASILUX;556;BRASILUX TINTAS TECNICAS LTDA;50001;LINHA MOVELEIRA
87233;BRASIMAR-VERNIZ MARITIMO CEREJEIRA 900ML BRASILUX;VM 090401401;67;BRASILUX;556;BRASILUX TINTAS TECNICAS LTDA;50001;LINHA MOVELEIRA
84075;BRASIMAR-VERNIZ MARITIMO FOSCO 3,6L BRASILUX;VM 090000302;67;BRASILUX;556;BRASILUX TINTAS TECNICAS LTDA;50001;LINHA MOVELEIRA
84076;BRASIMAR-VERNIZ MARITIMO FOSCO 900ML BRASILUX;VM 090000301;67;BRASILUX;556;BRASILUX TINTAS TECNICAS LTDA;50001;LINHA MOVELEIRA
84190;BRASIMAR-VERNIZ MARITIMO IMBUIA 3,6L BRASILUX;VM 094603602;67;BRASILUX;556;BRASILUX TINTAS TECNICAS LTDA;50001;LINHA MOVELEIRA
84193;BRASIMAR-VERNIZ MARITIMO IMBUIA 900ML BRASILUX;VM 094603601;67;BRASILUX;556;BRASILUX TINTAS TECNICAS LTDA;50001;LINHA MOVELEIRA
84189;BRASIMAR-VERNIZ MARITIMO MOGNO 3,6L BRASILUX;VM 094521202;67;BRASILUX;556;BRASILUX TINTAS TECNICAS LTDA;50001;LINHA MOVELEIRA
84192;BRASIMAR-VERNIZ MARITIMO MOGNO 900ML BRASILUX;VM 094521201;67;BRASILUX;556;BRASILUX TINTAS TECNICAS LTDA;50001;LINHA MOVELEIRA
84645;BRASIMIX BU- ALUMINIO BRILH 800ML BRASILUX;BM 000116688;67;BRASILUX;556;BRASILUX TINTAS TECNICAS LTDA;40003;BASES SISTEMA NO MACHINE 
84643;BRASIMIX BU-ALUMINIO P/ SINTETICO 800ML BRASILUX;BM 000116088;67;BRASILUX;556;BRASILUX TINTAS TECNICAS LTDA;40003;BASES SISTEMA NO MACHINE 
24335;BRASIMIX BU-AMARELO LIMÃO 3,6L BRASILUX;BM 000214102;67;BRASILUX;556;BRASILUX TINTAS TECNICAS LTDA;40003;BASES SISTEMA NO MACHINE 
84624;BRASIMIX BU-AMARELO LIMAO 800ML BRASILUX;BM 000214188;67;BRASILUX;556;BRASILUX TINTAS TECNICAS LTDA;40003;BASES SISTEMA NO MACHINE 
24336;BRASIMIX BU-AMARELO OURO 3,6L BRASILUX;BM 000214202;67;BRASILUX;556;BRASILUX TINTAS TECNICAS LTDA;40003;BASES SISTEMA NO MACHINE 
84625;BRASIMIX BU-AMARELO OURO 800ML BRASILUX;BM 000214288;67;BRASILUX;556;BRASILUX TINTAS TECNICAS LTDA;40003;BASES SISTEMA NO MACHINE 
24337;BRASIMIX BU-AMARELO OXIDO 3,6L BRASILUX;BM 000214302;67;BRASILUX;556;BRASILUX TINTAS TECNICAS LTDA;40003;BASES SISTEMA NO MACHINE 
84626;BRASIMIX BU-AMARELO OXIDO 800ML BRASILUX;BM 000214388;67;BRASILUX;556;BRASILUX TINTAS TECNICAS LTDA;40003;BASES SISTEMA NO MACHINE 
84889;BRASIMIX BU-AMARELO TRANSPARENTE 3,6L BRASILUX;BM 000215202;67;BRASILUX;556;BRASILUX TINTAS TECNICAS LTDA;40003;BASES SISTEMA NO MACHINE 
84682;BRASIMIX BU-AMARELO TRANSPARENTE 800ML BRASILUX;BM 000215288;67;BRASILUX;556;BRASILUX TINTAS TECNICAS LTDA;40003;BASES SISTEMA NO MACHINE 
24339;BRASIMIX BU-AZUL CLARO 3,6L BRASILUX;BM 000314502;67;BRASILUX;556;BRASILUX TINTAS TECNICAS LTDA;40003;BASES SISTEMA NO MACHINE 
84628;BRASIMIX BU-AZUL CLARO 800ML BRASILUX;BM 000314588;67;BRASILUX;556;BRASILUX TINTAS TECNICAS LTDA;40003;BASES SISTEMA NO MACHINE 
24340;BRASIMIX BU-AZUL ESCURO 3,6L BRASILUX;BM 000314602;67;BRASILUX;556;BRASILUX TINTAS TECNICAS LTDA;40003;BASES SISTEMA NO MACHINE 
84629;BRASIMIX BU-AZUL ESCURO 800ML BRASILUX;BM 000314688;67;BRASILUX;556;BRASILUX TINTAS TECNICAS LTDA;40003;BASES SISTEMA NO MACHINE 
24338;BRASIMIX BU-BRANCO PURO 3,6L BRASILUX;BM 000514402;67;BRASILUX;556;BRASILUX TINTAS TECNICAS LTDA;40003;BASES SISTEMA NO MACHINE 
84644;BRASIMIX BU-FOSQUEANTE P/ PU 800ML BRASILUX;BM 000016288;67;BRASILUX;556;BRASILUX TINTAS TECNICAS LTDA;40003;BASES SISTEMA NO MACHINE 
84642;BRASIMIX BU-FOSQUEANTE SINTETICO/LACA 800ML BRASILUX;BM 000015988;67;BRASILUX;556;BRASILUX TINTAS TECNICAS LTDA;40003;BASES SISTEMA NO MACHINE 
24352;BRASIMIX BU-LARANJA 3,6L BRASILUX;BM 000914902;67;BRASILUX;556;BRASILUX TINTAS TECNICAS LTDA;40003;BASES SISTEMA NO MACHINE 
84632;BRASIMIX BU-LARANJA 800ML BRASILUX;BM 000914988;67;BRASILUX;556;BRASILUX TINTAS TECNICAS LTDA;40003;BASES SISTEMA NO MACHINE 
24376;BRASIMIX BU-PRETO 3,6L BRASILUX;BM 001515602;67;BRASILUX;556;BRASILUX TINTAS TECNICAS LTDA;40003;BASES SISTEMA NO MACHINE 
84494;BRASIMIX BU-PRETO PROFUNDO 3,6L BRASILUX;BM 001514002;67;BRASILUX;556;BRASILUX TINTAS TECNICAS LTDA;40003;BASES SISTEMA NO MACHINE 
84887;BRASIMIX BU-ROSA 3,6L BRASILUX;BM 001815002;67;BRASILUX;556;BRASILUX TINTAS TECNICAS LTDA;40003;BASES SISTEMA NO MACHINE 
84633;BRASIMIX BU-ROSA 800ML BRASILUX;BM 001815088;67;BRASILUX;556;BRASILUX TINTAS TECNICAS LTDA;40003;BASES SISTEMA NO MACHINE 
24351;BRASIMIX BU-VERDE CLARO 3,6L BRASILUX;BM 002214702;67;BRASILUX;556;BRASILUX TINTAS TECNICAS LTDA;40003;BASES SISTEMA NO MACHINE 
84630;BRASIMIX BU-VERDE CLARO 800ML BRASILUX;BM 002214788;67;BRASILUX;556;BRASILUX TINTAS TECNICAS LTDA;40003;BASES SISTEMA NO MACHINE 
84886;BRASIMIX BU-VERDE ESCURO 3,6L BRASILUX;BM 002214802;67;BRASILUX;556;BRASILUX TINTAS TECNICAS LTDA;40003;BASES SISTEMA NO MACHINE 
84631;BRASIMIX BU-VERDE ESCURO 800ML BRASILUX;BM 002214888;67;BRASILUX;556;BRASILUX TINTAS TECNICAS LTDA;40003;BASES SISTEMA NO MACHINE 
84893;BRASIMIX BU-VERMELHO 3,6L BRASILUX;BM 002315802;67;BRASILUX;556;BRASILUX TINTAS TECNICAS LTDA;40003;BASES SISTEMA NO MACHINE 
84641;BRASIMIX BU-VERMELHO 800ML BRASILUX;BM 002315888;67;BRASILUX;556;BRASILUX TINTAS TECNICAS LTDA;40003;BASES SISTEMA NO MACHINE 
84892;BRASIMIX BU-VERMELHO ESCURO 3,6L BRASILUX;BM 002315702;67;BRASILUX;556;BRASILUX TINTAS TECNICAS LTDA;40003;BASES SISTEMA NO MACHINE 
84640;BRASIMIX BU-VERMELHO ESCURO 800ML BRASILUX;BM 002315788;67;BRASILUX;556;BRASILUX TINTAS TECNICAS LTDA;40003;BASES SISTEMA NO MACHINE 
84636;BRASIMIX BU-VERMELHO OXIDO 3,6L BRASILUX;BM 002315302;67;BRASILUX;556;BRASILUX TINTAS TECNICAS LTDA;40003;BASES SISTEMA NO MACHINE 
85272;BRASIMIX BU-VERMELHO OXIDO 800ML BRASILUX;BM 002315388;67;BRASILUX;556;BRASILUX TINTAS TECNICAS LTDA;40003;BASES SISTEMA NO MACHINE 
84888;BRASIMIX BU-VERMELHO RUBI 3,6L BRASILUX;BM 002315102;67;BRASILUX;556;BRASILUX TINTAS TECNICAS LTDA;40003;BASES SISTEMA NO MACHINE 
84634;BRASIMIX BU-VERMELHO RUBI 800ML BRASILUX;BM 002315188;67;BRASILUX;556;BRASILUX TINTAS TECNICAS LTDA;40003;BASES SISTEMA NO MACHINE 
84891;BRASIMIX BU-VERMELHO VIVO 3,6L BRASILUX;BM 002315502;67;BRASILUX;556;BRASILUX TINTAS TECNICAS LTDA;40003;BASES SISTEMA NO MACHINE 
84890;BRASIMIX BU-VIOLETA 3,6L BRASILUX;BM 004315402;67;BRASILUX;556;BRASILUX TINTAS TECNICAS LTDA;40003;BASES SISTEMA NO MACHINE 
84637;BRASIMIX BU-VIOLETA 800ML BRASILUX;BM 004315488;67;BRASILUX;556;BRASILUX TINTAS TECNICAS LTDA;40003;BASES SISTEMA NO MACHINE 
24372;BRASIMIX EMBALAGEM 3,6L BRASILUX;5049;67;BRASILUX;556;BRASILUX TINTAS TECNICAS LTDA;20029;EMBALAGEM
24371;BRASIMIX EMBALAGEM 900ML BRASILUX;5048;67;BRASILUX;556;BRASILUX TINTAS TECNICAS LTDA;20029;EMBALAGEM
84583;BRASIMIX IMOBILIARIO-AMARELO RT 900ML BRASILUX;BL 480217101;67;BRASILUX;556;BRASILUX TINTAS TECNICAS LTDA;30015;PIGMENTOS IMOBILIÁRIOS
84584;BRASIMIX IMOBILIARIO-AMARELO US 900ML BRASILUX;BL 480217201;67;BRASILUX;556;BRASILUX TINTAS TECNICAS LTDA;30015;PIGMENTOS IMOBILIÁRIOS
84586;BRASIMIX IMOBILIARIO-AMARELO ZC 900ML BRASILUX;BL 480230201;67;BRASILUX;556;BRASILUX TINTAS TECNICAS LTDA;30015;PIGMENTOS IMOBILIÁRIOS
84585;BRASIMIX IMOBILIARIO-AMARELO ZT 900ML BRASILUX;BL 480217301;67;BRASILUX;556;BRASILUX TINTAS TECNICAS LTDA;30015;PIGMENTOS IMOBILIÁRIOS
84587;BRASIMIX IMOBILIARIO-AZUL MS 900ML BRASILUX;BL 480317401;67;BRASILUX;556;BRASILUX TINTAS TECNICAS LTDA;30015;PIGMENTOS IMOBILIÁRIOS
84588;BRASIMIX IMOBILIARIO-BRANCO XT 900ML BRASILUX;BL 480517601;67;BRASILUX;556;BRASILUX TINTAS TECNICAS LTDA;30015;PIGMENTOS IMOBILIÁRIOS
84589;BRASIMIX IMOBILIARIO-PRETO TT 900ML BRASILUX;BL 481517801;67;BRASILUX;556;BRASILUX TINTAS TECNICAS LTDA;30015;PIGMENTOS IMOBILIÁRIOS
84594;BRASIMIX IMOBILIARIO-ROSA MM 900ML BRASILUX;BL 484318701;67;BRASILUX;556;BRASILUX TINTAS TECNICAS LTDA;30015;PIGMENTOS IMOBILIÁRIOS
84590;BRASIMIX IMOBILIARIO-VERDE LS 900ML BRASILUX;BL 482217901;67;BRASILUX;556;BRASILUX TINTAS TECNICAS LTDA;30015;PIGMENTOS IMOBILIÁRIOS
84591;BRASIMIX IMOBILIARIO-VERMELHO RS 900ML BRASILUX;BL 482318201;67;BRASILUX;556;BRASILUX TINTAS TECNICAS LTDA;30015;PIGMENTOS IMOBILIÁRIOS
84592;BRASIMIX IMOBILIARIO-VERMELHO VT 900ML BRASILUX;BL 482318301;67;BRASILUX;556;BRASILUX TINTAS TECNICAS LTDA;30015;PIGMENTOS IMOBILIÁRIOS
84593;BRASIMIX IMOBILIARIO-VIOLETA FT 900ML BRASILUX;BL 484318401;67;BRASILUX;556;BRASILUX TINTAS TECNICAS LTDA;30015;PIGMENTOS IMOBILIÁRIOS
85438;BRASIMIX PREMIUM-AMARELO CROMO 900ML BRASILUX;BM 000224201;67;BRASILUX;556;BRASILUX TINTAS TECNICAS LTDA;40005;BASES NO MACHINE PREMIUM
85427;BRASIMIX PREMIUM-AMARELO LIMAO 900ML BRASILUX;BM 000220501;67;BRASILUX;556;BRASILUX TINTAS TECNICAS LTDA;40005;BASES NO MACHINE PREMIUM
85426;BRASIMIX PREMIUM-AMARELO OURO 800ML BRASILUX;BM 000220488;67;BRASILUX;556;BRASILUX TINTAS TECNICAS LTDA;40005;BASES NO MACHINE PREMIUM
85439;BRASIMIX PREMIUM-AMARELO OXIDO 900ML BRASILUX;BM 000224301;67;BRASILUX;556;BRASILUX TINTAS TECNICAS LTDA;40005;BASES NO MACHINE PREMIUM
85428;BRASIMIX PREMIUM-AZUL CLARO 800ML BRASILUX;BM 000310688;67;BRASILUX;556;BRASILUX TINTAS TECNICAS LTDA;40005;BASES NO MACHINE PREMIUM
85429;BRASIMIX PREMIUM-AZUL MEDIO 900ML BRASILUX;BM 000320701;67;BRASILUX;556;BRASILUX TINTAS TECNICAS LTDA;40005;BASES NO MACHINE PREMIUM
85430;BRASIMIX PREMIUM-BRANCO 3,6L BRASILUX;BM 000520802;67;BRASILUX;556;BRASILUX TINTAS TECNICAS LTDA;40005;BASES NO MACHINE PREMIUM
85431;BRASIMIX PREMIUM-LARANJA 900ML BRASILUX;BM 000921301;67;BRASILUX;556;BRASILUX TINTAS TECNICAS LTDA;40005;BASES NO MACHINE PREMIUM
85442;BRASIMIX PREMIUM-PRETO 3,6L BRASILUX;BM 001525602;67;BRASILUX;556;BRASILUX TINTAS TECNICAS LTDA;40005;BASES NO MACHINE PREMIUM
85432;BRASIMIX PREMIUM-PRETO PROFUNDO 3,6L BRASILUX;BM 001522202;67;BRASILUX;556;BRASILUX TINTAS TECNICAS LTDA;40005;BASES NO MACHINE PREMIUM
85433;BRASIMIX PREMIUM-ROSA 900ML BRASILUX;BM 001822301;67;BRASILUX;556;BRASILUX TINTAS TECNICAS LTDA;40005;BASES NO MACHINE PREMIUM
85440;BRASIMIX PREMIUM-VERDE AZULADO 900ML BRASILUX;BM 002224801;67;BRASILUX;556;BRASILUX TINTAS TECNICAS LTDA;40005;BASES NO MACHINE PREMIUM
85434;BRASIMIX PREMIUM-VERDE ESCURO 800ML BRASILUX;BM 002222488;67;BRASILUX;556;BRASILUX TINTAS TECNICAS LTDA;40005;BASES NO MACHINE PREMIUM
85441;BRASIMIX PREMIUM-VERMELHO OXIDO 900ML BRASILUX;BM 002325301;67;BRASILUX;556;BRASILUX TINTAS TECNICAS LTDA;40005;BASES NO MACHINE PREMIUM
85436;BRASIMIX PREMIUM-VERMELHO RUBI 900ML BRASILUX;BM 002322601;67;BRASILUX;556;BRASILUX TINTAS TECNICAS LTDA;40005;BASES NO MACHINE PREMIUM
85435;BRASIMIX PREMIUM-VERMELHO VIVO 900ML BRASILUX;BM 002322501;67;BRASILUX;556;BRASILUX TINTAS TECNICAS LTDA;40005;BASES NO MACHINE PREMIUM
85437;BRASIMIX PREMIUM-VIOLETA  AVERMELHADA 900ML BRASILUX;BM 004322901;67;BRASILUX;556;BRASILUX TINTAS TECNICAS LTDA;40005;BASES NO MACHINE PREMIUM
84130;BRASIMOB ALUMINIO 225ML BRASILUX;BT 390100111;67;BRASILUX;556;BRASILUX TINTAS TECNICAS LTDA;40001;ESMALTES
84324;BRASIMOB ALUMINIO 3,6L BRASILUX;BT 390100102;67;BRASILUX;556;BRASILUX TINTAS TECNICAS LTDA;40001;ESMALTES
84349;BRASIMOB ALUMINIO 900ML BRASILUX;BT 390100101;67;BRASILUX;556;BRASILUX TINTAS TECNICAS LTDA;40001;ESMALTES
84131;BRASIMOB AMARELO OURO 225ML BRASILUX;BT 390200111;67;BRASILUX;556;BRASILUX TINTAS TECNICAS LTDA;40001;ESMALTES
84325;BRASIMOB AMARELO OURO 3,6L BRASILUX;BT 390200102;67;BRASILUX;556;BRASILUX TINTAS TECNICAS LTDA;40001;ESMALTES
84350;BRASIMOB AMARELO OURO 900ML BRASILUX;BT 390200101;67;BRASILUX;556;BRASILUX TINTAS TECNICAS LTDA;40001;ESMALTES
84800;BRASIMOB AMARELO SEGURANCA 18L BRASILUX;BT 390205103;67;BRASILUX;556;BRASILUX TINTAS TECNICAS LTDA;40001;ESMALTES
84351;BRASIMOB AMARELO SEGURANCA 3,6L BRASILUX;BT 390205102;67;BRASILUX;556;BRASILUX TINTAS TECNICAS LTDA;40001;ESMALTES
84326;BRASIMOB AREIA 3,6L BRASILUX;BT 390700102;67;BRASILUX;556;BRASILUX TINTAS TECNICAS LTDA;40001;ESMALTES
84352;BRASIMOB AREIA 900ML BRASILUX;BT 390700101;67;BRASILUX;556;BRASILUX TINTAS TECNICAS LTDA;40001;ESMALTES
84327;BRASIMOB AZUL CELESTE 3,6L BRASILUX;BT 390316902;67;BRASILUX;556;BRASILUX TINTAS TECNICAS LTDA;40001;ESMALTES
84353;BRASIMOB AZUL CELESTE 900ML BRASILUX;BT 390316901;67;BRASILUX;556;BRASILUX TINTAS TECNICAS LTDA;40001;ESMALTES
84799;BRASIMOB AZUL DEL REY 18L BRASILUX;BT 390320003;67;BRASILUX;556;BRASILUX TINTAS TECNICAS LTDA;40001;ESMALTES
84132;BRASIMOB AZUL DEL REY 225ML BRASILUX;BT 390320011;67;BRASILUX;556;BRASILUX TINTAS TECNICAS LTDA;40001;ESMALTES
84328;BRASIMOB AZUL DEL REY 3,6L BRASILUX;BT 390320002;67;BRASILUX;556;BRASILUX TINTAS TECNICAS LTDA;40001;ESMALTES
84354;BRASIMOB AZUL DEL REY 900ML BRASILUX;BT 390320001;67;BRASILUX;556;BRASILUX TINTAS TECNICAS LTDA;40001;ESMALTES
87199;BRASIMOB AZUL DEL REY ACETINADO 3,6L BRASILUX;;67;BRASILUX;556;BRASILUX TINTAS TECNICAS LTDA;40001;ESMALTES
84329;BRASIMOB AZUL FRANCA 3,6L BRASILUX;BT 390302702;67;BRASILUX;556;BRASILUX TINTAS TECNICAS LTDA;40001;ESMALTES
84355;BRASIMOB AZUL FRANCA 900ML BRASILUX;BT 390302701;67;BRASILUX;556;BRASILUX TINTAS TECNICAS LTDA;40001;ESMALTES
85009;BRASIMOB AZUL MAR 3,6L BRASILUX;BT 390304202;67;BRASILUX;556;BRASILUX TINTAS TECNICAS LTDA;40001;ESMALTES
85080;BRASIMOB AZUL MAR 900ML BRASILUX;BT 390304201;67;BRASILUX;556;BRASILUX TINTAS TECNICAS LTDA;40001;ESMALTES
84134;BRASIMOB BRANCO 225ML BRASILUX;BT 390500711;67;BRASILUX;556;BRASILUX TINTAS TECNICAS LTDA;40001;ESMALTES
84142;BRASIMOB BRANCO ACETINADO 3,6L BRASILUX;AC 390500702;67;BRASILUX;556;BRASILUX TINTAS TECNICAS LTDA;40001;ESMALTES
84143;BRASIMOB BRANCO ACETINADO 900ML BRASILUX;AC 390500701;67;BRASILUX;556;BRASILUX TINTAS TECNICAS LTDA;40001;ESMALTES
84793;BRASIMOB BRANCO BRILHANTE 18L BRASILUX;BT 390500703;67;BRASILUX;556;BRASILUX TINTAS TECNICAS LTDA;40001;ESMALTES
84331;BRASIMOB BRANCO BRILHANTE 3,6L BRASILUX;BT 390500702;67;BRASILUX;556;BRASILUX TINTAS TECNICAS LTDA;40001;ESMALTES
84357;BRASIMOB BRANCO BRILHANTE 900ML BRASILUX;BT 390500701;67;BRASILUX;556;BRASILUX TINTAS TECNICAS LTDA;40001;ESMALTES
84144;BRASIMOB BRANCO FOSCO 3,6L BRASILUX;FO 390500702;67;BRASILUX;556;BRASILUX TINTAS TECNICAS LTDA;40001;ESMALTES
84146;BRASIMOB BRANCO FOSCO 900ML BRASILUX;FO 390500701;67;BRASILUX;556;BRASILUX TINTAS TECNICAS LTDA;40001;ESMALTES
87353;BRASIMOB BRANCO GELO 18L BRASILUX;BT 390501703;67;BRASILUX;556;BRASILUX TINTAS TECNICAS LTDA;40001;ESMALTES
84330;BRASIMOB BRANCO GELO 3,6L BRASILUX;BT 390501702;67;BRASILUX;556;BRASILUX TINTAS TECNICAS LTDA;40001;ESMALTES
84356;BRASIMOB BRANCO GELO 900ML BRASILUX;BT 390501701;67;BRASILUX;556;BRASILUX TINTAS TECNICAS LTDA;40001;ESMALTES
84332;BRASIMOB CAMURCA 3,6L BRASILUX;BT 392400102;67;BRASILUX;11000389;CARVIC COM VER DE PROD E EQ P/ REP AUTO LTDA;40001;ESMALTES
84361;BRASIMOB CAMURCA 900ML BRASILUX;BT 392400101;67;BRASILUX;556;BRASILUX TINTAS TECNICAS LTDA;40001;ESMALTES
84776;BRASIMOB CERAMICA 3,6L BRASILUX;BT 393000102;67;BRASILUX;556;BRASILUX TINTAS TECNICAS LTDA;40001;ESMALTES
84775;BRASIMOB CERAMICA 900ML BRASILUX;BT 393000101;67;BRASILUX;556;BRASILUX TINTAS TECNICAS LTDA;40001;ESMALTES
84333;BRASIMOB CINZA ESCURO 3,6L BRASILUX;BT 390614002;67;BRASILUX;556;BRASILUX TINTAS TECNICAS LTDA;40001;ESMALTES
84358;BRASIMOB CINZA ESCURO 900ML BRASILUX;BT 390614001;67;BRASILUX;556;BRASILUX TINTAS TECNICAS LTDA;40001;ESMALTES
84796;BRASIMOB CINZA MEDIO 18L BRASILUX;BT 390604803;67;BRASILUX;556;BRASILUX TINTAS TECNICAS LTDA;40001;ESMALTES
84334;BRASIMOB CINZA MEDIO 3,6L BRASILUX;BT 390604802;67;BRASILUX;556;BRASILUX TINTAS TECNICAS LTDA;40001;ESMALTES
84359;BRASIMOB CINZA MEDIO 900ML BRASILUX;BT 390604801;67;BRASILUX;556;BRASILUX TINTAS TECNICAS LTDA;40001;ESMALTES
84336;BRASIMOB COLORADO 3,6L BRASILUX;BT 392900102;67;BRASILUX;556;BRASILUX TINTAS TECNICAS LTDA;40001;ESMALTES
84362;BRASIMOB COLORADO 900ML BRASILUX;BT 392900101;67;BRASILUX;556;BRASILUX TINTAS TECNICAS LTDA;40001;ESMALTES
84337;BRASIMOB CREME 3,6L BRASILUX;BT 391100102;67;BRASILUX;556;BRASILUX TINTAS TECNICAS LTDA;40001;ESMALTES
84338;BRASIMOB LARANJA 3,6L BRASILUX;BT 390900102;67;BRASILUX;556;BRASILUX TINTAS TECNICAS LTDA;40001;ESMALTES
84364;BRASIMOB LARANJA 900ML BRASILUX;BT 390900101;67;BRASILUX;556;BRASILUX TINTAS TECNICAS LTDA;40001;ESMALTES
84339;BRASIMOB MARFIM 3,6L BRASILUX;BT 390800102;67;BRASILUX;556;BRASILUX TINTAS TECNICAS LTDA;40001;ESMALTES
84120;BRASIMOB MARFIM 900ML BRASILUX;BT 390800101;67;BRASILUX;556;BRASILUX TINTAS TECNICAS LTDA;40001;ESMALTES
84340;BRASIMOB MARROM CAFE 3,6L BRASILUX;BT 391003502;67;BRASILUX;556;BRASILUX TINTAS TECNICAS LTDA;40001;ESMALTES
84121;BRASIMOB MARROM CAFE 900ML BRASILUX;BT 391003501;67;BRASILUX;556;BRASILUX TINTAS TECNICAS LTDA;40001;ESMALTES
84341;BRASIMOB MARROM CONHAQUE 3,6L BRASILUX;BT 391001002;67;BRASILUX;556;BRASILUX TINTAS TECNICAS LTDA;40001;ESMALTES
84122;BRASIMOB MARROM CONHAQUE 900ML BRASILUX;BT 391001001;67;BRASILUX;556;BRASILUX TINTAS TECNICAS LTDA;40001;ESMALTES
84335;BRASIMOB PLATINA 3,6L BRASILUX;BT 390603602;67;BRASILUX;556;BRASILUX TINTAS TECNICAS LTDA;40001;ESMALTES
84360;BRASIMOB PLATINA 900ML BRASILUX;BT 390603601;67;BRASILUX;556;BRASILUX TINTAS TECNICAS LTDA;40001;ESMALTES
84794;BRASIMOB PRETO BRILHANTE 18L BRASILUX;BT 391500103;67;BRASILUX;556;BRASILUX TINTAS TECNICAS LTDA;40001;ESMALTES
84139;BRASIMOB PRETO BRILHANTE 225ML BRASILUX;BT 391500111;67;BRASILUX;556;BRASILUX TINTAS TECNICAS LTDA;40001;ESMALTES
84342;BRASIMOB PRETO BRILHANTE 3,6L BRASILUX;BT 391500102;67;BRASILUX;556;BRASILUX TINTAS TECNICAS LTDA;40001;ESMALTES
84123;BRASIMOB PRETO BRILHANTE 900ML BRASILUX;BT 391500101;67;BRASILUX;556;BRASILUX TINTAS TECNICAS LTDA;40001;ESMALTES
84145;BRASIMOB PRETO FOSCO 3,6L BRASILUX;FO 391500102;67;BRASILUX;556;BRASILUX TINTAS TECNICAS LTDA;40001;ESMALTES
84147;BRASIMOB PRETO FOSCO 900ML BRASILUX;FO 391500101;67;BRASILUX;556;BRASILUX TINTAS TECNICAS LTDA;40001;ESMALTES
85499;BRASIMOB ROSA INDIA 3,6L BRASILUX;BT 391802102;67;BRASILUX;556;BRASILUX TINTAS TECNICAS LTDA;40001;ESMALTES
84343;BRASIMOB TABACO 3,6L BRASILUX;BT 391000202;67;BRASILUX;556;BRASILUX TINTAS TECNICAS LTDA;40001;ESMALTES
84124;BRASIMOB TABACO 900ML BRASILUX;BT 391000201;67;BRASILUX;556;BRASILUX TINTAS TECNICAS LTDA;40001;ESMALTES
84797;BRASIMOB VERDE COLONIAL 18L BRASILUX;BT 392201403;67;BRASILUX;556;BRASILUX TINTAS TECNICAS LTDA;40001;ESMALTES
84346;BRASIMOB VERDE COLONIAL 3,6L BRASILUX;BT 392201402;67;BRASILUX;556;BRASILUX TINTAS TECNICAS LTDA;40001;ESMALTES
84127;BRASIMOB VERDE COLONIAL 900ML BRASILUX;BT 392201401;67;BRASILUX;556;BRASILUX TINTAS TECNICAS LTDA;40001;ESMALTES
87198;BRASIMOB VERDE COLONIAL ACETINADO 3,6L BRASILUX;;67;BRASILUX;556;BRASILUX TINTAS TECNICAS LTDA;40001;ESMALTES
84344;BRASIMOB VERDE FOLHA 3,6L BRASILUX;BT 392202002;67;BRASILUX;556;BRASILUX TINTAS TECNICAS LTDA;40001;ESMALTES
84125;BRASIMOB VERDE FOLHA 900ML BRASILUX;BT 392202001;67;BRASILUX;556;BRASILUX TINTAS TECNICAS LTDA;40001;ESMALTES
85008;BRASIMOB VERDE LIMAO 3,6L BRASILUX;BT 392245702;67;BRASILUX;556;BRASILUX TINTAS TECNICAS LTDA;40001;ESMALTES
85081;BRASIMOB VERDE LIMAO 900ML BRASILUX;BT 392245701;67;BRASILUX;556;BRASILUX TINTAS TECNICAS LTDA;40001;ESMALTES
84345;BRASIMOB VERDE NILO 3,6L BRASILUX;BT 392211302;67;BRASILUX;556;BRASILUX TINTAS TECNICAS LTDA;40001;ESMALTES
84126;BRASIMOB VERDE NILO 900ML BRASILUX;BT 392211301;67;BRASILUX;556;BRASILUX TINTAS TECNICAS LTDA;40001;ESMALTES
84347;BRASIMOB VERMELHO 3,6L BRASILUX;BT 392300102;67;BRASILUX;556;BRASILUX TINTAS TECNICAS LTDA;40001;ESMALTES
84128;BRASIMOB VERMELHO 900ML BRASILUX;BT 392300101;67;BRASILUX;556;BRASILUX TINTAS TECNICAS LTDA;40001;ESMALTES
84348;BRASIMOB VERMELHO CHASSI GOYA 3,6L BRASILUX;BT 392301002;67;BRASILUX;556;BRASILUX TINTAS TECNICAS LTDA;40001;ESMALTES
84129;BRASIMOB VERMELHO CHASSI GOYA 900ML BRASILUX;BT 392301001;67;BRASILUX;556;BRASILUX TINTAS TECNICAS LTDA;40001;ESMALTES
84208;BRASIMOB ZARCAO LARANJA 225ML BRASILUX;ZC 392600111;67;BRASILUX;556;BRASILUX TINTAS TECNICAS LTDA;40001;ESMALTES
84206;BRASIMOB ZARCAO LARANJA 3,6L BRASILUX;ZC 392600102;67;BRASILUX;556;BRASILUX TINTAS TECNICAS LTDA;40001;ESMALTES
84207;BRASIMOB ZARCAO LARANJA 900ML BRASILUX;ZC 392600101;67;BRASILUX;556;BRASILUX TINTAS TECNICAS LTDA;40001;ESMALTES
85002;BRASIMUITO ACRILICO FOSCO BASE A 16,2L;BA 930521733;67;BRASILUX;556;BRASILUX TINTAS TECNICAS LTDA;30006;BASES IMOBILIÁRIAS
85170;BRASIMUITO ACRILICO FOSCO BRANCO NEVE BALDE 18L;FO 930503003;67;BRASILUX;556;BRASILUX TINTAS TECNICAS LTDA;30001;TINTA PAREDE
85001;BRASIMUITO-BASE A 3,24L BRASILUX;BA 930521732;67;BRASILUX;556;BRASILUX TINTAS TECNICAS LTDA;30006;BASES IMOBILIÁRIAS
85169;BRASIMUITO-BRANCO NEVE FOSCO 3,6L BRASILUX;FO 930503002;67;BRASILUX;556;BRASILUX TINTAS TECNICAS LTDA;30001;TINTA PAREDE
87372;BRASINIL ACRILICO ECONOMICO ALGODÃO EGÍPICIO 3,6L BRASILUX;;67;BRASILUX;556;BRASILUX TINTAS TECNICAS LTDA;30001;TINTA PAREDE
87007;BRASINIL ACRILICO ECONOMICO ALGODÃO EGÍPICIO BALDE 18L BRASILUX;FO 430564657;67;BRASILUX;556;BRASILUX TINTAS TECNICAS LTDA;30001;TINTA PAREDE
84257;BRASINIL ACRILICO ECONOMICO AREIA 3,6L BRASILUX;FO 430700102;67;BRASILUX;556;BRASILUX TINTAS TECNICAS LTDA;30001;TINTA PAREDE
84248;BRASINIL ACRILICO ECONOMICO AREIA BALDE 18L BRASILUX;FO 430700157;67;BRASILUX;556;BRASILUX TINTAS TECNICAS LTDA;30001;TINTA PAREDE
84595;BRASINIL ACRILICO ECONOMICO BASE A 3,24L BRASILUX;BA 430521732;67;BRASILUX;556;BRASILUX TINTAS TECNICAS LTDA;30006;BASES IMOBILIÁRIAS
84596;BRASINIL ACRILICO ECONOMICO BASE A BALDE 18L BRASILUX;BA 430521733;67;BRASILUX;556;BRASILUX TINTAS TECNICAS LTDA;30006;BASES IMOBILIÁRIAS
84258;BRASINIL ACRILICO ECONOMICO BRANCO GELO 3,6L BRASILUX;FO 430501702;67;BRASILUX;556;BRASILUX TINTAS TECNICAS LTDA;30001;TINTA PAREDE
84249;BRASINIL ACRILICO ECONOMICO BRANCO GELO BALDE 18L BRASILUX;FO 430501757;67;BRASILUX;556;BRASILUX TINTAS TECNICAS LTDA;30001;TINTA PAREDE
84259;BRASINIL ACRILICO ECONOMICO BRANCO NEVE 3,6L BRASILUX;FO 430503002;67;BRASILUX;556;BRASILUX TINTAS TECNICAS LTDA;30001;TINTA PAREDE
84250;BRASINIL ACRILICO ECONOMICO BRANCO NEVE BALDE 18L BRASILUX;FO 430503057;67;BRASILUX;556;BRASILUX TINTAS TECNICAS LTDA;30001;TINTA PAREDE
84264;BRASINIL ACRILICO ECONOMICO CAMURÇA 3,6L BRASILUX;FO 432400102;67;BRASILUX;556;BRASILUX TINTAS TECNICAS LTDA;30001;TINTA PAREDE
84256;BRASINIL ACRILICO ECONOMICO CAMURÇA BALDE 18L BRASILUX;FO 432400157;67;BRASILUX;556;BRASILUX TINTAS TECNICAS LTDA;30001;TINTA PAREDE
84260;BRASINIL ACRILICO ECONOMICO CONTO DE FADAS 3,6L BRASILUX;FO 430655302;67;BRASILUX;556;BRASILUX TINTAS TECNICAS LTDA;30001;TINTA PAREDE
84251;BRASINIL ACRILICO ECONOMICO CONTO DE FADAS BALDE 18L BRASILUX;FO 430655357;67;BRASILUX;556;BRASILUX TINTAS TECNICAS LTDA;30001;TINTA PAREDE
87368;BRASINIL ACRILICO ECONOMICO ERVA DOCE 3,6L BRASILUX;;67;BRASILUX;556;BRASILUX TINTAS TECNICAS LTDA;30002;IMPERMEABILIZANTES
84252;BRASINIL ACRILICO ECONOMICO ERVA DOCE BALDE 18L BRASILUX;FO 432245657;67;BRASILUX;556;BRASILUX TINTAS TECNICAS LTDA;30001;TINTA PAREDE
84261;BRASINIL ACRILICO ECONOMICO MARFIM 3,6L BRASILUX;FO 430800102;67;BRASILUX;556;BRASILUX TINTAS TECNICAS LTDA;30001;TINTA PAREDE
84253;BRASINIL ACRILICO ECONOMICO MARFIM BALDE 18L BRASILUX;FO 430800157;67;BRASILUX;556;BRASILUX TINTAS TECNICAS LTDA;30001;TINTA PAREDE
84262;BRASINIL ACRILICO ECONOMICO PALHA 3,6L BRASILUX;FO 431200102;67;BRASILUX;556;BRASILUX TINTAS TECNICAS LTDA;30001;TINTA PAREDE
84254;BRASINIL ACRILICO ECONOMICO PALHA BALDE 18L BRASILUX;FO 431200157;67;BRASILUX;556;BRASILUX TINTAS TECNICAS LTDA;30001;TINTA PAREDE
84263;BRASINIL ACRILICO ECONOMICO PEROLA 3,6L BRASILUX;FO 431300102;67;BRASILUX;556;BRASILUX TINTAS TECNICAS LTDA;30001;TINTA PAREDE
84255;BRASINIL ACRILICO ECONOMICO PEROLA BALDE 18L BRASILUX;FO 431300157;67;BRASILUX;556;BRASILUX TINTAS TECNICAS LTDA;30001;TINTA PAREDE
85375;BRASIPLUS ACRILICA FOSCA PREMIIUM NOBRE BRANCO NEVE 18LT BRASILUX;FO 410503003;67;BRASILUX;556;BRASILUX TINTAS TECNICAS LTDA;30001;TINTA PAREDE
84987;BRASIPLUS ACRILICA FOSCA PREMIUM NOBRE BASE A 16,2L BRASILUX;BA 410521733;67;BRASILUX;556;BRASILUX TINTAS TECNICAS LTDA;30006;BASES IMOBILIÁRIAS
84985;BRASIPLUS ACRILICA FOSCA PREMIUM NOBRE BASE A 810ML BRASILUX;BA 410521731;67;BRASILUX;556;BRASILUX TINTAS TECNICAS LTDA;30006;BASES IMOBILIÁRIAS
84990;BRASIPLUS ACRILICA FOSCA PREMIUM NOBRE BASE B 16,2L BRASILUX;BA 410521833;67;BRASILUX;556;BRASILUX TINTAS TECNICAS LTDA;30006;BASES IMOBILIÁRIAS
84989;BRASIPLUS ACRILICA FOSCA PREMIUM NOBRE BASE B 3,24L BRASILUX;BA 410521832;67;BRASILUX;556;BRASILUX TINTAS TECNICAS LTDA;30006;BASES IMOBILIÁRIAS
84988;BRASIPLUS ACRILICA FOSCA PREMIUM NOBRE BASE B 810ML BRASILUX;BA 410521831;67;BRASILUX;556;BRASILUX TINTAS TECNICAS LTDA;30006;BASES IMOBILIÁRIAS
84993;BRASIPLUS ACRILICA FOSCA PREMIUM NOBRE BASE C 16,2L BRASILUX;BA 410521933;67;BRASILUX;556;BRASILUX TINTAS TECNICAS LTDA;30006;BASES IMOBILIÁRIAS
84992;BRASIPLUS ACRILICA FOSCA PREMIUM NOBRE BASE C 3,24L BRASILUX;BA 410521932;67;BRASILUX;556;BRASILUX TINTAS TECNICAS LTDA;30006;BASES IMOBILIÁRIAS
84991;BRASIPLUS ACRILICA FOSCA PREMIUM NOBRE BASE C 810ML BRASILUX;BA 410521931;67;BRASILUX;556;BRASILUX TINTAS TECNICAS LTDA;30006;BASES IMOBILIÁRIAS
85449;BRASIPLUS ACRILICA FOSCA PREMIUM NOBRE BRANCO GELO 18L BRASILUX;FO 410501703;67;BRASILUX;556;BRASILUX TINTAS TECNICAS LTDA;30001;TINTA PAREDE
84380;BRASIPLUS ACRILICA SEMIBRILHO BRANCO NEVE BALDE 18L BRASILUX;SB 440503057;67;BRASILUX;556;BRASILUX TINTAS TECNICAS LTDA;30001;TINTA PAREDE
84603;BRASIPLUS ACRILICA SEMIBRILHO PREMIUM NOBRE BASE A 16,2L BRASILUX;BA 440521733;67;BRASILUX;556;BRASILUX TINTAS TECNICAS LTDA;30006;BASES IMOBILIÁRIAS
84602;BRASIPLUS ACRILICA SEMIBRILHO PREMIUM NOBRE BASE A 3,24L BRASILUX;BA 440521732;67;BRASILUX;556;BRASILUX TINTAS TECNICAS LTDA;30006;BASES IMOBILIÁRIAS
84601;BRASIPLUS ACRILICA SEMIBRILHO PREMIUM NOBRE BASE A 810ML BRASILUX;BA 440521731;67;BRASILUX;556;BRASILUX TINTAS TECNICAS LTDA;30006;BASES IMOBILIÁRIAS
84605;BRASIPLUS ACRILICA SEMIBRILHO PREMIUM NOBRE BASE B 16,2L BRASILUX;BA 440521833;67;BRASILUX;556;BRASILUX TINTAS TECNICAS LTDA;30006;BASES IMOBILIÁRIAS
84604;BRASIPLUS ACRILICA SEMIBRILHO PREMIUM NOBRE BASE B 3,24L BRASILUX;BA 440521832;67;BRASILUX;556;BRASILUX TINTAS TECNICAS LTDA;30006;BASES IMOBILIÁRIAS
84749;BRASIPLUS ACRILICA SEMIBRILHO PREMIUM NOBRE BASE B 810ML BRASILUX;BA 440521831;67;BRASILUX;556;BRASILUX TINTAS TECNICAS LTDA;30006;BASES IMOBILIÁRIAS
84607;BRASIPLUS ACRILICA SEMIBRILHO PREMIUM NOBRE BASE C 16,2L BRASILUX;BA 440521933;67;BRASILUX;556;BRASILUX TINTAS TECNICAS LTDA;30006;BASES IMOBILIÁRIAS
84606;BRASIPLUS ACRILICA SEMIBRILHO PREMIUM NOBRE BASE C 3,24L BRASILUX;BA 440521932;67;BRASILUX;556;BRASILUX TINTAS TECNICAS LTDA;30006;BASES IMOBILIÁRIAS
84984;BRASIPLUS ACRILICA SEMIBRILHO PREMIUM NOBRE BASE C 810ML BRASILUX;BA 440521931;67;BRASILUX;556;BRASILUX TINTAS TECNICAS LTDA;30006;BASES IMOBILIÁRIAS
84294;BRASIPLUS ACRILICA SEMIBRILHO PREMIUM NOBRE BRANCO GELO 3,6L BRASILUX;SB 440501702;67;BRASILUX;556;BRASILUX TINTAS TECNICAS LTDA;30001;TINTA PAREDE
84379;BRASIPLUS ACRILICA SEMIBRILHO PREMIUM NOBRE BRANCO GELO LATA 18L BRASI;SB 440501703;67;BRASILUX;556;BRASILUX TINTAS TECNICAS LTDA;30001;TINTA PAREDE
84295;BRASIPLUS ACRILICA SEMIBRILHO PREMIUM NOBRE BRANCO NEVE 3,6L BRASILUX;SB 440503002;67;BRASILUX;556;BRASILUX TINTAS TECNICAS LTDA;30001;TINTA PAREDE
84758;BRASIPLUS ACRILICA SEMIBRILHO PREMIUM NOBRE BRANCO NEVE LATA 18L BRASI;SB 440503003;67;BRASILUX;556;BRASILUX TINTAS TECNICAS LTDA;30001;TINTA PAREDE
84986;BRASIPLUS ACRILILICA FOSCA PREMIUM NOBRE BASE A 3,24L BRASILUX;BA 410521732;67;BRASILUX;556;BRASILUX TINTAS TECNICAS LTDA;30006;BASES IMOBILIÁRIAS
84813;BRASIPLUS EPOXI HOSPITALAR - BRANCO N9,5 PURO SB 900ML;SB 890504701;67;BRASILUX;556;BRASILUX TINTAS TECNICAS LTDA;40002;EPOXI
86997;BRASITEC EMBALAGEM 3,6L BRASILUX;502;67;BRASILUX;556;BRASILUX TINTAS TECNICAS LTDA;20029;EMBALAGEM
87175;BRASITEC ESMALTE SINT SECAGEM EXTRA RAPIDA PRETO ACETINADO 3,6LT BRASI;AC 011500102;67;BRASILUX;556;BRASILUX TINTAS TECNICAS LTDA;40001;ESMALTES
84498;BRASITEC SINTETICO EXTRA RAPIDO VERMELHO EXTINTOR 18L BRASILUX;BT 012307403;67;BRASILUX;556;BRASILUX TINTAS TECNICAS LTDA;40001;ESMALTES
84869;BRASITEC-CINZA N3.5 ESCURO 2,7L BRASILUX;BT 150601414;67;BRASILUX;556;BRASILUX TINTAS TECNICAS LTDA;40002;EPOXI
84961;BRASITELHA-INCOLOR 18L BRASILUX;VN 530015003;67;BRASILUX;556;BRASILUX TINTAS TECNICAS LTDA;30002;IMPERMEABILIZANTES
84960;BRASITELHA-INCOLOR 3,6L BRASILUX;VN 530015002;67;BRASILUX;556;BRASILUX TINTAS TECNICAS LTDA;30002;IMPERMEABILIZANTES
85166;BRASIVED CAPO KPO CINZA 300G BRASILUX;VC 340000244;67;BRASILUX;556;BRASILUX TINTAS TECNICAS LTDA;20049;VEDADORES / SELANTES
84513;BRASJET - ALUMINIO ALTA TEMP 400ML;ST 550110059;67;BRASILUX;556;BRASILUX TINTAS TECNICAS LTDA;20021;SPRAYS 
84512;BRASJET - ALUMINIO RODAS METALICO 400ML;ST 550100159;67;BRASILUX;556;BRASILUX TINTAS TECNICAS LTDA;20021;SPRAYS 
84515;BRASJET - AMARELO FLUORESCENTE 400ML;ST 550237759;67;BRASILUX;556;BRASILUX TINTAS TECNICAS LTDA;20021;SPRAYS 
84514;BRASJET - AMARELO JOHN DEERE 400M;ST 550223859;67;BRASILUX;556;BRASILUX TINTAS TECNICAS LTDA;20021;SPRAYS 
84540;BRASJET - AMARELO USO GERAL 400ML;ST 550274559;67;BRASILUX;556;BRASILUX TINTAS TECNICAS LTDA;20021;SPRAYS 
84516;BRASJET - AZUL CLARO USO GERAL 400ML;ST 550304259;67;BRASILUX;556;BRASILUX TINTAS TECNICAS LTDA;20021;SPRAYS 
84517;BRASJET - AZUL ESCURO USO GERAL 400ML;ST 550320059;67;BRASILUX;556;BRASILUX TINTAS TECNICAS LTDA;20021;SPRAYS 
84519;BRASJET - BRANCO BRILHANTE USO GERAL 400ML;ST 550500759;67;BRASILUX;556;BRASILUX TINTAS TECNICAS LTDA;20021;SPRAYS 
84518;BRASJET - BRANCO FOSCO USO GERAL 400ML;ST 550500159;67;BRASILUX;556;BRASILUX TINTAS TECNICAS LTDA;20021;SPRAYS 
84521;BRASJET - CINZA PRIMER PLACA MEDIO 400ML;ST 550610459;67;BRASILUX;556;BRASILUX TINTAS TECNICAS LTDA;20021;SPRAYS 
84524;BRASJET - COBRE METALICO 400ML;ST 551018959;67;BRASILUX;556;BRASILUX TINTAS TECNICAS LTDA;20021;SPRAYS 
84535;BRASJET - CROMADO METALICO 400ML;ST 553500059;67;BRASILUX;556;BRASILUX TINTAS TECNICAS LTDA;20021;SPRAYS 
84534;BRASJET - DOURADO METALICO 400ML;ST 553200159;67;BRASILUX;556;BRASILUX TINTAS TECNICAS LTDA;20021;SPRAYS 
84520;BRASJET - GRAFITE METALICO 400ML;ST 550610359;67;BRASILUX;556;BRASILUX TINTAS TECNICAS LTDA;20021;SPRAYS 
84523;BRASJET - LARANJA FLUORESCENTE 400ML;ST 550931559;67;BRASILUX;556;BRASILUX TINTAS TECNICAS LTDA;20021;SPRAYS 
84528;BRASJET - PINK FLUORESCENTE 400ML;ST 551802259;67;BRASILUX;556;BRASILUX TINTAS TECNICAS LTDA;20021;SPRAYS 
84527;BRASJET - ROSA USO GERAL 400ML;ST 551800159;67;BRASILUX;556;BRASILUX TINTAS TECNICAS LTDA;20021;SPRAYS 
84529;BRASJET - ROSE GOLD 400ML;ST 551808659;67;BRASILUX;556;BRASILUX TINTAS TECNICAS LTDA;20021;SPRAYS 
84530;BRASJET - VERDE CLARO USO GERAL 400ML;ST 552211359;67;BRASILUX;556;BRASILUX TINTAS TECNICAS LTDA;20021;SPRAYS 
84531;BRASJET - VERDE FLUORESCENTE 400ML;ST 552262759;67;BRASILUX;556;BRASILUX TINTAS TECNICAS LTDA;20021;SPRAYS 
84532;BRASJET - VERDE TURQUESA USO GERAL 400ML;ST 552288959;67;BRASILUX;556;BRASILUX TINTAS TECNICAS LTDA;20021;SPRAYS 
84533;BRASJET - VERMELHO USO GERAL 400ML;ST 552300059;67;BRASILUX;556;BRASILUX TINTAS TECNICAS LTDA;20021;SPRAYS 
84511;BRASJET - VERNIZ USO GERAL 400ML;ST 550000059;67;BRASILUX;556;BRASILUX TINTAS TECNICAS LTDA;20021;SPRAYS 
84302;BRASPISO ACETINADO AMARELO OURO 3,6L BRASILUX;AC 470200102;67;BRASILUX;556;BRASILUX TINTAS TECNICAS LTDA;30003;TINTA PARA PISO
84381;BRASPISO ACETINADO AMARELO OURO BALDE 18L BRASILUX;AC 470200157;67;BRASILUX;556;BRASILUX TINTAS TECNICAS LTDA;30003;TINTA PARA PISO
87348;BRASPISO ACETINADO AMARELO OURO LATA 18L BRASILUX;AC 470200103;67;BRASILUX;556;BRASILUX TINTAS TECNICAS LTDA;30003;TINTA PARA PISO
84382;BRASPISO AZUL PROFUNDO QUADRA ACETINADO BALDE 18L BRASILUX;AC 470320657;67;BRASILUX;556;BRASILUX TINTAS TECNICAS LTDA;30003;TINTA PARA PISO
87318;BRASPISO AZUL PROFUNDO QUADRA ACETINADO LATA 18L BRASILUX;AC 470320603;67;BRASILUX;556;BRASILUX TINTAS TECNICAS LTDA;30003;TINTA PARA PISO
84303;BRASPISO AZUL QUADRA ACETINADO 3,6L BRASILUX;AC 470320602;67;BRASILUX;556;BRASILUX TINTAS TECNICAS LTDA;30003;TINTA PARA PISO
84751;BRASPISO BASE UNICA 3,24L BRASILUX;BA 470521932;67;BRASILUX;556;BRASILUX TINTAS TECNICAS LTDA;30003;TINTA PARA PISO
84750;BRASPISO BASE UNICA BALDE 16,2L BRASILUX;BA 470521933;67;BRASILUX;556;BRASILUX TINTAS TECNICAS LTDA;30003;TINTA PARA PISO
84304;BRASPISO BRANCO ACETINADO 3,6L BRASILUX;AC 470503002;67;BRASILUX;556;BRASILUX TINTAS TECNICAS LTDA;30003;TINTA PARA PISO
84383;BRASPISO BRANCO ACETINADO BALDE 18L BRASILUX;AC 470503057;67;BRASILUX;556;BRASILUX TINTAS TECNICAS LTDA;30003;TINTA PARA PISO
87291;BRASPISO BRANCO ACETINADO LATA 18L BRASILUX;AC 470503003;67;BRASILUX;556;BRASILUX TINTAS TECNICAS LTDA;30003;TINTA PARA PISO
84306;BRASPISO CINZA ACETINADO 3,6L BRASILUX;AC 470600002;67;BRASILUX;556;BRASILUX TINTAS TECNICAS LTDA;30003;TINTA PARA PISO
84385;BRASPISO CINZA ACETINADO BALDE 18L BRASILUX;AC 470600057;67;BRASILUX;556;BRASILUX TINTAS TECNICAS LTDA;30003;TINTA PARA PISO
87292;BRASPISO CINZA ACETINADO LATA 18L BRASILUX;AC 470600003;67;BRASILUX;556;BRASILUX TINTAS TECNICAS LTDA;30003;TINTA PARA PISO
84305;BRASPISO CINZA ESCURO ACETINADO 3,6L BRASILUX;AC 470614002;67;BRASILUX;556;BRASILUX TINTAS TECNICAS LTDA;30003;TINTA PARA PISO
84384;BRASPISO CINZA ESCURO ACETINADO BALDE 18L BRASILUX;AC 470614057;67;BRASILUX;556;BRASILUX TINTAS TECNICAS LTDA;30003;TINTA PARA PISO
85006;BRASPISO CINZA ESCURO ACETINADO LATA 18L BRASILUX;AC 470614003;67;BRASILUX;556;BRASILUX TINTAS TECNICAS LTDA;30003;TINTA PARA PISO
85271;BRASPISO CINZA ESCURO FOSCO BALDE 18L BRASILUX;FO 470614057;67;BRASILUX;556;BRASILUX TINTAS TECNICAS LTDA;30003;TINTA PARA PISO
87290;BRASPISO CINZA ESCURO FOSCO LATA 18L BRASILUX;FO 470614003;67;BRASILUX;556;BRASILUX TINTAS TECNICAS LTDA;30003;TINTA PARA PISO
85283;BRASPISO CINZA MEDIO FOSCO BALDE 18L BRASILUX;FO 470604857;67;BRASILUX;556;BRASILUX TINTAS TECNICAS LTDA;30003;TINTA PARA PISO
85285;BRASPISO CINZA MEDIO FOSCO LATA 18L BRASILUX;FO 470604803;67;BRASILUX;556;BRASILUX TINTAS TECNICAS LTDA;30003;TINTA PARA PISO
84307;BRASPISO CONCRETO ACETINADO 3,6L BRASILUX;AC 474700102;67;BRASILUX;556;BRASILUX TINTAS TECNICAS LTDA;30003;TINTA PARA PISO
84386;BRASPISO CONCRETO ACETINADO BALDE 18L BRASILUX;AC 474700157;67;BRASILUX;556;BRASILUX TINTAS TECNICAS LTDA;30003;TINTA PARA PISO
84983;BRASPISO CONCRETO ACETINADO LATA 18L BRASILUX;AC 474700103;67;BRASILUX;556;BRASILUX TINTAS TECNICAS LTDA;30003;TINTA PARA PISO
84308;BRASPISO MARROM ACETINADO 3,6L BRASILUX;AC 471022502;67;BRASILUX;556;BRASILUX TINTAS TECNICAS LTDA;30003;TINTA PARA PISO
84387;BRASPISO MARROM ACETINADO BALDE 18L BRASILUX;AC 471022557;67;BRASILUX;556;BRASILUX TINTAS TECNICAS LTDA;30003;TINTA PARA PISO
87349;BRASPISO MARROM ACETINADO LATA 18L BRASILUX;AC 471022503;67;BRASILUX;556;BRASILUX TINTAS TECNICAS LTDA;30003;TINTA PARA PISO
85365;BRASPISO POWER PISO CINZA 3,6L BRASILUX;PW 470600002;67;BRASILUX;556;BRASILUX TINTAS TECNICAS LTDA;30003;TINTA PARA PISO
85369;BRASPISO POWER PISO CINZA CHUMBO 3,6L BRASILUX;PW 470635102;67;BRASILUX;556;BRASILUX TINTAS TECNICAS LTDA;30003;TINTA PARA PISO
85367;BRASPISO POWER PISO CINZA ESCURO 3,6L BRASILUX;PW 470614002;67;BRASILUX;556;BRASILUX TINTAS TECNICAS LTDA;30003;TINTA PARA PISO
85368;BRASPISO POWER PISO CINZA ESCURO BALDE 18L BRASILUX;PW 470614003;67;BRASILUX;556;BRASILUX TINTAS TECNICAS LTDA;30003;TINTA PARA PISO
85371;BRASPISO POWER PISO PRETO 3,6L BRASILUX;PW 471500102;67;BRASILUX;556;BRASILUX TINTAS TECNICAS LTDA;30003;TINTA PARA PISO
85372;BRASPISO POWER PISO PRETO BALDE 18L BRASILUX;PW 471500103;67;BRASILUX;556;BRASILUX TINTAS TECNICAS LTDA;30003;TINTA PARA PISO
85373;BRASPISO POWER PISO VERDE QUADRA 3,6L BRASILUX;PW 472224002;67;BRASILUX;556;BRASILUX TINTAS TECNICAS LTDA;30003;TINTA PARA PISO
85374;BRASPISO POWER PISO VERDE QUADRA BALDE 18L BRASILUX;PW 472224003;67;BRASILUX;556;BRASILUX TINTAS TECNICAS LTDA;30003;TINTA PARA PISO
84309;BRASPISO PRETO ACETINADO 3,6L BRASILUX;AC 471500102;67;BRASILUX;556;BRASILUX TINTAS TECNICAS LTDA;30003;TINTA PARA PISO
84388;BRASPISO PRETO ACETINADO BALDE 18L BRASILUX;AC 471500157;67;BRASILUX;556;BRASILUX TINTAS TECNICAS LTDA;30003;TINTA PARA PISO
87293;BRASPISO PRETO ACETINADO LATA 18L BRASILUX;AC 471500103;67;BRASILUX;556;BRASILUX TINTAS TECNICAS LTDA;30003;TINTA PARA PISO
84310;BRASPISO VERDE QUADRA ACETINADO 3,6L BRASILUX;AC 472224002;67;BRASILUX;556;BRASILUX TINTAS TECNICAS LTDA;30003;TINTA PARA PISO
84389;BRASPISO VERDE QUADRA ACETINADO BALDE 18L BRASILUX;AC 472224057;67;BRASILUX;556;BRASILUX TINTAS TECNICAS LTDA;30003;TINTA PARA PISO
87294;BRASPISO VERDE QUADRA ACETINADO LATA 18L BRASILUX;AC 472224003;67;BRASILUX;556;BRASILUX TINTAS TECNICAS LTDA;30003;TINTA PARA PISO
84311;BRASPISO VERMELHO QUADRA ACETINADO 3,6L BRASILUX;AC 472362402;67;BRASILUX;556;BRASILUX TINTAS TECNICAS LTDA;30003;TINTA PARA PISO
84405;BRASPISO VERMELHO QUADRA ACETINADO BALDE 18L BRASILUX;AC 472362457;67;BRASILUX;556;BRASILUX TINTAS TECNICAS LTDA;30003;TINTA PARA PISO
87367;BRASPISO VERMELHO QUADRA ACETINADO LATA 18L BRASILUX;AC 472362403;67;BRASILUX;556;BRASILUX TINTAS TECNICAS LTDA;30003;TINTA PARA PISO
84062;BRASTOL VERNIZ SUPER PREMIUM CANELA 3,6L BRASILUX;BR 097000102;67;BRASILUX;556;BRASILUX TINTAS TECNICAS LTDA;50001;LINHA MOVELEIRA
84069;BRASTOL VERNIZ SUPER PREMIUM CANELA 900ML BRASILUX;BR 097000101;67;BRASILUX;556;BRASILUX TINTAS TECNICAS LTDA;50001;LINHA MOVELEIRA
84058;BRASTOL VERNIZ SUPER PREMIUM DECK NATURAL 3,6L BRASILUX;BR 090099002;67;BRASILUX;556;BRASILUX TINTAS TECNICAS LTDA;50001;LINHA MOVELEIRA
84065;BRASTOL VERNIZ SUPER PREMIUM DECK NATURAL 900ML BRASILUX;BR 090099001;67;BRASILUX;556;BRASILUX TINTAS TECNICAS LTDA;50001;LINHA MOVELEIRA
84060;BRASTOL VERNIZ SUPER PREMIUM IMBUIA 3,6L BRASILUX;BR 094607302;67;BRASILUX;556;BRASILUX TINTAS TECNICAS LTDA;50001;LINHA MOVELEIRA
84067;BRASTOL VERNIZ SUPER PREMIUM IMBUIA 900ML BRASILUX;BR 094607301;67;BRASILUX;556;BRASILUX TINTAS TECNICAS LTDA;50001;LINHA MOVELEIRA
84057;BRASTOL VERNIZ SUPER PREMIUM INCOLOR 3,6L BRASILUX;BR 090034102;67;BRASILUX;556;BRASILUX TINTAS TECNICAS LTDA;50001;LINHA MOVELEIRA
84064;BRASTOL VERNIZ SUPER PREMIUM INCOLOR 900ML BRASILUX;BR 090034101;67;BRASILUX;556;BRASILUX TINTAS TECNICAS LTDA;50001;LINHA MOVELEIRA
84056;BRASTOL VERNIZ SUPER PREMIUM INCOLOR ACETINADO 3,6L BRASILUX;AC 090034102;67;BRASILUX;556;BRASILUX TINTAS TECNICAS LTDA;50001;LINHA MOVELEIRA
84063;BRASTOL VERNIZ SUPER PREMIUM INCOLOR ACETINADO 900ML BRASILUX;AC 090034101;67;BRASILUX;556;BRASILUX TINTAS TECNICAS LTDA;50001;LINHA MOVELEIRA
84061;BRASTOL VERNIZ SUPER PREMIUM IPE 3,6L BRASILUX;BR 096200502;67;BRASILUX;556;BRASILUX TINTAS TECNICAS LTDA;50001;LINHA MOVELEIRA
84068;BRASTOL VERNIZ SUPER PREMIUM IPE 900ML BRASILUX;BR 096200501;67;BRASILUX;556;BRASILUX TINTAS TECNICAS LTDA;50001;LINHA MOVELEIRA
84059;BRASTOL VERNIZ SUPER PREMIUM MOGNO CLARO 3,6L BRASILUX;BR 094506802;67;BRASILUX;556;BRASILUX TINTAS TECNICAS LTDA;50001;LINHA MOVELEIRA
84066;BRASTOL VERNIZ SUPER PREMIUM MOGNO CLARO 900ML BRASILUX;BR 094506801;67;BRASILUX;556;BRASILUX TINTAS TECNICAS LTDA;50001;LINHA MOVELEIRA
24319;BRILHO FINAL 500ML MAXI RUBBER;6MH043;6;MAXI RUBBER;29;MAXI RUBBER INDUSTRIAS QUIMICAS LTDA;20006;CERA  / LIMPEZA /  POLIMENTO VEICULAR
20812;BRILHO RAPIDO SEM SILICONE MOTHERS 473ML;303535001;17;AUTO AMERICA;30;AUTOAMERICA IMP.EXP. DE PROD. AUTO. LTDA;20006;CERA  / LIMPEZA /  POLIMENTO VEICULAR
87173;BROCA ACO 1/8MM;02.06.01.008;800132;DORMER;143;TERRA UTIL. DE MAQUINAS, FERRAMENTAS E UTILID.;20028;APLICADORES / ADAPTADORES / ENGATES / SUPORTES
83985;BROCA ACO 3,17MM (1/8);02.06.01.0082;800132;DORMER;143;TERRA UTIL. DE MAQUINAS, FERRAMENTAS E UTILID.;20028;APLICADORES / ADAPTADORES / ENGATES / SUPORTES
83986;BROCA ACO 5,00MM;02.06.21.0020;15;BOSCH;143;TERRA UTIL. DE MAQUINAS, FERRAMENTAS E UTILID.;20028;APLICADORES / ADAPTADORES / ENGATES / SUPORTES
83984;BROCA ACO 6,00MM;02.06.02.0073;800132;DORMER;143;TERRA UTIL. DE MAQUINAS, FERRAMENTAS E UTILID.;20028;APLICADORES / ADAPTADORES / ENGATES / SUPORTES
83983;BROCA ACO 7,00MM;02.06.01.0034;999999;.;143;TERRA UTIL. DE MAQUINAS, FERRAMENTAS E UTILID.;20028;APLICADORES / ADAPTADORES / ENGATES / SUPORTES
83987;BROCA ACO 8,00MM;02.06.21.0021;15;BOSCH;143;TERRA UTIL. DE MAQUINAS, FERRAMENTAS E UTILID.;20028;APLICADORES / ADAPTADORES / ENGATES / SUPORTES
86940;BROXA PINTURA REDONDA 75MM 799 ATLAS;799;35;ATLAS;8;PINCEIS ATLAS S.A.;30028;ROLOS / TRINCHAS / PINCÉIS / ESPÁTULAS
84436;BROXA PINTURA RETANGULAR 15X6CM 800/1 ATLAS;800/1;35;ATLAS;8;PINCEIS ATLAS S.A.;30028;ROLOS / TRINCHAS / PINCÉIS / ESPÁTULAS
84437;BROXA PINTURA RETANGULAR 18X8CM 800/2 ATLAS;800/2;35;ATLAS;80000522;ATLAS S.A.;30028;ROLOS / TRINCHAS / PINCÉIS / ESPÁTULAS
83990;BUMPER COLOR ANTRACITA 1L ROBERLO;61158;39;ROBERLO;91;ROBERLO DO BRASIL LTDA;20002;TINTAS POLIÉSTER
23603;BUMPER COLOR BLACK 1L ROBERLO;61161;39;ROBERLO;91;ROBERLO DO BRASIL LTDA;20002;TINTAS POLIÉSTER
83926;CABINE MVCOM - ECO 7000 - S/N: 0037MV-0189;;1;WANDA;534;AKZO NOBEL LTDA;20058;OUTRAS FERRAMENTAS / EQUIPAMENTOS
23928;CABO CHAPA DE AÇO 1,20 MT BETANIN;8709;51;START;454;LIMA & PERGHERN INDUSTRIA E COMERCIO;999999;GRUPO CONVERSAO
23508;CABO MADEIRA 1.40 MT PLASTIFICADO;14429;29;BRILHOMAX;112;COM.ALVORADA LIMPEZA E DESCARTAVEIS;999999;GRUPO CONVERSAO
87359;CABO PLASTICO C/ ROSCA 1,20MT P/ ESFREGÃO;14428;100024;PRIMEPRO;112;COM.ALVORADA LIMPEZA E DESCARTAVEIS;20027;EPI´S
85275;CACAMBA P/ PINTURA PLASTICA P/ MAO 2L AT1420P ATLAS;AT1420P;35;ATLAS;80000522;ATLAS S.A.;30028;ROLOS / TRINCHAS / PINCÉIS / ESPÁTULAS
85066;CACAMBA P/ PINTURA PLASTICA PRETA 10L 610P ATLAS;610P;35;ATLAS;80000522;ATLAS S.A.;30028;ROLOS / TRINCHAS / PINCÉIS / ESPÁTULAS
23867;CADERNO BROCHURA CD 1/4 96 FLS;60531;31;UTILER;522;DJF Comercial de Papelaria Ltda. - ME;999999;GRUPO CONVERSAO
22972;CADERNO UNIV CD 1X1 80 FOLHAS;157465;31;UTILER;11000474;OMNI COMERCIO E SERVIÇOS LTDA;999999;GRUPO CONVERSAO
23525;CAIXA ARQUIVO MORTO FACIL VERDE POLIBRAS;158240;100011;POLIBRAS;11000474;OMNI COMERCIO E SERVIÇOS LTDA;999999;GRUPO CONVERSAO
84770;CAIXA DE LUZES KOMBI;26010EB30A;999999;.;99999999;FORNECEDOR CONVERSAO;999999;GRUPO CONVERSAO
83999;CAIXA ORGANIZADORA 50LT;57863;800108;RISCHIOTO;112;COM.ALVORADA LIMPEZA E DESCARTAVEIS;20029;EMBALAGEM
84881;CAL HIDRATADA KG;5;999999;.;99999999;FORNECEDOR CONVERSAO;999999;GRUPO CONVERSAO
85603;CAL VIRGEM 1KG (20X1) REJUMASSA;60721;800064;REJUMASSA;11000439;REJUMASSA INDÚSTRIA, COMÉRCIO E TRANSPORTES DE REJUNTES LTDA;30030;GESSO
23547;CALCULADORA 12 DIGITOS MASTERPRINT;134708;800121;MASTERPRINT;11000474;OMNI COMERCIO E SERVIÇOS LTDA;999999;GRUPO CONVERSAO
20803;CALIFONIA GOLD CARNAUBA CLEANER WAX 340G MOTHERS - 5500;303545018;17;AUTO AMERICA;30;AUTOAMERICA IMP.EXP. DE PROD. AUTO. LTDA;20006;CERA  / LIMPEZA /  POLIMENTO VEICULAR
20804;CALIFORNIA GOLD CARNAUBA PURA WAX-CERA DE CARN. PURA 340G MOTHERS 5550;303540014;21;MOTHERS;30;AUTOAMERICA IMP.EXP. DE PROD. AUTO. LTDA;20006;CERA  / LIMPEZA /  POLIMENTO VEICULAR
83956;CAMISA BRASIL COPA G VONIXX;2026600751;10;VONIXX;425;VONIXX INDUSTRIA E COMERCIO DE POLIDORES LTDA;20011;LINHA DE HIGENIZAÇÃO E ESTÉTICA  AUTOMOTIVA VONIX
83958;CAMISA BRASIL COPA M VONIXX;2026600750;10;VONIXX;425;VONIXX INDUSTRIA E COMERCIO DE POLIDORES LTDA;20011;LINHA DE HIGENIZAÇÃO E ESTÉTICA  AUTOMOTIVA VONIX
222;CAMISA C/ TAMPA SISTEMA PPS 2 650ML 3M;HB004668313;4;3M;36;3M DO BRASIL LTDA;20028;APLICADORES / ADAPTADORES / ENGATES / SUPORTES
83860;CAMISA SEM TAMPA STD PPS 2 650ML 3M;HB004668453;4;3M;36;3M DO BRASIL LTDA;20028;APLICADORES / ADAPTADORES / ENGATES / SUPORTES
10061;CAMISA SISTEMA PPS 1 600ML 3M;H0002027821;4;3M;36;3M DO BRASIL LTDA;20028;APLICADORES / ADAPTADORES / ENGATES / SUPORTES
86958;CAMISETA BRANCA GG BRASILUX;3589;67;BRASILUX;556;BRASILUX TINTAS TECNICAS LTDA;20011;LINHA DE HIGENIZAÇÃO E ESTÉTICA  AUTOMOTIVA VONIX
86956;CAMISETA BRANCA M BRASILUX;3586;67;BRASILUX;556;BRASILUX TINTAS TECNICAS LTDA;20011;LINHA DE HIGENIZAÇÃO E ESTÉTICA  AUTOMOTIVA VONIX
86957;CAMISETA PINTOR VERDE G BRASILUX;17663;67;BRASILUX;556;BRASILUX TINTAS TECNICAS LTDA;20011;LINHA DE HIGENIZAÇÃO E ESTÉTICA  AUTOMOTIVA VONIX
23402;CANECA 600ML PISTOLA W-400/W-400WB/LPH-400;PCG-6P-M;20;ANEST;11000396;AIRZAP - ANEST IWATA IND. E COM. LTDA;20023;PISTOLAS
23484;CANECA 600ML PISTOLA WS-400 PININFARINA;PC-G600P-2;20;ANEST;11000396;AIRZAP - ANEST IWATA IND. E COM. LTDA;20023;PISTOLAS
85623;CANECA INDIVIDUAL PISTOLA SLIM 1.3 WALCOM;52010W;6;MAXI RUBBER;11000387;MAXI RUBBER INDUSTRIAS QUIMICAS LTDA;20023;PISTOLAS
21019;CANECA PLASTICA DE GRAVIDADE;809384616;999999;.;35;SHERWIN - WILLIAMS DO BRASIL IND. E COM. LTDA;20023;PISTOLAS
22967;CANETA ESFEROGRAFICA BIC CRISTAL - PRETA;174181;100009;BIC;11000474;OMNI COMERCIO E SERVIÇOS LTDA;999999;GRUPO CONVERSAO
23524;CANETA ESFEROGRAFICA BIC CRISTAL AZUL;174203;100009;BIC;11000474;OMNI COMERCIO E SERVIÇOS LTDA;999999;GRUPO CONVERSAO
23554;CANETA ESFEROGRAFICA BIC CRISTAL VERMELHA;174173;100009;BIC;11000474;OMNI COMERCIO E SERVIÇOS LTDA;999999;GRUPO CONVERSAO
83847;CANETA FIXA CHAPEU ALUMINIO;159387;31;UTILER;11000474;OMNI COMERCIO E SERVIÇOS LTDA;999999;GRUPO CONVERSAO
83845;CAPA DE AR P/ W-400 BELLARIA;96611710;20;ANEST;11000396;AIRZAP - ANEST IWATA IND. E COM. LTDA;20028;APLICADORES / ADAPTADORES / ENGATES / SUPORTES
85474;CATALISADOR 045 PU ALIFATICO 150ML BRASILUX;CT 295004510;67;BRASILUX;556;BRASILUX TINTAS TECNICAS LTDA;30024;CATALISADORES INDIVIDUAIS
85280;CATALISADOR 045 PU ALIFATICO 900ML BRASILUX;CT 295004501;67;BRASILUX;556;BRASILUX TINTAS TECNICAS LTDA;30024;CATALISADORES INDIVIDUAIS
85364;CATALISADOR ACIDO P/ VINILICOS 900ML BRASILUX;CT 365000101;67;BRASILUX;556;BRASILUX TINTAS TECNICAS LTDA;20045;PRETO FOSCO VINÍLICO
85447;CATALISADOR EPOXI POLIAMIDA 1X1 3,6L BRASILUX;ED 630050002;67;BRASILUX;556;BRASILUX TINTAS TECNICAS LTDA;40002;EPOXI
85186;CATALISADOR EPOXI POLIAMIDA 720ML ALCATRAO DE HULHA BRASILUX;ED 630019324;67;BRASILUX;556;BRASILUX TINTAS TECNICAS LTDA;40002;EPOXI
84442;CATALISADOR EPOXI POLIAMIDA 720ML BRASILUX;ED 630013324;67;BRASILUX;556;BRASILUX TINTAS TECNICAS LTDA;40002;EPOXI
84950;CATALISADOR EPOXI POLIAMIDA 720ML BRASILUX;ED 630011224;67;BRASILUX;556;BRASILUX TINTAS TECNICAS LTDA;40002;EPOXI
85390;CATALISADOR EPOXI POLIAMIDA COMP B ED POLIAMIDA HB 1X1 3,6 LT BRASILUX;ED 630009502;67;BRASILUX;556;BRASILUX TINTAS TECNICAS LTDA;40002;EPOXI
84949;CATALISADOR EPOXI POLIAMINA COMP B P/ VN 87 E HR 87 900ML;EN 660028001;67;BRASILUX;556;BRASILUX TINTAS TECNICAS LTDA;40002;EPOXI
85278;CATALISADOR EPOXI POLIAMINA P/ NORMA 3,6L BRASILUX;EN 660055302;67;BRASILUX;556;BRASILUX TINTAS TECNICAS LTDA;40002;EPOXI
23956;CATALISADOR ESM EPOXI PDA CLASSICO 900ML ANJO;038184-86;2;ANJO;382;ANJO QUIMICA DO BRASIL LTDA;40002;EPOXI
219;CATALISADOR HT5522 WEQ;215487;999999;.;99999999;FORNECEDOR CONVERSAO;20015;CATALISADORES INDIVIDUAS
21437;CATALISADOR KROLAC P512/H.401 180ML ROBERLO;602796;39;ROBERLO;91;ROBERLO DO BRASIL LTDA;20035;PRIMER AUTOMOTIVO
85417;CATALISADOR MEK 12GR IBERÊ MAXI RUBBER;IB900;800063;IBERÊ;11000387;MAXI RUBBER INDUSTRIAS QUIMICAS LTDA;20015;CATALISADORES INDIVIDUAS
84026;CATALISADOR P/ ESMALTE SINTETICO 150ML BRASILUX;CT 295000210;67;BRASILUX;556;BRASILUX TINTAS TECNICAS LTDA;30024;CATALISADORES INDIVIDUAIS
85241;CATALISADOR P/ ESMALTE SINTETICO 900ML BRASILUX;CT 295000201;67;BRASILUX;556;BRASILUX TINTAS TECNICAS LTDA;30024;CATALISADORES INDIVIDUAIS
9;CATALISADOR P/ PRETO FOSCO VINILICO 300ML WANDA;482012;1;WANDA;34;AKZO NOBEL LTDA;20045;PRETO FOSCO VINÍLICO
85279;CATALISADOR P/ PRIMER EPOXI 720ML BRASILUX;ED 630000224;67;BRASILUX;556;BRASILUX TINTAS TECNICAS LTDA;40002;EPOXI
22602;CATALISADOR P/ PRIMER PU 511 150ML MAXI RUBBER;9MB021;6;MAXI RUBBER;11000387;MAXI RUBBER INDUSTRIAS QUIMICAS LTDA;20035;PRIMER AUTOMOTIVO
85176;CATALISADOR P/ VERNIZ 9038 - CATALISADOR 045 450ML BRASILUX;CT 295004515;67;BRASILUX;556;BRASILUX TINTAS TECNICAS LTDA;20034;VERNIZ AUTOMOTIVO
84565;CATALISADOR P/ VINILICO 300ML BRASILUX;CT 365000191;67;BRASILUX;556;BRASILUX TINTAS TECNICAS LTDA;20045;PRETO FOSCO VINÍLICO
21113;CATALISADOR PRIMER PU HS FIT 5:1 150ML ANJO;029791-13;2;ANJO;382;ANJO QUIMICA DO BRASIL LTDA;20035;PRIMER AUTOMOTIVO
84778;CATALISADOR PU ALIFATICO - CAT. ALIFATICO 900 ML;CT 295000101;67;BRASILUX;556;BRASILUX TINTAS TECNICAS LTDA;30024;CATALISADORES INDIVIDUAIS
84023;CATALISADOR PU ALIFATICO - CAT. ALIFATICO PARA VIDRO (900 ML);CT 295004201;67;BRASILUX;556;BRASILUX TINTAS TECNICAS LTDA;30024;CATALISADORES INDIVIDUAIS
84048;CATALISADOR PU ALIFATICO - CAT. PU ALIFATICO P/ ROLO (900 ML);CT 295002801;67;BRASILUX;556;BRASILUX TINTAS TECNICAS LTDA;30024;CATALISADORES INDIVIDUAIS
84933;CATALISADOR PU ALIFATICO 150ML BRASILUX;CT 295000410;67;BRASILUX;556;BRASILUX TINTAS TECNICAS LTDA;30024;CATALISADORES INDIVIDUAIS
84804;CATALISADOR PU ALIFATICO 225ML BRASILUX;CT 295000411;67;BRASILUX;556;BRASILUX TINTAS TECNICAS LTDA;30024;CATALISADORES INDIVIDUAIS
84866;CATALISADOR PU ALIFATICO 900 ML;CT 295000401;67;BRASILUX;556;BRASILUX TINTAS TECNICAS LTDA;30024;CATALISADORES INDIVIDUAIS
21702;CATALISADOR ROBLINER P6000 225ML ROBERLO;64653;39;ROBERLO;91;ROBERLO DO BRASIL LTDA;999999;GRUPO CONVERSAO
230;CATALISADOR ST 5581 0,100ML;11114444;999999;.;99999999;FORNECEDOR CONVERSAO;20015;CATALISADORES INDIVIDUAS
20026;CATALISADOR WASH PRIMER P/ PRETO FOSCO VINILICO 300ML ANJO;002536-55;2;ANJO;382;ANJO QUIMICA DO BRASIL LTDA;20045;PRETO FOSCO VINÍLICO
20464;CATALISADOR WASH PRIMER/VINILICO PRETO FOSCO 300ML LAZZURIL;05.00.00051-015;3;SHERWIN WILLIAMS;35;SHERWIN - WILLIAMS DO BRASIL IND. E COM. LTDA;20045;PRETO FOSCO VINÍLICO
87260;CAVALETE DE PREPARAÇÃO 4X1 (PORTA, TAMPA, CAPO E PARA-CHOQUE) C/ RODIZ;AI-11;800071;ARCO IRIS (CAVELETES);209;CELSO CAVINI DIAS SERRALHERIA ME;20065;CAVALETES
21341;CAVALETE DE PREPARAÇÃO AI 02;AI-02;800071;ARCO IRIS (CAVELETES);209;CELSO CAVINI DIAS SERRALHERIA ME;20065;CAVALETES
85598;CAVALETE DE PREPARAÇÃO C/ RODIZIO AI 07;AI-07;800071;ARCO IRIS (CAVELETES);209;CELSO CAVINI DIAS SERRALHERIA ME;20065;CAVALETES
85594;CAVALETE DE PREPARAÇÃO DOBRAVEL AI 06;AI-06;800071;ARCO IRIS (CAVELETES);209;CELSO CAVINI DIAS SERRALHERIA ME;20028;APLICADORES / ADAPTADORES / ENGATES / SUPORTES
23700;CAVALETE P/ PARA-CHOQUE AI 05;AI-05;800071;ARCO IRIS (CAVELETES);209;CELSO CAVINI DIAS SERRALHERIA ME;20065;CAVALETES
85596;CAVALETE SUPORTE DISPENSADOR DE PAPEL AI 15;AI-15;800071;ARCO IRIS (CAVELETES);209;CELSO CAVINI DIAS SERRALHERIA ME;20065;CAVALETES
23778;CAVALETE SUPORTE DUPLO C/ RODIZIO P/ 02 BOBINAS AI 205;AI-205;800071;ARCO IRIS (CAVELETES);209;CELSO CAVINI DIAS SERRALHERIA ME;20065;CAVALETES
10337;CERA AUTO BRILHO 200G ANJO;001615-05;2;ANJO;382;ANJO QUIMICA DO BRASIL LTDA;20006;CERA  / LIMPEZA /  POLIMENTO VEICULAR
83806;CERA AUTO BRILHO 5L;626;51;START;454;LIMA & PERGHERN INDUSTRIA E COMERCIO;20006;CERA  / LIMPEZA /  POLIMENTO VEICULAR
20048;CERA BRILHO 200G 3M;HB004481030;4;3M;36;3M DO BRASIL LTDA;20006;CERA  / LIMPEZA /  POLIMENTO VEICULAR
83938;CERA BRILHOWAX INGLEZA 5LT;408;29;BRILHOMAX;112;COM.ALVORADA LIMPEZA E DESCARTAVEIS;20006;CERA  / LIMPEZA /  POLIMENTO VEICULAR
21322;CERA CARNAUBA PURA LIQUIDA 473ML MOTHERS;303540005;17;AUTO AMERICA;30;AUTOAMERICA IMP.EXP. DE PROD. AUTO. LTDA;20006;CERA  / LIMPEZA /  POLIMENTO VEICULAR
23727;CERA COLORIDA PEROLA 250ML BRANCA;161604;47;PEROLA;475;INDUSTRIA E COMERCIO DE POLIDORES PEROLA LTDA;20006;CERA  / LIMPEZA /  POLIMENTO VEICULAR
23728;CERA COLORIDA PEROLA 250ML PRATA;161606;47;PEROLA;475;INDUSTRIA E COMERCIO DE POLIDORES PEROLA LTDA;20006;CERA  / LIMPEZA /  POLIMENTO VEICULAR
23726;CERA COLORIDA PEROLA 250ML PRETA;161603;47;PEROLA;475;INDUSTRIA E COMERCIO DE POLIDORES PEROLA LTDA;20006;CERA  / LIMPEZA /  POLIMENTO VEICULAR
23729;CERA COLORIDA PEROLA 250ML VERMELHA;161607;47;PEROLA;475;INDUSTRIA E COMERCIO DE POLIDORES PEROLA LTDA;20006;CERA  / LIMPEZA /  POLIMENTO VEICULAR
84946;CERA DE CARNAUBA EXPRESS ULTRA 1,5L VONIXX;2011003;10;VONIXX;425;VONIXX INDUSTRIA E COMERCIO DE POLIDORES LTDA;20011;LINHA DE HIGENIZAÇÃO E ESTÉTICA  AUTOMOTIVA VONIX
23415;CERA DE CARNAUBA HYBRID WAX 240G VONIXX;2009006;10;VONIXX;425;VONIXX INDUSTRIA E COMERCIO DE POLIDORES LTDA;20011;LINHA DE HIGENIZAÇÃO E ESTÉTICA  AUTOMOTIVA VONIX
83793;CERA DE CARNAUBA PLUS 1,5L VONIXX;2009038;10;VONIXX;425;VONIXX INDUSTRIA E COMERCIO DE POLIDORES LTDA;20011;LINHA DE HIGENIZAÇÃO E ESTÉTICA  AUTOMOTIVA VONIX
23417;CERA DE CARNAUBA PLUS 3L VONIXX;2009002;10;VONIXX;425;VONIXX INDUSTRIA E COMERCIO DE POLIDORES LTDA;20011;LINHA DE HIGENIZAÇÃO E ESTÉTICA  AUTOMOTIVA VONIX
24293;CERA DE CARNAUBA PLUS 500ML VONIXX;2009004;10;VONIXX;425;VONIXX INDUSTRIA E COMERCIO DE POLIDORES LTDA;20011;LINHA DE HIGENIZAÇÃO E ESTÉTICA  AUTOMOTIVA VONIX
23414;CERA DE CARNAUBA TOK FINAL 500ML SPRAY VONIXX;2009008;10;VONIXX;425;VONIXX INDUSTRIA E COMERCIO DE POLIDORES LTDA;20011;LINHA DE HIGENIZAÇÃO E ESTÉTICA  AUTOMOTIVA VONIX
23474;CERA EXPRESS 500ML SPRAY VONIXX;2010012;10;VONIXX;425;VONIXX INDUSTRIA E COMERCIO DE POLIDORES LTDA;20011;LINHA DE HIGENIZAÇÃO E ESTÉTICA  AUTOMOTIVA VONIX
23570;CERA INCOLOR POLYLAR 5 LTS START;626;24;BRILHO MAX;452;LIMA & PERGHER INDUSTRIAL E COMERCIO;20006;CERA  / LIMPEZA /  POLIMENTO VEICULAR
87381;CERA LIQUDA TRIPLE WAX 500G AUTO AMERICA;304540074;17;AUTO AMERICA;30;AUTOAMERICA IMP.EXP. DE PROD. AUTO. LTDA;20006;CERA  / LIMPEZA /  POLIMENTO VEICULAR
21321;CERA PASTA TRIPLE WAX 100G AUTO AMERICA;304540034;17;AUTO AMERICA;30;AUTOAMERICA IMP.EXP. DE PROD. AUTO. LTDA;20006;CERA  / LIMPEZA /  POLIMENTO VEICULAR
23287;CERA PASTA TRIPLE WAX 300G AUTO AMERICA;504540003;17;AUTO AMERICA;30;AUTOAMERICA IMP.EXP. DE PROD. AUTO. LTDA;20006;CERA  / LIMPEZA /  POLIMENTO VEICULAR
23457;CERA PASTE WAX EXTREME 200G 3M;HB004588479;4;3M;36;3M DO BRASIL LTDA;20006;CERA  / LIMPEZA /  POLIMENTO VEICULAR
20518;CERA PASTE WAX S. SPORT 200G 3M;HB004110050;4;3M;36;3M DO BRASIL LTDA;20006;CERA  / LIMPEZA /  POLIMENTO VEICULAR
23459;CERA PROTETORA PLUS 500ML 3M;HB004809966;4;3M;36;3M DO BRASIL LTDA;20006;CERA  / LIMPEZA /  POLIMENTO VEICULAR
84741;CERA PROTETORA PREMIUM CARNAUBA 150G NORTON;78072721947;11;NORTON;21;SAINT- GOBAIN DO BRASIL PROD. IND. E CONSTR. LTDA;20006;CERA  / LIMPEZA /  POLIMENTO VEICULAR
83995;CESTO METAL TELADO PRETO 12,5LT;17470;100019;ORDENE;112;COM.ALVORADA LIMPEZA E DESCARTAVEIS;20028;APLICADORES / ADAPTADORES / ENGATES / SUPORTES
86859;CESTO PLASTICO TELADO 10LT;14456;800090;NERA;112;COM.ALVORADA LIMPEZA E DESCARTAVEIS;20028;APLICADORES / ADAPTADORES / ENGATES / SUPORTES
86145;CETOL ACETINADO IMBUIA 3,6L;5203159;800075;SPARLACK CETOL;534;AKZO NOBEL LTDA;50001;LINHA MOVELEIRA
86146;CETOL ACETINADO IMBUIA 900ML;5203160;800075;SPARLACK CETOL;534;AKZO NOBEL LTDA;50001;LINHA MOVELEIRA
86149;CETOL ACETINADO IPE 3,6L;5203163;800075;SPARLACK CETOL;534;AKZO NOBEL LTDA;50001;LINHA MOVELEIRA
86150;CETOL ACETINADO IPE 900ML;5203164;800075;SPARLACK CETOL;534;AKZO NOBEL LTDA;50001;LINHA MOVELEIRA
86147;CETOL ACETINADO MOGNO 3,6L;5203161;800075;SPARLACK CETOL;34;AKZO NOBEL LTDA;50001;LINHA MOVELEIRA
86148;CETOL ACETINADO MOGNO 900ML;5203162;800075;SPARLACK CETOL;534;AKZO NOBEL LTDA;50001;LINHA MOVELEIRA
86107;CETOL DECK SEMIBRILHO NATURAL 900ML;5203096;800075;SPARLACK CETOL;534;AKZO NOBEL LTDA;50001;LINHA MOVELEIRA
22280;CHAPINHA P/ ACERTO DE COR C/ FURO RENOVA;82;37;RENOVA;11000448;RB REFINISH COMERCIAL ACESSORIOS LTDA;999999;GRUPO CONVERSAO
21313;CHAPINHA P/ ACERTO DE COR SEM FURO 70X140MM PURPLEX;111;48;PURPLEX;179;INDUSTRIA DE LIXADORES PURPER LTDA;20028;APLICADORES / ADAPTADORES / ENGATES / SUPORTES
23347;CHAPINHA P/ ACERTO DE COR SEM FURO SHERWIN;80.79.92762-419;3;SHERWIN WILLIAMS;35;SHERWIN - WILLIAMS DO BRASIL IND. E COM. LTDA;20028;APLICADORES / ADAPTADORES / ENGATES / SUPORTES
21466;CHAVE ESTRELA 10 X 11MM;2662;999999;.;143;TERRA UTIL. DE MAQUINAS, FERRAMENTAS E UTILID.;999999;GRUPO CONVERSAO
85192;CHAVE ESTRELA 12 X 13MM;3729121300;999999;.;143;TERRA UTIL. DE MAQUINAS, FERRAMENTAS E UTILID.;999999;GRUPO CONVERSAO
85193;CHAVE ESTRELA 14 X 15MM;3729141500;999999;.;143;TERRA UTIL. DE MAQUINAS, FERRAMENTAS E UTILID.;999999;GRUPO CONVERSAO
85194;CHAVE FIXA 10 X 11MM;3759101100;999999;.;143;TERRA UTIL. DE MAQUINAS, FERRAMENTAS E UTILID.;999999;GRUPO CONVERSAO
85195;CHAVE FIXA 12 X 13MM;3759121300;999999;.;143;TERRA UTIL. DE MAQUINAS, FERRAMENTAS E UTILID.;999999;GRUPO CONVERSAO
85196;CHAVE FIXA 14 X 15MM;3759141500;999999;.;143;TERRA UTIL. DE MAQUINAS, FERRAMENTAS E UTILID.;999999;GRUPO CONVERSAO
85201;CHERRY WAX 1L ZACS;2026029;10;VONIXX;425;VONIXX INDUSTRIA E COMERCIO DE POLIDORES LTDA;20011;LINHA DE HIGENIZAÇÃO E ESTÉTICA  AUTOMOTIVA VONIX
86974;"CHUVEIRO PVC 5"" C/ BRAÇO S/ REGISTRO 30CM 1/2 BRANCO HERC";2318;800110;HERC;11000465;IND DE PLASTICOS HERC LTDA;30043;TORNEIRA/DUCHA
86975;"CHUVEIRO PVC 8"" C/ BRAÇO S/ REGISTRO 30CM 1/2 BRANCO HERC";2351;800110;HERC;11000465;IND DE PLASTICOS HERC LTDA;30043;TORNEIRA/DUCHA
85601;CIMENTO BRANCO 1KG (20X1) REJUMASSA;1200;800064;REJUMASSA;11000439;REJUMASSA INDÚSTRIA, COMÉRCIO E TRANSPORTES DE REJUNTES LTDA;30030;GESSO
85602;CIMENTO COMUM 1KG (20X1) REJUMASSA;100820;800064;REJUMASSA;11000439;REJUMASSA INDÚSTRIA, COMÉRCIO E TRANSPORTES DE REJUNTES LTDA;30030;GESSO
87384;CIMENTO QUEIMADO BRANCO AREIA BALDE 23KG MAZA;;800053;MAZA;11000423;MAZA PRODUTOS QUIMICOS LTDA;30019;CIMENTO QUEIMADO / EFEITOS DECORATIVOS
87231;CIMENTO QUEIMADO CHUMBO BALDE 23KG MAZA;29610;800053;MAZA;11000423;MAZA PRODUTOS QUIMICOS LTDA;30019;CIMENTO QUEIMADO / EFEITOS DECORATIVOS
87243;CIMENTO QUEIMADO CINZA (3 EM 1) ORIGINAL BALDE 23KG MAZA;29481;800053;MAZA;11000423;MAZA PRODUTOS QUIMICOS LTDA;30019;CIMENTO QUEIMADO / EFEITOS DECORATIVOS
85607;CIMENTO QUEIMADO CINZA BALDE 23KG MAZA;29609;800053;MAZA;11000423;MAZA PRODUTOS QUIMICOS LTDA;30019;CIMENTO QUEIMADO / EFEITOS DECORATIVOS
87329;CIMENTO QUEIMADO DIA DE CHUVA 5KG SUVINIL;50687558;800057;SUVINIL;11000427;CAPITAL ATACADISTA DA CONSTRUCAO LTDA;30001;TINTA PAREDE
85175;CIMENTO QUEIMADO-BARRO VERMELHO 5,5KG BRASILUX;CQ 462383546;67;BRASILUX;556;BRASILUX TINTAS TECNICAS LTDA;30019;CIMENTO QUEIMADO / EFEITOS DECORATIVOS
85174;CIMENTO QUEIMADO-CALCITA ALARANJADA 5,5KG BRASILUX;CQ 460942946;67;BRASILUX;556;BRASILUX TINTAS TECNICAS LTDA;30019;CIMENTO QUEIMADO / EFEITOS DECORATIVOS
85007;CIMENTO QUEIMADO-CASCA DE ARVORE 5,5KG BRASILUX;CQ 461041846;67;BRASILUX;556;BRASILUX TINTAS TECNICAS LTDA;30019;CIMENTO QUEIMADO / EFEITOS DECORATIVOS
84501;CIMENTO QUEIMADO-ELEFANTE 5,5KG BRASILUX;CQ 460664446;67;BRASILUX;556;BRASILUX TINTAS TECNICAS LTDA;30019;CIMENTO QUEIMADO / EFEITOS DECORATIVOS
85171;CIMENTO QUEIMADO-PORTO AZUL 5,5KG BRASILUX;CQ 460341746;67;BRASILUX;556;BRASILUX TINTAS TECNICAS LTDA;30019;CIMENTO QUEIMADO / EFEITOS DECORATIVOS
84761;CIMENTO QUEIMADO-PRATA ENVEL 5,5KG BRASILUX;CQ 461043146;67;BRASILUX;556;BRASILUX TINTAS TECNICAS LTDA;30019;CIMENTO QUEIMADO / EFEITOS DECORATIVOS
85172;CIMENTO QUEIMADO-TUBARAO BRANCO 5,5KG BRASILUX;CQ 460629646;67;BRASILUX;556;BRASILUX TINTAS TECNICAS LTDA;30019;CIMENTO QUEIMADO / EFEITOS DECORATIVOS
84579;CIMENTO QUIEMADO PEROLIZADO AVELA 3KG;QP 461017484;67;BRASILUX;556;BRASILUX TINTAS TECNICAS LTDA;30019;CIMENTO QUEIMADO / EFEITOS DECORATIVOS
84575;CIMENTO QUIEMADO PEROLIZADO AZUL BEBE 3KG;QP 460350684;67;BRASILUX;556;BRASILUX TINTAS TECNICAS LTDA;30019;CIMENTO QUEIMADO / EFEITOS DECORATIVOS
84577;CIMENTO QUIEMADO PEROLIZADO DIAMANTE NEGRO 3KG;QP 460660084;67;BRASILUX;556;BRASILUX TINTAS TECNICAS LTDA;30019;CIMENTO QUEIMADO / EFEITOS DECORATIVOS
84580;CIMENTO QUIEMADO PEROLIZADO MARSALA 3KG;QP 461808584;67;BRASILUX;556;BRASILUX TINTAS TECNICAS LTDA;30019;CIMENTO QUEIMADO / EFEITOS DECORATIVOS
84574;CIMENTO QUIEMADO PEROLIZADO OCEANO PROFUNDO 3KG;QP 460350384;67;BRASILUX;556;BRASILUX TINTAS TECNICAS LTDA;30019;CIMENTO QUEIMADO / EFEITOS DECORATIVOS
84582;CIMENTO QUIEMADO PEROLIZADO POEIRA DE JADE 3KG BRASILUX;QP 462291884;67;BRASILUX;556;BRASILUX TINTAS TECNICAS LTDA;30019;CIMENTO QUEIMADO / EFEITOS DECORATIVOS
84578;CIMENTO QUIEMADO PEROLIZADO PRATA 3KG;QP 460698884;67;BRASILUX;556;BRASILUX TINTAS TECNICAS LTDA;30019;CIMENTO QUEIMADO / EFEITOS DECORATIVOS
84581;CIMENTO QUIEMADO PEROLIZADO ROSE GOLD 3KG;QP 461808684;67;BRASILUX;556;BRASILUX TINTAS TECNICAS LTDA;30019;CIMENTO QUEIMADO / EFEITOS DECORATIVOS
84576;CIMENTO QUIEMADO PEROLIZADO ZAFIRA ESCURA 3KG;QP 460394884;67;BRASILUX;556;BRASILUX TINTAS TECNICAS LTDA;30019;CIMENTO QUEIMADO / EFEITOS DECORATIVOS
84569;CIMENTO QUIEMADO-BRANCO 5,5KG BRASILUX;CQ 460500146;67;BRASILUX;556;BRASILUX TINTAS TECNICAS LTDA;30019;CIMENTO QUEIMADO / EFEITOS DECORATIVOS
84572;CIMENTO QUIEMADO-CINZA VEU 5,5KG BRASILUX;CQ 460629946;67;BRASILUX;556;BRASILUX TINTAS TECNICAS LTDA;30019;CIMENTO QUEIMADO / EFEITOS DECORATIVOS
84571;CIMENTO QUIEMADO-IMENSIDAO CZA 5,5KG BRASILUX;CQ 460629746;67;BRASILUX;556;BRASILUX TINTAS TECNICAS LTDA;30019;CIMENTO QUEIMADO / EFEITOS DECORATIVOS
84573;CIMENTO QUIEMADO-PEDRASABAO 5,5KG BRASILUX;CQ 460633146;67;BRASILUX;556;BRASILUX TINTAS TECNICAS LTDA;30019;CIMENTO QUEIMADO / EFEITOS DECORATIVOS
84570;CIMENTO QUIEMADO-TITANIO 5,5KG BRASILUX;CQ 460630446;67;BRASILUX;556;BRASILUX TINTAS TECNICAS LTDA;30019;CIMENTO QUEIMADO / EFEITOS DECORATIVOS
84450;CINTA ERGONOMICA C/ ELASTICO TAMANHO G PLASTICOR;13354;100002;PLASTCOR;11000447;BAIFER DISTRIBUIDORA DE FERRAMENTAS LTDA;20028;APLICADORES / ADAPTADORES / ENGATES / SUPORTES
84451;CINTA ERGONOMICA C/ ELASTICO TAMANHO M PLASTCOR;6815;100002;PLASTCOR;468;REDE EPI EQUIPAMENTOS DE SEGURANÇA LTDA;20028;APLICADORES / ADAPTADORES / ENGATES / SUPORTES
261;CINZA URANO 0,900ML ANJO-21,94-ST;CPP-31104;999999;.;99999999;FORNECEDOR CONVERSAO;20002;TINTAS POLIÉSTER
83794;CITRON 1,5L VONIXX;2011057;10;VONIXX;425;VONIXX INDUSTRIA E COMERCIO DE POLIDORES LTDA;20011;LINHA DE HIGENIZAÇÃO E ESTÉTICA  AUTOMOTIVA VONIX
23630;CLICHE NOVO;131;33;ETITEC;381;ETITEC SOLUCOES INTELIGENTES;20028;APLICADORES / ADAPTADORES / ENGATES / SUPORTES
83877;CLIPS GALVANIZADO Nº 6/0 C/ 50 UNIDADES POLYCLIPS;129097;100012;POLYCLIPS;11000474;OMNI COMERCIO E SERVIÇOS LTDA;999999;GRUPO CONVERSAO
23550;CLIPS Nº 2/0 C/ 100 UNIDADES;129038;31;UTILER;11000474;OMNI COMERCIO E SERVIÇOS LTDA;999999;GRUPO CONVERSAO
22971;CLIPS Nº 3/0 C/ 50 UNDADES;190756;31;UTILER;11000474;OMNI COMERCIO E SERVIÇOS LTDA;1043;...........................................
23532;CLIPS Nº 4/0 C/ 50 UNIDADES;129089;31;UTILER;11000474;OMNI COMERCIO E SERVIÇOS LTDA;999999;GRUPO CONVERSAO
22970;CLIPS Nº 8/0 C/ 25 UNIDADES;129100;31;UTILER;11000474;OMNI COMERCIO E SERVIÇOS LTDA;999999;GRUPO CONVERSAO
21274;COADOR CONICO USO GERAL 190 MICRONS;80.79.99939-491;3;SHERWIN WILLIAMS;35;SHERWIN - WILLIAMS DO BRASIL IND. E COM. LTDA;20030;COADORES
23580;COADOR DESCARTAVEL DAUTO;377;37;RENOVA;11000448;RB REFINISH COMERCIAL ACESSORIOS LTDA;20030;COADORES
24418;CODE - REVESTIMENTO CERAMICO PARA PLASTICO 65ML ALCANCE;60;25;ALCANCE;387;ALCANCE TECNOLOGIA QUIMICA LTDA;20006;CERA  / LIMPEZA /  POLIMENTO VEICULAR
23889;COLA BASTÃO;40191;31;UTILER;522;DJF Comercial de Papelaria Ltda. - ME;999999;GRUPO CONVERSAO
85674;COLA BRANCA ORIGINAL FRASCO 1KG UNIPEGA;AES0513.0042;800067;UNIPEGA;11000482;A&S TECHNOLOGIES INDUSTRIA E COMERCIO S.A.;30033;ESPUMA EXPANSIVA
85673;COLA BRANCA ORIGINAL FRASCO 500G UNIPEGA;AES0513.0041;800067;UNIPEGA;11000482;A&S TECHNOLOGIES INDUSTRIA E COMERCIO S.A.;30033;ESPUMA EXPANSIVA
85463;COLA DE CONTATO 200G TEKBOND;78072716135;71;TEK BOND;570;SAINT GOBAIN;30031;COLA  INST. / COLA  ADESIVA
85464;COLA DE CONTATO 400G TEKBOND;78072716138;71;TEK BOND;570;SAINT GOBAIN;30031;COLA  INST. / COLA  ADESIVA
10160;COLA INSTANTANEO 83 20G HS BOND;4032;22;HS BOND;15;H.S BOND COMERCIO DE ADESIVOS LTDA;20056;COLA INST./ ADESIVOS COLANTES
85465;COLA MADEIRA 100G TEKBOND;69957321920;71;TEK BOND;570;SAINT GOBAIN;30031;COLA  INST. / COLA  ADESIVA
85675;COLA MADEIRA 100G UNIPEGA;AES0513.0094;800067;UNIPEGA;11000443;A&S TECHNOLOGIES INDUSTRIA E COMERCIO LTDA;30033;ESPUMA EXPANSIVA
85358;COLA PARA LAMINAÇÃO 900G RHAI;201307181;69;RHAI;562;ALV INDUSTRIA E COMERCIO DE TINTAS LTDA;20026;COLA  PLÁSTICA 
23921;COLA PARA PARABRISA PRETO SACHE 600ML BETASEAU;2E+12;56;ATUAIS;288;JUSSARA FERREIRA GOMES;20056;COLA INST./ ADESIVOS COLANTES
22566;COLA PARA PARABRISA PRETO SACHE 600ML SIKA;790724;800052;SIKA;442;SIKA SA;999999;GRUPO CONVERSAO
23708;COLA PARA PARABRISA PRETO SACHE 600ML SOLUFIX;10020102;14;SOLUÇÃO ADESIVOS;261;SOLUCAO ADESIVOS E SELANTES LTDA;20056;COLA INST./ ADESIVOS COLANTES
21741;COLA PARA PARABRISA PRETO TUBO 280ML SOLUFIX;10020131;14;SOLUÇÃO ADESIVOS;261;SOLUCAO ADESIVOS E SELANTES LTDA;20056;COLA INST./ ADESIVOS COLANTES
85691;COLA PARA PARABRISA PRETO TUBO 280ML UNIPEGA;AES0512.0194;800067;UNIPEGA;11000482;A&S TECHNOLOGIES INDUSTRIA E COMERCIO S.A.;20056;COLA INST./ ADESIVOS COLANTES
23791;COLA PARA PARABRISA PRETO TUBO 310ML BETASEAU;2E+12;56;ATUAIS;288;JUSSARA FERREIRA GOMES;20056;COLA INST./ ADESIVOS COLANTES
10316;COLA PLASTICA UNIV. SUPER LIGHT 495G ANJO;018301-09;2;ANJO;382;ANJO QUIMICA DO BRASIL LTDA;20026;COLA  PLÁSTICA 
83943;COLA QUENTE SILICONE BASTÃO;26844;31;UTILER;522;DJF Comercial de Papelaria Ltda. - ME;999999;GRUPO CONVERSAO
10391;COLA UNIVERSAL 774G MAXI RUBBER;7MA061;6;MAXI RUBBER;11000387;MAXI RUBBER INDUSTRIAS QUIMICAS LTDA;20056;COLA INST./ ADESIVOS COLANTES
85219;COLORANTE CB PRETO SUVINIL;91837;800057;SUVINIL;11000427;CAPITAL ATACADISTA DA CONSTRUCAO LTDA;30008;CORANTES
85218;COLORANTE R1 VERMELHO OXIDO SUVINIL;91839;800057;SUVINIL;11000427;CAPITAL ATACADISTA DA CONSTRUCAO LTDA;30008;CORANTES
85221;COLORANTE RY VERMELHO ALARANJADO SUVINIL;91834;800057;SUVINIL;11000427;CAPITAL ATACADISTA DA CONSTRUCAO LTDA;30008;CORANTES
85220;COLORANTE YI AMARELO OXIDO SUVINIL;91836;800057;SUVINIL;11000427;CAPITAL ATACADISTA DA CONSTRUCAO LTDA;30008;CORANTES
85483;COMPRESSOR DE ALTA PRESSÃO CJ 30 PCM APV 250L TRIFÁSICO CHIAPERINI;702;72;CHIAPERINI;571;CHIAPERINI INDUSTRIAL LTDA;20058;OUTRAS FERRAMENTAS / EQUIPAMENTOS
21446;COMPRESSOR DE AR 10 PES 110L C/MM 2HP MONOFASICO 220V CHIAPERINI;24249;72;CHIAPERINI;571;CHIAPERINI INDUSTRIAL LTDA;20058;OUTRAS FERRAMENTAS / EQUIPAMENTOS
87054;COMPRESSOR DE AR 15 PES BLUE RCH200L C/MM 3HP MONOFÁSICO 110/220V CHIA;24699;72;CHIAPERINI;571;CHIAPERINI INDUSTRIAL LTDA;20058;OUTRAS FERRAMENTAS / EQUIPAMENTOS
85574;COMPRESSOR DE AR 20 PES BLUE RCH250L C/MM 5HP MONOFASICO 220V CHIAPERI;26073;72;CHIAPERINI;571;CHIAPERINI INDUSTRIAL LTDA;20058;OUTRAS FERRAMENTAS / EQUIPAMENTOS
87192;COMPRESSOR DE AR 20 PES BLUE RCH250L C/MT 5HP TRIFASICO 220/380V IP21 ;20857;72;CHIAPERINI;571;CHIAPERINI INDUSTRIAL LTDA;20058;OUTRAS FERRAMENTAS / EQUIPAMENTOS
87060;COMPRESSOR DE AR 40AP3V RCH 425L C/MT 10HP TRIFASICO 220/380V CHIAPERI;27930;72;CHIAPERINI;571;CHIAPERINI INDUSTRIAL LTDA;20058;OUTRAS FERRAMENTAS / EQUIPAMENTOS
87059;COMPRESSOR DE AR 60APW RCH 425L C/MT 15HP TRIFASICO 220/380V CHIAPERIN;27934;72;CHIAPERINI;571;CHIAPERINI INDUSTRIAL LTDA;20058;OUTRAS FERRAMENTAS / EQUIPAMENTOS
87189;CONCRETEX SOLUÇÃO ACIDA 5L AUTOLIMPE;PA113;800136;AUTOLIMPE;565;AUTOLIMPE INDUSTRIA E COMERCIO DE SANEANTES EIRELI;20052;DESENGRAXANTE
87195;CONECTOR Y P/ EXTRATORA PN33652 3M;HB004727788;4;3M;36;3M DO BRASIL LTDA;20028;APLICADORES / ADAPTADORES / ENGATES / SUPORTES
84760;CONFORTHERM 16KG BRASILUX;IT 590578593;67;BRASILUX;556;BRASILUX TINTAS TECNICAS LTDA;30002;IMPERMEABILIZANTES
84759;CONFORTHERM 3KG BRASILUX;IT 590578584;67;BRASILUX;556;BRASILUX TINTAS TECNICAS LTDA;30002;IMPERMEABILIZANTES
86937;CONJ BICO E AGULHA P/ W-400 BELLARIA 1.40MM;93611750;20;ANEST;11000396;AIRZAP - ANEST IWATA IND. E COM. LTDA;20028;APLICADORES / ADAPTADORES / ENGATES / SUPORTES
20466;CONTROLE DE LIXAMENTO 100G NORTON;66261087601;11;NORTON;21;SAINT- GOBAIN DO BRASIL PROD. IND. E CONSTR. LTDA;20059;CONTROLE LIXAMENTO
23913;CONTROLE DE LIXAMENTO LIQUIDO 0,900ML SKY-21,94-ST;1,6E+11;57;SKY;521;SKYLACK TINTAS E VERNIZES LTDA;20059;CONTROLE LIXAMENTO
24327;CONVERTEDOR DE FERRUGEM 1L VONDER;5199710000;41;VONDER;502;O.V.D. IMPORTADORA E DISTRIBUIDORA LTDA;20051;FERRUGEM
23270;COPO 1L C/ TAMPA PRIME;2369;800124;PRIME;11000461;PRIME DISTRIBUIDORA DE EMBALAGENS LTDA;20028;APLICADORES / ADAPTADORES / ENGATES / SUPORTES
23272;COPO 2L C/ TAMPA PRIME;7139;800124;PRIME;11000461;PRIME DISTRIBUIDORA DE EMBALAGENS LTDA;20028;APLICADORES / ADAPTADORES / ENGATES / SUPORTES
22339;COPO DE MISTURA 1,5L WANDA;2004314;1;WANDA;534;AKZO NOBEL LTDA;20028;APLICADORES / ADAPTADORES / ENGATES / SUPORTES
20217;COPO DE MISTURA 450ML WANDA;2004315;1;WANDA;34;AKZO NOBEL LTDA;20028;APLICADORES / ADAPTADORES / ENGATES / SUPORTES
23509;COPO DESCARTAVEL 200ML;206;29;BRILHOMAX;112;COM.ALVORADA LIMPEZA E DESCARTAVEIS;20028;APLICADORES / ADAPTADORES / ENGATES / SUPORTES
84779;COPO PARA SISTEMA PPS 2 SEM TAMPA 650ML 3M;HB004668362;4;3M;36;3M DO BRASIL LTDA;20028;APLICADORES / ADAPTADORES / ENGATES / SUPORTES
10062;COPO PARA SISTEMA PPS 600ML 3M;H0002109009;4;3M;36;3M DO BRASIL LTDA;20028;APLICADORES / ADAPTADORES / ENGATES / SUPORTES
84680;COPO PISTOLA DE PINTURA PRO-550 600ML PDR;550-15;800056;PDR;11000416;BERLINER DO BRASIL MOTORES LTDA;20023;PISTOLAS
21661;COPO SISTEMA DE PINTURA 750ML NORTON;66623315995;11;NORTON;21;SAINT- GOBAIN DO BRASIL PROD. IND. E CONSTR. LTDA;20028;APLICADORES / ADAPTADORES / ENGATES / SUPORTES
85010;CORANTE LIQUIDO AMARELO 50ML MAZA;26550;800053;MAZA;11000423;MAZA PRODUTOS QUIMICOS LTDA;30008;CORANTES
85011;CORANTE LIQUIDO AZUL 50ML MAZA;26538;800053;MAZA;11000423;MAZA PRODUTOS QUIMICOS LTDA;30008;CORANTES
85012;CORANTE LIQUIDO BRANCO 50ML MAZA;26540;800053;MAZA;11000423;MAZA PRODUTOS QUIMICOS LTDA;30008;CORANTES
85013;CORANTE LIQUIDO LARANJA 50ML MAZA;26541;800053;MAZA;11000423;MAZA PRODUTOS QUIMICOS LTDA;30008;CORANTES
85014;CORANTE LIQUIDO MARROM 50ML MAZA;26542;800053;MAZA;11000423;MAZA PRODUTOS QUIMICOS LTDA;30008;CORANTES
85015;CORANTE LIQUIDO OCRE 50ML MAZA;26537;800053;MAZA;11000423;MAZA PRODUTOS QUIMICOS LTDA;30008;CORANTES
85016;CORANTE LIQUIDO PRETO 50ML MAZA;26543;800053;MAZA;11000423;MAZA PRODUTOS QUIMICOS LTDA;30008;CORANTES
85017;CORANTE LIQUIDO VERDE 50ML MAZA;26545;800053;MAZA;11000423;MAZA PRODUTOS QUIMICOS LTDA;30008;CORANTES
85018;CORANTE LIQUIDO VERMELHO 50ML MAZA;26544;800053;MAZA;11000423;MAZA PRODUTOS QUIMICOS LTDA;30008;CORANTES
84483;CORANTE LIQUIDO VIOLETA 50ML;23001007700;71;TEK BOND;570;SAINT GOBAIN;30008;CORANTES
85019;CORANTE LIQUIDO VIOLETA 50ML MAZA;26546;800053;MAZA;11000423;MAZA PRODUTOS QUIMICOS LTDA;30008;CORANTES
86861;CORANTE LIQUIDO XADREZ AMARELO 50ML;31100178;3;SHERWIN WILLIAMS;35;SHERWIN - WILLIAMS DO BRASIL IND. E COM. LTDA;30008;CORANTES
86863;CORANTE LIQUIDO XADREZ AZUL 50ML;31102178;3;SHERWIN WILLIAMS;35;SHERWIN - WILLIAMS DO BRASIL IND. E COM. LTDA;30008;CORANTES
86862;CORANTE LIQUIDO XADREZ LARANJA 50ML;31106178;3;SHERWIN WILLIAMS;35;SHERWIN - WILLIAMS DO BRASIL IND. E COM. LTDA;30008;CORANTES
86865;CORANTE LIQUIDO XADREZ MARROM 50ML;31106778;3;SHERWIN WILLIAMS;35;SHERWIN - WILLIAMS DO BRASIL IND. E COM. LTDA;30008;CORANTES
86864;CORANTE LIQUIDO XADREZ OCRE 50ML;31106478;3;SHERWIN WILLIAMS;35;SHERWIN - WILLIAMS DO BRASIL IND. E COM. LTDA;30008;CORANTES
86866;CORANTE LIQUIDO XADREZ PRETO 50ML;31107178;3;SHERWIN WILLIAMS;35;SHERWIN - WILLIAMS DO BRASIL IND. E COM. LTDA;30008;CORANTES
86867;CORANTE LIQUIDO XADREZ VERDE 50ML;31108178;3;SHERWIN WILLIAMS;35;SHERWIN - WILLIAMS DO BRASIL IND. E COM. LTDA;30008;CORANTES
86868;CORANTE LIQUIDO XADREZ VERMELHO 50ML;31109378;3;SHERWIN WILLIAMS;35;SHERWIN - WILLIAMS DO BRASIL IND. E COM. LTDA;30008;CORANTES
86869;CORANTE LIQUIDO XADREZ VIOLETA 50ML;31109978;3;SHERWIN WILLIAMS;35;SHERWIN - WILLIAMS DO BRASIL IND. E COM. LTDA;30008;CORANTES
22065;CORREIA CUBII 36+;HB004378509;4;3M;36;3M DO BRASIL LTDA;20007;DISCOS / LIXAS / ABRASIVOS 
22063;CORREIA CUBII 60+;HB004378517;4;3M;36;3M DO BRASIL LTDA;20007;DISCOS / LIXAS / ABRASIVOS 
22064;CORREIA CUBII 80+;HB004378525;4;3M;36;3M DO BRASIL LTDA;20007;DISCOS / LIXAS / ABRASIVOS 
23576;CORRETIVO LIQUIDO 18ML;40974;31;UTILER;522;DJF Comercial de Papelaria Ltda. - ME;999999;GRUPO CONVERSAO
85859;CR AGUARRAS INCOLOR 5L;5203220;800073;CORAL;34;AKZO NOBEL LTDA;30013;AGUARRAS
85860;CR AGUARRAS INCOLOR 900ML;5203222;800073;CORAL;34;AKZO NOBEL LTDA;30013;AGUARRAS
86600;CR BEM ESTAR PROT ANTIMOSQUITO 3,6L;5683984;800073;CORAL;34;AKZO NOBEL LTDA;30001;TINTA PAREDE
85876;CR BRILHO PARA TINTA INCOLOR 18L;5202601;800073;CORAL;34;AKZO NOBEL LTDA;30002;IMPERMEABILIZANTES
85875;CR BRILHO PARA TINTA INCOLOR 3.6L;5202600;800073;CORAL;34;AKZO NOBEL LTDA;30002;IMPERMEABILIZANTES
86827;CR CORAL MASTER AREIA 18L;5902221;800073;CORAL;34;AKZO NOBEL LTDA;30001;TINTA PAREDE
86828;CR CORAL MASTER AREIA 3,6L;5902222;800073;CORAL;34;AKZO NOBEL LTDA;30001;TINTA PAREDE
86835;CR CORAL MASTER BASE MF 0,8L;5902229;800073;CORAL;34;AKZO NOBEL LTDA;30006;BASES IMOBILIÁRIAS
86836;CR CORAL MASTER BASE MF 16L;5902230;800073;CORAL;534;AKZO NOBEL LTDA;30006;BASES IMOBILIÁRIAS
86834;CR CORAL MASTER BASE MF 3,2L;5902228;800073;CORAL;34;AKZO NOBEL LTDA;30006;BASES IMOBILIÁRIAS
86831;CR CORAL MASTER BASE P 0,8L;5902225;800073;CORAL;34;AKZO NOBEL LTDA;30006;BASES IMOBILIÁRIAS
86833;CR CORAL MASTER BASE P 16L;5902227;800073;CORAL;534;AKZO NOBEL LTDA;30006;BASES IMOBILIÁRIAS
86832;CR CORAL MASTER BASE P 3,2L;5902226;800073;CORAL;34;AKZO NOBEL LTDA;30006;BASES IMOBILIÁRIAS
86837;CR CORAL MASTER BASE T 0,8L;5902231;800073;CORAL;34;AKZO NOBEL LTDA;30006;BASES IMOBILIÁRIAS
86839;CR CORAL MASTER BASE T 16L;5902233;800073;CORAL;34;AKZO NOBEL LTDA;30006;BASES IMOBILIÁRIAS
86838;CR CORAL MASTER BASE T 3,2L;5902232;800073;CORAL;34;AKZO NOBEL LTDA;30006;BASES IMOBILIÁRIAS
86819;CR CORAL MASTER BRANCO 0,9L;5902212;800073;CORAL;34;AKZO NOBEL LTDA;30001;TINTA PAREDE
86821;CR CORAL MASTER BRANCO 18L;5902214;800073;CORAL;34;AKZO NOBEL LTDA;30001;TINTA PAREDE
86822;CR CORAL MASTER BRANCO BALDE 20L;5902215;800073;CORAL;534;AKZO NOBEL LTDA;30001;TINTA PAREDE
86823;CR CORAL MASTER BRANCO GELO 18L;5902216;800073;CORAL;34;AKZO NOBEL LTDA;30001;TINTA PAREDE
86826;CR CORAL MASTER BRANCO GELO 3,6L;5902220;800073;CORAL;534;AKZO NOBEL LTDA;30001;TINTA PAREDE
86820;CR CORAL MASTER BRANCO GL 3,6L;5902213;800073;CORAL;534;AKZO NOBEL LTDA;30001;TINTA PAREDE
86830;CR CORAL MASTER PALHA 18L;5902224;800073;CORAL;34;AKZO NOBEL LTDA;30001;TINTA PAREDE
86829;CR CORAL MASTER PALHA 3,6L;5902223;800073;CORAL;34;AKZO NOBEL LTDA;30001;TINTA PAREDE
86824;CR CORAL MASTER TUBARÃO BRANCO 18L;5902218;800073;CORAL;34;AKZO NOBEL LTDA;30001;TINTA PAREDE
86825;CR CORAL MASTER TUBARÃO BRANCO 3,6L;5902219;800073;CORAL;34;AKZO NOBEL LTDA;30001;TINTA PAREDE
86728;CR CORALAR ACR MAIS DES DIA NUBLADO 18L;5828229;800073;CORAL;34;AKZO NOBEL LTDA;30001;TINTA PAREDE
86729;CR CORALAR ACR MAIS DES DIA NUBLADO 3.6L;5828230;800073;CORAL;34;AKZO NOBEL LTDA;30001;TINTA PAREDE
86727;CR CORALAR ACR MAIS DES NE PAULISTA 18L;5828228;800073;CORAL;34;AKZO NOBEL LTDA;30001;TINTA PAREDE
86726;CR CORALAR ACR MAIS DES NE PAULISTA 3.6L;5828217;800073;CORAL;34;AKZO NOBEL LTDA;30001;TINTA PAREDE
86730;CR CORALAR ACR MAIS DES PEDRA PREC 18L;5828231;800073;CORAL;34;AKZO NOBEL LTDA;30001;TINTA PAREDE
86731;CR CORALAR ACR MAIS DES PEDRA PREC 3.6L;5828232;800073;CORAL;34;AKZO NOBEL LTDA;30001;TINTA PAREDE
86247;CR CORALAR ACR MAIS RES AREIA 18L;5271670;800073;CORAL;34;AKZO NOBEL LTDA;30001;TINTA PAREDE
86248;CR CORALAR ACR MAIS RES AREIA 3,6L;5271672;800073;CORAL;34;AKZO NOBEL LTDA;30001;TINTA PAREDE
86734;CR CORALAR ACR MAIS RES BRANCO 15L;5830546;800073;CORAL;34;AKZO NOBEL LTDA;30001;TINTA PAREDE
86239;CR CORALAR ACR MAIS RES CAMURCA 18L;5271385;800073;CORAL;34;AKZO NOBEL LTDA;30001;TINTA PAREDE
86249;CR CORALAR ACR MAIS RES CAMURCA 3,6L;5271686;800073;CORAL;34;AKZO NOBEL LTDA;30001;TINTA PAREDE
86725;CR CORALAR ACR MAIS RES DIA NUBLADO 18L;5828145;800073;CORAL;34;AKZO NOBEL LTDA;30001;TINTA PAREDE
86724;CR CORALAR ACR MAIS RES DIA NUBLADO 3.6L;5828144;800073;CORAL;34;AKZO NOBEL LTDA;30001;TINTA PAREDE
86245;CR CORALAR ACR MAIS RES LA MARACATU 18L;5271666;800073;CORAL;34;AKZO NOBEL LTDA;30001;TINTA PAREDE
86246;CR CORALAR ACR MAIS RES LA MARACATU 3,6L;5271668;800073;CORAL;34;AKZO NOBEL LTDA;30001;TINTA PAREDE
86173;CR CORALAR ACR MAIS RES MARFIM 3,6L;5207306;800073;CORAL;34;AKZO NOBEL LTDA;30001;TINTA PAREDE
86240;CR CORALAR ACR MAIS RES OCEANO 18L;5271590;800073;CORAL;34;AKZO NOBEL LTDA;30001;TINTA PAREDE
86243;CR CORALAR ACR MAIS RES OCEANO 3,6L;5271595;800073;CORAL;34;AKZO NOBEL LTDA;30001;TINTA PAREDE
86241;CR CORALAR ACR MAIS RES PALHA 18L;5271592;800073;CORAL;34;AKZO NOBEL LTDA;30001;TINTA PAREDE
86242;CR CORALAR ACR MAIS RES PALHA 3,6L;5271593;800073;CORAL;34;AKZO NOBEL LTDA;30001;TINTA PAREDE
86722;CR CORALAR ACR MAIS RES PEDRA PREC 18L;5828124;800073;CORAL;34;AKZO NOBEL LTDA;30001;TINTA PAREDE
86723;CR CORALAR ACR MAIS RES PEDRA PREC 3.6L;5828125;800073;CORAL;34;AKZO NOBEL LTDA;30001;TINTA PAREDE
86721;CR CORALAR ACR MAIS RES PEROLA 18L;5828026;800073;CORAL;34;AKZO NOBEL LTDA;30001;TINTA PAREDE
86733;CR CORALAR ACR MAIS RES PEROLA 3.6L;5828234;800073;CORAL;34;AKZO NOBEL LTDA;30001;TINTA PAREDE
85797;CR CORALAR ACRILICO CROMO SUAVE GL 3,6L;5202306;800073;CORAL;34;AKZO NOBEL LTDA;30001;TINTA PAREDE
85770;CR CORALAR ACRILICO MAIS BRILHO E PROTEÇÃO BASE PM GL 3,2L;5202140;800073;CORAL;534;AKZO NOBEL LTDA;30006;BASES IMOBILIÁRIAS
85771;CR CORALAR ACRILICO MAIS BRILHO E PROTEÇÃO BASE PM LATA 16L;5202142;800073;CORAL;534;AKZO NOBEL LTDA;30006;BASES IMOBILIÁRIAS
85768;CR CORALAR ACRILICO MAIS BRILHO E PROTEÇÃO BRANCO GL 3,6L;5202138;800073;CORAL;534;AKZO NOBEL LTDA;30001;TINTA PAREDE
85769;CR CORALAR ACRILICO MAIS BRILHO E PROTEÇÃO BRANCO LATA 18L;5202139;800073;CORAL;534;AKZO NOBEL LTDA;30001;TINTA PAREDE
85813;CR CORALAR ACRILICO MAIS DESEMPEMHO CONCRETO GL 3,6L;5202326;800073;CORAL;34;AKZO NOBEL LTDA;30001;TINTA PAREDE
85800;CR CORALAR ACRILICO MAIS DESEMPENHO AMARELO CANARIO GL 3,6L;5202312;800073;CORAL;34;AKZO NOBEL LTDA;30001;TINTA PAREDE
85801;CR CORALAR ACRILICO MAIS DESEMPENHO AMARELO CANARIO LATA 18L;5202313;800073;CORAL;34;AKZO NOBEL LTDA;30001;TINTA PAREDE
85798;CR CORALAR ACRILICO MAIS DESEMPENHO AMARELO FREVO GL 3,6L;5202310;800073;CORAL;34;AKZO NOBEL LTDA;30001;TINTA PAREDE
85799;CR CORALAR ACRILICO MAIS DESEMPENHO AMARELO FREVO LATA 18L;5202311;800073;CORAL;34;AKZO NOBEL LTDA;30001;TINTA PAREDE
85821;CR CORALAR ACRILICO MAIS DESEMPENHO AREIA GL 3,6L;5202334;800073;CORAL;34;AKZO NOBEL LTDA;30001;TINTA PAREDE
85822;CR CORALAR ACRILICO MAIS DESEMPENHO AREIA LATA 18L;5202335;800073;CORAL;534;AKZO NOBEL LTDA;30001;TINTA PAREDE
85787;CR CORALAR ACRILICO MAIS DESEMPENHO AZUL ARPOADOR GL 3,6L;5202288;800073;CORAL;34;AKZO NOBEL LTDA;30001;TINTA PAREDE
85788;CR CORALAR ACRILICO MAIS DESEMPENHO AZUL ARPOADOR LATA 18L;5202289;800073;CORAL;34;AKZO NOBEL LTDA;30001;TINTA PAREDE
86740;CR CORALAR ACRILICO MAIS DESEMPENHO BRANCO BALDE 15L;5849012;800073;CORAL;34;AKZO NOBEL LTDA;30001;TINTA PAREDE
86817;CR CORALAR ACRILICO MAIS DESEMPENHO BRANCO BALDE 20L;5885755;800073;CORAL;34;AKZO NOBEL LTDA;30001;TINTA PAREDE
86737;CR CORALAR ACRILICO MAIS DESEMPENHO BRANCO GELO BALDE 20L;5832512;800073;CORAL;534;AKZO NOBEL LTDA;30001;TINTA PAREDE
85781;CR CORALAR ACRILICO MAIS DESEMPENHO BRANCO GELO GL 3,6L;5202280;800073;CORAL;534;AKZO NOBEL LTDA;30001;TINTA PAREDE
85782;CR CORALAR ACRILICO MAIS DESEMPENHO BRANCO GELO LATA 18L;5202281;800073;CORAL;534;AKZO NOBEL LTDA;30001;TINTA PAREDE
85779;CR CORALAR ACRILICO MAIS DESEMPENHO BRANCO GL 3,6L;5202277;800073;CORAL;534;AKZO NOBEL LTDA;30001;TINTA PAREDE
85780;CR CORALAR ACRILICO MAIS DESEMPENHO BRANCO LATA 18L;5202278;800073;CORAL;534;AKZO NOBEL LTDA;30001;TINTA PAREDE
85817;CR CORALAR ACRILICO MAIS DESEMPENHO CAMURCA GL 3,6L;5202330;800073;CORAL;34;AKZO NOBEL LTDA;30001;TINTA PAREDE
85818;CR CORALAR ACRILICO MAIS DESEMPENHO CAMURCA LATA 18L;5202331;800073;CORAL;34;AKZO NOBEL LTDA;30001;TINTA PAREDE
85814;CR CORALAR ACRILICO MAIS DESEMPENHO CONCRETO LATA 18L;5202327;800073;CORAL;34;AKZO NOBEL LTDA;30001;TINTA PAREDE
85795;CR CORALAR ACRILICO MAIS DESEMPENHO LA MARACATU GL 3,6L;5202296;800073;CORAL;34;AKZO NOBEL LTDA;30001;TINTA PAREDE
85796;CR CORALAR ACRILICO MAIS DESEMPENHO LA MARACATU LATA 18L;5202297;800073;CORAL;34;AKZO NOBEL LTDA;30001;TINTA PAREDE
85785;CR CORALAR ACRILICO MAIS DESEMPENHO LUA SERTAO GL 3,6L;5202286;800073;CORAL;34;AKZO NOBEL LTDA;30001;TINTA PAREDE
85786;CR CORALAR ACRILICO MAIS DESEMPENHO LUA SERTAO LATA 18L;5202287;800073;CORAL;34;AKZO NOBEL LTDA;30001;TINTA PAREDE
85819;CR CORALAR ACRILICO MAIS DESEMPENHO MARFIM GL 3,6L;5202332;800073;CORAL;34;AKZO NOBEL LTDA;30001;TINTA PAREDE
85820;CR CORALAR ACRILICO MAIS DESEMPENHO MARFIM LATA 18L;5202333;800073;CORAL;34;AKZO NOBEL LTDA;30001;TINTA PAREDE
85789;CR CORALAR ACRILICO MAIS DESEMPENHO OCEANO GL 3,6L;5202290;800073;CORAL;34;AKZO NOBEL LTDA;30001;TINTA PAREDE
85790;CR CORALAR ACRILICO MAIS DESEMPENHO OCEANO LATA 18L;5202291;800073;CORAL;34;AKZO NOBEL LTDA;30001;TINTA PAREDE
85824;CR CORALAR ACRILICO MAIS DESEMPENHO PALHA GL 3,6L;5202338;800073;CORAL;34;AKZO NOBEL LTDA;30001;TINTA PAREDE
85825;CR CORALAR ACRILICO MAIS DESEMPENHO PALHA LATA 18L;5202339;800073;CORAL;34;AKZO NOBEL LTDA;30001;TINTA PAREDE
85791;CR CORALAR ACRILICO MAIS DESEMPENHO PAVAO GL 3,6L;5202292;800073;CORAL;34;AKZO NOBEL LTDA;30001;TINTA PAREDE
85792;CR CORALAR ACRILICO MAIS DESEMPENHO PAVAO LATA 18L;5202293;800073;CORAL;34;AKZO NOBEL LTDA;30001;TINTA PAREDE
85783;CR CORALAR ACRILICO MAIS DESEMPENHO PEROLA GL 3,6L;5202282;800073;CORAL;34;AKZO NOBEL LTDA;30001;TINTA PAREDE
85784;CR CORALAR ACRILICO MAIS DESEMPENHO PEROLA LATA 18L;5202283;800073;CORAL;34;AKZO NOBEL LTDA;30001;TINTA PAREDE
85815;CR CORALAR ACRILICO MAIS DESEMPENHO PESSEGO GL 3,6L;5202328;800073;CORAL;34;AKZO NOBEL LTDA;30001;TINTA PAREDE
85816;CR CORALAR ACRILICO MAIS DESEMPENHO PESSEGO LATA 18L;5202329;800073;CORAL;34;AKZO NOBEL LTDA;30001;TINTA PAREDE
85802;CR CORALAR ACRILICO MAIS DESEMPENHO REFRESCO GL 3,6L;5202314;800073;CORAL;34;AKZO NOBEL LTDA;30001;TINTA PAREDE
85793;CR CORALAR ACRILICO MAIS DESEMPENHO RUBI GL 3,6L;5202294;800073;CORAL;34;AKZO NOBEL LTDA;30001;TINTA PAREDE
85794;CR CORALAR ACRILICO MAIS DESEMPENHO RUBI LATA 18L;5202295;800073;CORAL;34;AKZO NOBEL LTDA;30001;TINTA PAREDE
85807;CR CORALAR ACRILICO MAIS DESEMPENHO VERDE KIWI GL 3,6L;5202320;800073;CORAL;34;AKZO NOBEL LTDA;30001;TINTA PAREDE
85808;CR CORALAR ACRILICO MAIS DESEMPENHO VERDE KIWI LATA 18L;5202321;800073;CORAL;34;AKZO NOBEL LTDA;30001;TINTA PAREDE
85803;CR CORALAR ACRILICO MAIS DESEMPENHO VERDE LIMAO GL 3,6L;5202316;800073;CORAL;34;AKZO NOBEL LTDA;30001;TINTA PAREDE
85804;CR CORALAR ACRILICO MAIS DESEMPENHO VERDE LIMAO LATA 18L;5202317;800073;CORAL;34;AKZO NOBEL LTDA;30001;TINTA PAREDE
85811;CR CORALAR ACRILICO MAIS DESEMPENHO VERDE PISCINA GL 3,6L;5202324;800073;CORAL;34;AKZO NOBEL LTDA;30001;TINTA PAREDE
85812;CR CORALAR ACRILICO MAIS DESEMPENHO VERDE PISCINA LATA 18L;5202325;800073;CORAL;34;AKZO NOBEL LTDA;30001;TINTA PAREDE
85805;CR CORALAR ACRILICO MAIS DESEMPENHO VERDE TIMBALADA GL 3,6L;5202318;800073;CORAL;34;AKZO NOBEL LTDA;30001;TINTA PAREDE
85806;CR CORALAR ACRILICO MAIS DESEMPENHO VERDE TIMBALADA LATA 18L;5202319;800073;CORAL;34;AKZO NOBEL LTDA;30001;TINTA PAREDE
85809;CR CORALAR ACRILICO MAIS DESEMPENHO VERDE VALE GL 3,6L;5202322;800073;CORAL;34;AKZO NOBEL LTDA;30001;TINTA PAREDE
85810;CR CORALAR ACRILICO MAIS DESEMPENHO VERDE VALE LATA 18L;5202323;800073;CORAL;34;AKZO NOBEL LTDA;30001;TINTA PAREDE
86171;CR CORALAR ACRILICO MAIS RESISTENTE AMARELO FREVO GL 3,6L;5207301;800073;CORAL;34;AKZO NOBEL LTDA;30001;TINTA PAREDE
86169;CR CORALAR ACRILICO MAIS RESISTENTE AMARELO FREVO LATA 18L;5207258;800073;CORAL;34;AKZO NOBEL LTDA;30001;TINTA PAREDE
86170;CR CORALAR ACRILICO MAIS RESISTENTE BRANCO GELO GL 3,6L;5207259;800073;CORAL;34;AKZO NOBEL LTDA;30001;TINTA PAREDE
86168;CR CORALAR ACRILICO MAIS RESISTENTE BRANCO GELO LATA 18L;5207257;800073;CORAL;34;AKZO NOBEL LTDA;30001;TINTA PAREDE
86175;CR CORALAR ACRILICO MAIS RESISTENTE BRANCO GL 3,6L;5207322;800073;CORAL;34;AKZO NOBEL LTDA;30001;TINTA PAREDE
86174;CR CORALAR ACRILICO MAIS RESISTENTE BRANCO LATA 18L;5207321;800073;CORAL;34;AKZO NOBEL LTDA;30001;TINTA PAREDE
86172;CR CORALAR ACRILICO MAIS RESISTENTE MARFIM LATA 18L;5207305;800073;CORAL;34;AKZO NOBEL LTDA;30001;TINTA PAREDE
85823;CR CORALAR ACRILICO MANGABA LATA 18L;5202337;800073;CORAL;34;AKZO NOBEL LTDA;30001;TINTA PAREDE
86244;CR CORALAR DUO FO VERDE LIMAO 3.6L;5271597;800073;CORAL;34;AKZO NOBEL LTDA;30001;TINTA PAREDE
86250;CR CORALAR DUO FO VERDE VALE 3.6L;5272007;800073;CORAL;34;AKZO NOBEL LTDA;30001;TINTA PAREDE
86034;CR CORALAR ESMALTE ACETINADO BRANCO 3,6L;5202851;800073;CORAL;34;AKZO NOBEL LTDA;40001;ESMALTES
86035;CR CORALAR ESMALTE ACETINADO BRANCO 900ML;5202852;800073;CORAL;34;AKZO NOBEL LTDA;40001;ESMALTES
86020;CR CORALAR ESMALTE BRILHO AMARELO 3,6L;5202831;800073;CORAL;34;AKZO NOBEL LTDA;40001;ESMALTES
86021;CR CORALAR ESMALTE BRILHO AMARELO 900ML;5202832;800073;CORAL;34;AKZO NOBEL LTDA;40001;ESMALTES
86011;CR CORALAR ESMALTE BRILHO AZUL DEL REY 3,6L;5202819;800073;CORAL;34;AKZO NOBEL LTDA;40001;ESMALTES
86012;CR CORALAR ESMALTE BRILHO AZUL DEL REY 900ML;5202820;800073;CORAL;34;AKZO NOBEL LTDA;40001;ESMALTES
86013;CR CORALAR ESMALTE BRILHO AZUL FRANCA 3,6L;5202823;800073;CORAL;34;AKZO NOBEL LTDA;40001;ESMALTES
86014;CR CORALAR ESMALTE BRILHO AZUL FRANCA 900ML;5202824;800073;CORAL;34;AKZO NOBEL LTDA;40001;ESMALTES
86009;CR CORALAR ESMALTE BRILHO AZUL MAR 3,6L;5202817;800073;CORAL;34;AKZO NOBEL LTDA;40001;ESMALTES
86010;CR CORALAR ESMALTE BRILHO AZUL MAR 900ML;5202818;800073;CORAL;34;AKZO NOBEL LTDA;40001;ESMALTES
85997;CR CORALAR ESMALTE BRILHO BRANCO 3,6L;5202803;800073;CORAL;34;AKZO NOBEL LTDA;40001;ESMALTES
85998;CR CORALAR ESMALTE BRILHO BRANCO 900ML;5202804;800073;CORAL;34;AKZO NOBEL LTDA;40001;ESMALTES
85999;CR CORALAR ESMALTE BRILHO BRANCO GELO 3,6L;5202805;800073;CORAL;34;AKZO NOBEL LTDA;40001;ESMALTES
86000;CR CORALAR ESMALTE BRILHO BRANCO GELO 900ML;5202806;800073;CORAL;34;AKZO NOBEL LTDA;40001;ESMALTES
86007;CR CORALAR ESMALTE BRILHO CINZA ESCURO 3,6L;5202815;800073;CORAL;34;AKZO NOBEL LTDA;40001;ESMALTES
86008;CR CORALAR ESMALTE BRILHO CINZA ESCURO 900ML;5202816;800073;CORAL;34;AKZO NOBEL LTDA;40001;ESMALTES
86003;CR CORALAR ESMALTE BRILHO CINZA MEDIO 3,6L;5202809;800073;CORAL;34;AKZO NOBEL LTDA;40001;ESMALTES
86004;CR CORALAR ESMALTE BRILHO CINZA MEDIO 900ML;5202810;800073;CORAL;34;AKZO NOBEL LTDA;40001;ESMALTES
86028;CR CORALAR ESMALTE BRILHO COLORADO 3,6L;5202845;800073;CORAL;34;AKZO NOBEL LTDA;40001;ESMALTES
86029;CR CORALAR ESMALTE BRILHO COLORADO 900ML;5202846;800073;CORAL;34;AKZO NOBEL LTDA;40001;ESMALTES
86017;CR CORALAR ESMALTE BRILHO LARANJA 3,6L;5202827;800073;CORAL;34;AKZO NOBEL LTDA;40001;ESMALTES
86026;CR CORALAR ESMALTE BRILHO MARFIM 3,6L;5202841;800073;CORAL;34;AKZO NOBEL LTDA;40001;ESMALTES
86027;CR CORALAR ESMALTE BRILHO MARFIM 900ML;5202842;800073;CORAL;34;AKZO NOBEL LTDA;40001;ESMALTES
86024;CR CORALAR ESMALTE BRILHO MARROM 3,6L;5202837;800073;CORAL;34;AKZO NOBEL LTDA;40001;ESMALTES
86025;CR CORALAR ESMALTE BRILHO MARROM 900ML;5202838;800073;CORAL;34;AKZO NOBEL LTDA;40001;ESMALTES
86032;CR CORALAR ESMALTE BRILHO MARROM CONHAQUE 3,6L;5202849;800073;CORAL;34;AKZO NOBEL LTDA;40001;ESMALTES
86033;CR CORALAR ESMALTE BRILHO MARROM CONHAQUE 900ML;5202850;800073;CORAL;34;AKZO NOBEL LTDA;40001;ESMALTES
86005;CR CORALAR ESMALTE BRILHO PLATINA 3,6L;5202811;800073;CORAL;34;AKZO NOBEL LTDA;40001;ESMALTES
86006;CR CORALAR ESMALTE BRILHO PLATINA 900ML;5202812;800073;CORAL;34;AKZO NOBEL LTDA;40001;ESMALTES
86001;CR CORALAR ESMALTE BRILHO PRETO 3,6L;5202807;800073;CORAL;34;AKZO NOBEL LTDA;40001;ESMALTES
86002;CR CORALAR ESMALTE BRILHO PRETO 900ML;5202808;800073;CORAL;34;AKZO NOBEL LTDA;40001;ESMALTES
86030;CR CORALAR ESMALTE BRILHO TABACO 3,6L;5202847;800073;CORAL;34;AKZO NOBEL LTDA;40001;ESMALTES
86031;CR CORALAR ESMALTE BRILHO TABACO 900ML;5202848;800073;CORAL;34;AKZO NOBEL LTDA;40001;ESMALTES
86022;CR CORALAR ESMALTE BRILHO VERDE FOLHA 3,6L;5202833;800073;CORAL;34;AKZO NOBEL LTDA;40001;ESMALTES
86023;CR CORALAR ESMALTE BRILHO VERDE FOLHA 900ML;5202834;800073;CORAL;34;AKZO NOBEL LTDA;40001;ESMALTES
86015;CR CORALAR ESMALTE BRILHO VERMELHO 3,6L;5202825;800073;CORAL;34;AKZO NOBEL LTDA;40001;ESMALTES
86016;CR CORALAR ESMALTE BRILHO VERMELHO 900ML;5202826;800073;CORAL;34;AKZO NOBEL LTDA;40001;ESMALTES
86018;CR CORALAR ESMALTE BRILHO VERMELHO GOYA 3,6L;5202829;800073;CORAL;34;AKZO NOBEL LTDA;40001;ESMALTES
86019;CR CORALAR ESMALTE BRILHO VERMELHO GOYA 900ML;5202830;800073;CORAL;34;AKZO NOBEL LTDA;40001;ESMALTES
86036;CR CORALAR ESMALTE FOSCO PRETO 3,6L;5202855;800073;CORAL;34;AKZO NOBEL LTDA;40001;ESMALTES
86037;CR CORALAR ESMALTE FOSCO PRETO 900ML;5202856;800073;CORAL;34;AKZO NOBEL LTDA;40001;ESMALTES
86720;CR CORALAR LAT MAIS ECO NE BRANCO GELO 15L;5828025;800073;CORAL;34;AKZO NOBEL LTDA;30001;TINTA PAREDE
86732;CR CORALAR LAT MAIS ECO NEBLINA PAULISTA 18L;5828233;800073;CORAL;34;AKZO NOBEL LTDA;30001;TINTA PAREDE
86719;CR CORALAR LAT MAIS ECO NEBLINA PAULISTA 3,6L;5827773;800073;CORAL;34;AKZO NOBEL LTDA;30001;TINTA PAREDE
85762;CR CORALAR LATEX MAIS ECONOMICO AREIA DE COPACABANA GL 3,6L;5202061;800073;CORAL;34;AKZO NOBEL LTDA;30001;TINTA PAREDE
85763;CR CORALAR LATEX MAIS ECONOMICO AREIA DE COPACABANA LATA 18L;5202062;800073;CORAL;34;AKZO NOBEL LTDA;30001;TINTA PAREDE
86745;CR CORALAR LATEX MAIS ECONOMICO BRANCO BALDE 15L;5849259;800073;CORAL;34;AKZO NOBEL LTDA;30001;TINTA PAREDE
85754;CR CORALAR LATEX MAIS ECONOMICO BRANCO GELO GL 3,6L;5202041;800073;CORAL;534;AKZO NOBEL LTDA;30001;TINTA PAREDE
85755;CR CORALAR LATEX MAIS ECONOMICO BRANCO GELO LATA 18L;5202042;800073;CORAL;34;AKZO NOBEL LTDA;30001;TINTA PAREDE
85746;CR CORALAR LATEX MAIS ECONOMICO BRANCO GL 3,6L;5202025;800073;CORAL;34;AKZO NOBEL LTDA;30001;TINTA PAREDE
85747;CR CORALAR LATEX MAIS ECONOMICO BRANCO LATA 18L;5202026;800073;CORAL;534;AKZO NOBEL LTDA;30001;TINTA PAREDE
85748;CR CORALAR LATEX MAIS ECONOMICO PALHA DO SERTAO GL 3,6L;5202027;800073;CORAL;34;AKZO NOBEL LTDA;30001;TINTA PAREDE
85749;CR CORALAR LATEX MAIS ECONOMICO PALHA DO SERTAO LATA 18L;5202028;800073;CORAL;34;AKZO NOBEL LTDA;30001;TINTA PAREDE
86091;CR CORALIT ANTIFERRUGEM BR AZ REY 3.6L;5203038;800073;CORAL;34;AKZO NOBEL LTDA;40001;ESMALTES
86092;CR CORALIT ANTIFERRUGEM BR AZ REY 900ML;5203039;800073;CORAL;34;AKZO NOBEL LTDA;40001;ESMALTES
86085;CR CORALIT ANTIFERRUGEM BR BRANCO 3.6L;5203029;800073;CORAL;34;AKZO NOBEL LTDA;40001;ESMALTES
86086;CR CORALIT ANTIFERRUGEM BR BRANCO 900ML;5203030;800073;CORAL;34;AKZO NOBEL LTDA;40001;ESMALTES
86089;CR CORALIT ANTIFERRUGEM BR CINZA 3.6L;5203035;800073;CORAL;34;AKZO NOBEL LTDA;40001;ESMALTES
86090;CR CORALIT ANTIFERRUGEM BR CINZA 900ML;5203036;800073;CORAL;34;AKZO NOBEL LTDA;40001;ESMALTES
86538;CR CORALIT ANTIFERRUGEM BR PLATINA 3.6L;5301120;800073;CORAL;34;AKZO NOBEL LTDA;40001;ESMALTES
86539;CR CORALIT ANTIFERRUGEM BR PLATINA 900ML;5301122;800073;CORAL;34;AKZO NOBEL LTDA;40001;ESMALTES
86087;CR CORALIT ANTIFERRUGEM BR PRETO 3.6L;5203032;800073;CORAL;34;AKZO NOBEL LTDA;40001;ESMALTES
86088;CR CORALIT ANTIFERRUGEM BR PRETO 900ML;5203033;800073;CORAL;34;AKZO NOBEL LTDA;40001;ESMALTES
86536;CR CORALIT ANTIFERRUGEM BR TABACO 3.6L;5301118;800073;CORAL;34;AKZO NOBEL LTDA;40001;ESMALTES
86537;CR CORALIT ANTIFERRUGEM BR TABACO 900ML;5301119;800073;CORAL;34;AKZO NOBEL LTDA;40001;ESMALTES
86093;CR CORALIT FUN NIVELADOR BRANCO 3.6L;5203062;800073;CORAL;34;AKZO NOBEL LTDA;40001;ESMALTES
86094;CR CORALIT FUN NIVELADOR BRANCO 900ML;5203063;800073;CORAL;34;AKZO NOBEL LTDA;40001;ESMALTES
85902;CR CORALIT FUNDO GALVANIZADO BRANCO 3,6L;5202670;800073;CORAL;34;AKZO NOBEL LTDA;40001;ESMALTES
85903;CR CORALIT FUNDO GALVANIZADO BRANCO 900ML;5202671;800073;CORAL;34;AKZO NOBEL LTDA;40001;ESMALTES
86164;CR CORALIT FUNDO PREPARADOR 900ML;5203225;800073;CORAL;34;AKZO NOBEL LTDA;40001;ESMALTES
86163;CR CORALIT FUNDO PREPARADOR BRANCO GL 3,6L;5203224;800073;CORAL;534;AKZO NOBEL LTDA;40001;ESMALTES
85900;CR CORALIT FUNDO ZARCAO PROFERRO 3,6L;5202667;800073;CORAL;34;AKZO NOBEL LTDA;40001;ESMALTES
85901;CR CORALIT FUNDO ZARCAO PROFERRO 900ML;5202668;800073;CORAL;34;AKZO NOBEL LTDA;40001;ESMALTES
86095;CR CORALIT MASSA MADEIRA 1.5KG;5203065;800073;CORAL;34;AKZO NOBEL LTDA;50001;LINHA MOVELEIRA
86708;CR CORALIT MASSA P MADEIRA GL PLAS 5,7KG;5777540;800073;CORAL;34;AKZO NOBEL LTDA;50001;LINHA MOVELEIRA
86161;CR CORALIT SECAGEM RAPIDA AC BRANCO 3,0L;5771410;800073;CORAL;34;AKZO NOBEL LTDA;40001;ESMALTES
85862;CR CORALIT SECAGEM RAPIDA AC BRANCO 750ML;5771207;800073;CORAL;34;AKZO NOBEL LTDA;40001;ESMALTES
86162;CR CORALIT SECAGEM RAPIDA AC BRANCO GELO 3,0L;5771411;800073;CORAL;534;AKZO NOBEL LTDA;40001;ESMALTES
86701;CR CORALIT SECAGEM RAPIDA AC BRANCO GELO 750ML;5771738;800073;CORAL;34;AKZO NOBEL LTDA;40001;ESMALTES
86666;CR CORALIT SECAGEM RAPIDA BR ALUMÍNIO 3.0L;5771413;800073;CORAL;34;AKZO NOBEL LTDA;40001;ESMALTES
86665;CR CORALIT SECAGEM RAPIDA BR ALUMÍNIO 750ML;5771412;800073;CORAL;34;AKZO NOBEL LTDA;40001;ESMALTES
86698;CR CORALIT SECAGEM RAPIDA BR AMARELO 3.0L;5771735;800073;CORAL;34;AKZO NOBEL LTDA;40001;ESMALTES
86699;CR CORALIT SECAGEM RAPIDA BR AMARELO 750ML;5771736;800073;CORAL;34;AKZO NOBEL LTDA;40001;ESMALTES
86673;CR CORALIT SECAGEM RAPIDA BR AMARELO TRATOR 3.0L;5771515;800073;CORAL;34;AKZO NOBEL LTDA;40001;ESMALTES
85864;CR CORALIT SECAGEM RAPIDA BR AMARELO TRATOR 750ML;5771409;800073;CORAL;34;AKZO NOBEL LTDA;40001;ESMALTES
86669;CR CORALIT SECAGEM RAPIDA BR AZUL DEL REY 3.0L;5771511;800073;CORAL;34;AKZO NOBEL LTDA;40001;ESMALTES
86683;CR CORALIT SECAGEM RAPIDA BR AZUL DEL REY 750ML;5771525;800073;CORAL;34;AKZO NOBEL LTDA;40001;ESMALTES
86670;CR CORALIT SECAGEM RAPIDA BR AZUL FRANÇA 3.0L;5771512;800073;CORAL;534;AKZO NOBEL LTDA;40001;ESMALTES
86684;CR CORALIT SECAGEM RAPIDA BR AZUL FRANÇA 750ML;5771526;800073;CORAL;34;AKZO NOBEL LTDA;40001;ESMALTES
86685;CR CORALIT SECAGEM RAPIDA BR AZUL MAR 3.0L;5771527;800073;CORAL;34;AKZO NOBEL LTDA;40001;ESMALTES
86668;CR CORALIT SECAGEM RAPIDA BR AZUL MARINHO 750ML;5771510;800073;CORAL;34;AKZO NOBEL LTDA;40001;ESMALTES
85863;CR CORALIT SECAGEM RAPIDA BR BRANCO 3,0L;5771288;800073;CORAL;534;AKZO NOBEL LTDA;40001;ESMALTES
86693;CR CORALIT SECAGEM RAPIDA BR BRANCO 750ML;5771730;800073;CORAL;34;AKZO NOBEL LTDA;40001;ESMALTES
86689;CR CORALIT SECAGEM RAPIDA BR BRANCO GELO 3.0L;5771538;800073;CORAL;34;AKZO NOBEL LTDA;40001;ESMALTES
86692;CR CORALIT SECAGEM RAPIDA BR BRANCO GELO 750ML;5771541;800073;CORAL;34;AKZO NOBEL LTDA;40001;ESMALTES
86694;CR CORALIT SECAGEM RAPIDA BR CINZA ESCURO 3.0L;5771731;800073;CORAL;34;AKZO NOBEL LTDA;40001;ESMALTES
86696;CR CORALIT SECAGEM RAPIDA BR CINZA ESCURO 750ML;5771733;800073;CORAL;34;AKZO NOBEL LTDA;40001;ESMALTES
86687;CR CORALIT SECAGEM RAPIDA BR CINZA MÉDIO 3.0L;5771529;800073;CORAL;534;AKZO NOBEL LTDA;40001;ESMALTES
86691;CR CORALIT SECAGEM RAPIDA BR CINZA MÉDIO 750ML;5771540;800073;CORAL;34;AKZO NOBEL LTDA;40001;ESMALTES
86676;CR CORALIT SECAGEM RAPIDA BR COLORADO 3.0L;5771518;800073;CORAL;34;AKZO NOBEL LTDA;40001;ESMALTES
86675;CR CORALIT SECAGEM RAPIDA BR COLORADO 750ML;5771517;800073;CORAL;34;AKZO NOBEL LTDA;40001;ESMALTES
86682;CR CORALIT SECAGEM RAPIDA BR LARANJA 3.0L;5771524;800073;CORAL;34;AKZO NOBEL LTDA;40001;ESMALTES
86702;CR CORALIT SECAGEM RAPIDA BR LARANJA 750ML;5771760;800073;CORAL;34;AKZO NOBEL LTDA;40001;ESMALTES
86678;CR CORALIT SECAGEM RAPIDA BR MARFIM 3.0L;5771520;800073;CORAL;34;AKZO NOBEL LTDA;40001;ESMALTES
86677;CR CORALIT SECAGEM RAPIDA BR MARFIM 750ML;5771519;800073;CORAL;34;AKZO NOBEL LTDA;40001;ESMALTES
85861;CR CORALIT SECAGEM RAPIDA BR MARROM CONHAQUE 3,0L;5771202;800073;CORAL;34;AKZO NOBEL LTDA;40001;ESMALTES
86667;CR CORALIT SECAGEM RAPIDA BR MARROM CONHAQUE 750ML;5771414;800073;CORAL;34;AKZO NOBEL LTDA;40001;ESMALTES
86695;CR CORALIT SECAGEM RAPIDA BR PLATINA 3.0L;5771732;800073;CORAL;34;AKZO NOBEL LTDA;40001;ESMALTES
86690;CR CORALIT SECAGEM RAPIDA BR PLATINA 750ML;5771539;800073;CORAL;34;AKZO NOBEL LTDA;40001;ESMALTES
86686;CR CORALIT SECAGEM RAPIDA BR PRETO 3.0L;5771528;800073;CORAL;534;AKZO NOBEL LTDA;40001;ESMALTES
86688;CR CORALIT SECAGEM RAPIDA BR PRETO 750ML;5771530;800073;CORAL;34;AKZO NOBEL LTDA;40001;ESMALTES
86674;CR CORALIT SECAGEM RAPIDA BR TABACO 3.0L;5771516;800073;CORAL;534;AKZO NOBEL LTDA;40001;ESMALTES
86700;CR CORALIT SECAGEM RAPIDA BR TABACO 750ML;5771737;800073;CORAL;34;AKZO NOBEL LTDA;40001;ESMALTES
86680;CR CORALIT SECAGEM RAPIDA BR VERDE FOLHA 3.0L;5771522;800073;CORAL;534;AKZO NOBEL LTDA;40001;ESMALTES
86679;CR CORALIT SECAGEM RAPIDA BR VERDE FOLHA 750ML;5771521;800073;CORAL;34;AKZO NOBEL LTDA;40001;ESMALTES
86671;CR CORALIT SECAGEM RAPIDA BR VERMELHO 3.0L;5771513;800073;CORAL;34;AKZO NOBEL LTDA;40001;ESMALTES
86672;CR CORALIT SECAGEM RAPIDA BR VERMELHO 750ML;5771514;800073;CORAL;34;AKZO NOBEL LTDA;40001;ESMALTES
86681;CR CORALIT SECAGEM RAPIDA BR VERMELHO GOYA 3.0L;5771523;800073;CORAL;34;AKZO NOBEL LTDA;40001;ESMALTES
86697;CR CORALIT SECAGEM RAPIDA BR VERMELHO GOYA 750ML;5771734;800073;CORAL;34;AKZO NOBEL LTDA;40001;ESMALTES
86232;CR CORALIT TOTAL AC BASE MF 3.2L;5267032;800073;CORAL;34;AKZO NOBEL LTDA;40001;ESMALTES
86233;CR CORALIT TOTAL AC BASE MF 800ML;5267033;800073;CORAL;34;AKZO NOBEL LTDA;40001;ESMALTES
86237;CR CORALIT TOTAL AC BASE P 3.2L;5267278;800073;CORAL;34;AKZO NOBEL LTDA;40001;ESMALTES
86238;CR CORALIT TOTAL AC BASE P 800ML;5267279;800073;CORAL;34;AKZO NOBEL LTDA;40001;ESMALTES
86235;CR CORALIT TOTAL AC BASE T 3.2L;5267052;800073;CORAL;534;AKZO NOBEL LTDA;40001;ESMALTES
86236;CR CORALIT TOTAL AC BASE T 800ML;5267053;800073;CORAL;34;AKZO NOBEL LTDA;40001;ESMALTES
86075;CR CORALIT TOTAL AC BRANCO 3,6L;5202907;800073;CORAL;534;AKZO NOBEL LTDA;40001;ESMALTES
86076;CR CORALIT TOTAL AC BRANCO 900ML;5202908;800073;CORAL;534;AKZO NOBEL LTDA;40001;ESMALTES
86077;CR CORALIT TOTAL AC BRANCO GELO 3,6L;5202909;800073;CORAL;534;AKZO NOBEL LTDA;40001;ESMALTES
86078;CR CORALIT TOTAL AC BRANCO GELO 900ML;5202910;800073;CORAL;34;AKZO NOBEL LTDA;40001;ESMALTES
86069;CR CORALIT TOTAL BR AMARELO 3.6L;5202899;800073;CORAL;34;AKZO NOBEL LTDA;40001;ESMALTES
86070;CR CORALIT TOTAL BR AMARELO 900ML;5202900;800073;CORAL;34;AKZO NOBEL LTDA;40001;ESMALTES
86066;CR CORALIT TOTAL BR AZUL DEL REY 3.6L;5202895;800073;CORAL;534;AKZO NOBEL LTDA;40001;ESMALTES
86231;CR CORALIT TOTAL BR BASE MF 3.2L;5267030;800073;CORAL;34;AKZO NOBEL LTDA;40001;ESMALTES
86234;CR CORALIT TOTAL BR BASE MF 800ML;5267051;800073;CORAL;34;AKZO NOBEL LTDA;40001;ESMALTES
86079;CR CORALIT TOTAL BR BASE P 3.2L;5202981;800073;CORAL;34;AKZO NOBEL LTDA;40001;ESMALTES
86080;CR CORALIT TOTAL BR BASE P 800ML;5202982;800073;CORAL;34;AKZO NOBEL LTDA;40001;ESMALTES
86081;CR CORALIT TOTAL BR BASE T 3.2L;5202987;800073;CORAL;534;AKZO NOBEL LTDA;40001;ESMALTES
86082;CR CORALIT TOTAL BR BASE T 800ML;5202988;800073;CORAL;34;AKZO NOBEL LTDA;40001;ESMALTES
86058;CR CORALIT TOTAL BR BRANCO 3,6L;5202887;800073;CORAL;534;AKZO NOBEL LTDA;40001;ESMALTES
86059;CR CORALIT TOTAL BR BRANCO 900ML;5202888;800073;CORAL;534;AKZO NOBEL LTDA;40001;ESMALTES
86060;CR CORALIT TOTAL BR BRANCO GELO 3,6L;5202889;800073;CORAL;534;AKZO NOBEL LTDA;40001;ESMALTES
86061;CR CORALIT TOTAL BR BRANCO GELO 900ML;5202890;800073;CORAL;534;AKZO NOBEL LTDA;40001;ESMALTES
86072;CR CORALIT TOTAL BR MARFIM 3.6L;5202903;800073;CORAL;534;AKZO NOBEL LTDA;40001;ESMALTES
86064;CR CORALIT TOTAL BR PLATINA 3,6L;5202893;800073;CORAL;534;AKZO NOBEL LTDA;40001;ESMALTES
86065;CR CORALIT TOTAL BR PLATINA 900ML;5202894;800073;CORAL;534;AKZO NOBEL LTDA;40001;ESMALTES
86062;CR CORALIT TOTAL BR PRETO 3,6L;5202891;800073;CORAL;534;AKZO NOBEL LTDA;40001;ESMALTES
86063;CR CORALIT TOTAL BR PRETO 900ML;5202892;800073;CORAL;534;AKZO NOBEL LTDA;40001;ESMALTES
86073;CR CORALIT TOTAL BR TABACO 3.6L;5202905;800073;CORAL;34;AKZO NOBEL LTDA;40001;ESMALTES
86074;CR CORALIT TOTAL BR TABACO 900ML;5202906;800073;CORAL;34;AKZO NOBEL LTDA;40001;ESMALTES
86071;CR CORALIT TOTAL BR VERDE FOLHA 3.6L;5202901;800073;CORAL;34;AKZO NOBEL LTDA;40001;ESMALTES
86067;CR CORALIT TOTAL BR VERMELHO 3.6L;5202897;800073;CORAL;34;AKZO NOBEL LTDA;40001;ESMALTES
86068;CR CORALIT TOTAL BR VERMELHO 900ML;5202898;800073;CORAL;34;AKZO NOBEL LTDA;40001;ESMALTES
86735;CR CORALIT TOTAL FO BRANCO 3,6L;5831842;800073;CORAL;534;AKZO NOBEL LTDA;40001;ESMALTES
86736;CR CORALIT TOTAL FO BRANCO 900ML;5831843;800073;CORAL;534;AKZO NOBEL LTDA;40001;ESMALTES
86738;CR CORALIT TOTAL FO PRETO 3,6L;5832857;800073;CORAL;534;AKZO NOBEL LTDA;40001;ESMALTES
86739;CR CORALIT TOTAL FO PRETO 900ML;5832859;800073;CORAL;534;AKZO NOBEL LTDA;40001;ESMALTES
85994;CR CORALIT ULTRA RES AB BASE MF 800ML;5202800;800073;CORAL;34;AKZO NOBEL LTDA;40001;ESMALTES
85992;CR CORALIT ULTRA RES AB BASE P 800ML;5202796;800073;CORAL;34;AKZO NOBEL LTDA;40001;ESMALTES
85996;CR CORALIT ULTRA RES AB BASE T 800ML;5202802;800073;CORAL;534;AKZO NOBEL LTDA;40001;ESMALTES
86041;CR CORALIT ULTRA RES AC BASE MF 800ML;5202868;800073;CORAL;534;AKZO NOBEL LTDA;40001;ESMALTES
86039;CR CORALIT ULTRA RES AC BASE P 800ML;5202864;800073;CORAL;534;AKZO NOBEL LTDA;40001;ESMALTES
86043;CR CORALIT ULTRA RES AC BASE T 800ML;5202870;800073;CORAL;534;AKZO NOBEL LTDA;40001;ESMALTES
85982;CR CORALIT ULTRA RES AC MARROM 3.6L;5202777;800073;CORAL;34;AKZO NOBEL LTDA;40001;ESMALTES
85983;CR CORALIT ULTRA RES AC MARROM 900ML;5202778;800073;CORAL;34;AKZO NOBEL LTDA;40001;ESMALTES
85981;CR CORALIT ULTRA RES AC VERDE COLON 3.6L;5202775;800073;CORAL;34;AKZO NOBEL LTDA;40001;ESMALTES
85989;CR CORALIT ULTRA RES FO VD ESCOLAR 3.6L;5202791;800073;CORAL;34;AKZO NOBEL LTDA;40001;ESMALTES
85990;CR CORALIT ULTRA RES FO VD ESCOLAR 900ML;5202792;800073;CORAL;34;AKZO NOBEL LTDA;40001;ESMALTES
85921;CR CORALIT ULTRA RESISTÊNCIA AB ALUMINIO 225ML;5202695;800073;CORAL;34;AKZO NOBEL LTDA;40001;ESMALTES
85919;CR CORALIT ULTRA RESISTÊNCIA AB ALUMINIO 3,6L;5202693;800073;CORAL;534;AKZO NOBEL LTDA;40001;ESMALTES
85920;CR CORALIT ULTRA RESISTÊNCIA AB ALUMINIO 900ML;5202694;800073;CORAL;534;AKZO NOBEL LTDA;40001;ESMALTES
85942;CR CORALIT ULTRA RESISTÊNCIA AB AMARELO 225ML;5202726;800073;CORAL;34;AKZO NOBEL LTDA;40001;ESMALTES
85940;CR CORALIT ULTRA RESISTÊNCIA AB AMARELO 3,6L;5202724;800073;CORAL;534;AKZO NOBEL LTDA;40001;ESMALTES
85941;CR CORALIT ULTRA RESISTÊNCIA AB AMARELO 900ML;5202725;800073;CORAL;534;AKZO NOBEL LTDA;40001;ESMALTES
85946;CR CORALIT ULTRA RESISTÊNCIA AB AMARELO TRATOR 3,6L;5202733;800073;CORAL;34;AKZO NOBEL LTDA;40001;ESMALTES
85963;CR CORALIT ULTRA RESISTÊNCIA AB AREIA 3,6L;5202753;800073;CORAL;534;AKZO NOBEL LTDA;40001;ESMALTES
85964;CR CORALIT ULTRA RESISTÊNCIA AB AREIA 900ML;5202754;800073;CORAL;534;AKZO NOBEL LTDA;40001;ESMALTES
85932;CR CORALIT ULTRA RESISTÊNCIA AB AZUL FRANCA 225ML;5202710;800073;CORAL;34;AKZO NOBEL LTDA;40001;ESMALTES
85930;CR CORALIT ULTRA RESISTÊNCIA AB AZUL FRANCA 3,6L;5202708;800073;CORAL;534;AKZO NOBEL LTDA;40001;ESMALTES
85931;CR CORALIT ULTRA RESISTÊNCIA AB AZUL FRANCA 900ML;5202709;800073;CORAL;534;AKZO NOBEL LTDA;40001;ESMALTES
85926;CR CORALIT ULTRA RESISTÊNCIA AB AZUL MAR 225ML;5202702;800073;CORAL;34;AKZO NOBEL LTDA;40001;ESMALTES
85925;CR CORALIT ULTRA RESISTÊNCIA AB AZUL MAR 900ML;5202701;800073;CORAL;34;AKZO NOBEL LTDA;40001;ESMALTES
85929;CR CORALIT ULTRA RESISTÊNCIA AB AZUL REY 225ML;5202705;800073;CORAL;34;AKZO NOBEL LTDA;40001;ESMALTES
85927;CR CORALIT ULTRA RESISTÊNCIA AB AZUL REY 3,6L;5202703;800073;CORAL;534;AKZO NOBEL LTDA;40001;ESMALTES
85928;CR CORALIT ULTRA RESISTÊNCIA AB AZUL REY 900ML;5202704;800073;CORAL;534;AKZO NOBEL LTDA;40001;ESMALTES
85991;CR CORALIT ULTRA RESISTÊNCIA AB BASE P 3,2L;5202795;800073;CORAL;34;AKZO NOBEL LTDA;40001;ESMALTES
85995;CR CORALIT ULTRA RESISTÊNCIA AB BASE T 3,2L;5202801;800073;CORAL;34;AKZO NOBEL LTDA;40001;ESMALTES
85906;CR CORALIT ULTRA RESISTÊNCIA AB BRANCO 225ML;5202674;800073;CORAL;34;AKZO NOBEL LTDA;40001;ESMALTES
85904;CR CORALIT ULTRA RESISTÊNCIA AB BRANCO 3,6L;5202672;800073;CORAL;534;AKZO NOBEL LTDA;40001;ESMALTES
85905;CR CORALIT ULTRA RESISTÊNCIA AB BRANCO 900ML;5202673;800073;CORAL;534;AKZO NOBEL LTDA;40001;ESMALTES
85909;CR CORALIT ULTRA RESISTÊNCIA AB BRANCO GELO 225ML;5202680;800073;CORAL;34;AKZO NOBEL LTDA;40001;ESMALTES
85907;CR CORALIT ULTRA RESISTÊNCIA AB BRANCO GELO 3,6L;5202678;800073;CORAL;534;AKZO NOBEL LTDA;40001;ESMALTES
85908;CR CORALIT ULTRA RESISTÊNCIA AB BRANCO GELO 900ML;5202679;800073;CORAL;534;AKZO NOBEL LTDA;40001;ESMALTES
85957;CR CORALIT ULTRA RESISTÊNCIA AB CAMURCA 3,6L;5202746;800073;CORAL;534;AKZO NOBEL LTDA;40001;ESMALTES
85958;CR CORALIT ULTRA RESISTÊNCIA AB CAMURCA 900ML;5202747;800073;CORAL;534;AKZO NOBEL LTDA;40001;ESMALTES
85922;CR CORALIT ULTRA RESISTÊNCIA AB CINZA ESCURO 3,6L;5202698;800073;CORAL;534;AKZO NOBEL LTDA;40001;ESMALTES
85923;CR CORALIT ULTRA RESISTÊNCIA AB CINZA ESCURO 900ML;5202699;800073;CORAL;534;AKZO NOBEL LTDA;40001;ESMALTES
85915;CR CORALIT ULTRA RESISTÊNCIA AB CINZA MEDIO 225ML;5202689;800073;CORAL;34;AKZO NOBEL LTDA;40001;ESMALTES
85913;CR CORALIT ULTRA RESISTÊNCIA AB CINZA MEDIO 3,6L;5202687;800073;CORAL;534;AKZO NOBEL LTDA;40001;ESMALTES
85965;CR CORALIT ULTRA RESISTÊNCIA AB COLORADO 3,6L;5202755;800073;CORAL;534;AKZO NOBEL LTDA;40001;ESMALTES
85966;CR CORALIT ULTRA RESISTÊNCIA AB COLORADO 900ML;5202756;800073;CORAL;534;AKZO NOBEL LTDA;40001;ESMALTES
85959;CR CORALIT ULTRA RESISTÊNCIA AB CREME 3,6L;5202748;800073;CORAL;34;AKZO NOBEL LTDA;40001;ESMALTES
85960;CR CORALIT ULTRA RESISTÊNCIA AB CREME 900ML;5202749;800073;CORAL;34;AKZO NOBEL LTDA;40001;ESMALTES
85936;CR CORALIT ULTRA RESISTÊNCIA AB LARANJA 3,6L;5202719;800073;CORAL;534;AKZO NOBEL LTDA;40001;ESMALTES
85937;CR CORALIT ULTRA RESISTÊNCIA AB LARANJA 900ML;5202720;800073;CORAL;34;AKZO NOBEL LTDA;40001;ESMALTES
85961;CR CORALIT ULTRA RESISTÊNCIA AB MARFIM 3,6L;5202750;800073;CORAL;534;AKZO NOBEL LTDA;40001;ESMALTES
85962;CR CORALIT ULTRA RESISTÊNCIA AB MARFIM 900ML;5202751;800073;CORAL;534;AKZO NOBEL LTDA;40001;ESMALTES
85956;CR CORALIT ULTRA RESISTÊNCIA AB MARROM 225ML;5202744;800073;CORAL;34;AKZO NOBEL LTDA;40001;ESMALTES
85954;CR CORALIT ULTRA RESISTÊNCIA AB MARROM 3,6L;5202742;800073;CORAL;534;AKZO NOBEL LTDA;40001;ESMALTES
85955;CR CORALIT ULTRA RESISTÊNCIA AB MARROM 900ML;5202743;800073;CORAL;534;AKZO NOBEL LTDA;40001;ESMALTES
85972;CR CORALIT ULTRA RESISTÊNCIA AB MARROM CONHAQUE 225ML;5202762;800073;CORAL;34;AKZO NOBEL LTDA;40001;ESMALTES
85970;CR CORALIT ULTRA RESISTÊNCIA AB MARROM CONHAQUE 3,6L;5202760;800073;CORAL;534;AKZO NOBEL LTDA;40001;ESMALTES
85971;CR CORALIT ULTRA RESISTÊNCIA AB MARROM CONHAQUE 900ML;5202761;800073;CORAL;534;AKZO NOBEL LTDA;40001;ESMALTES
85945;CR CORALIT ULTRA RESISTÊNCIA AB OURO 225ML;5202732;800073;CORAL;34;AKZO NOBEL LTDA;40001;ESMALTES
85944;CR CORALIT ULTRA RESISTÊNCIA AB OURO 900ML;5202731;800073;CORAL;534;AKZO NOBEL LTDA;40001;ESMALTES
85918;CR CORALIT ULTRA RESISTÊNCIA AB PLATINA 225ML;5202692;800073;CORAL;34;AKZO NOBEL LTDA;40001;ESMALTES
85916;CR CORALIT ULTRA RESISTÊNCIA AB PLATINA 3,6L;5202690;800073;CORAL;534;AKZO NOBEL LTDA;40001;ESMALTES
85917;CR CORALIT ULTRA RESISTÊNCIA AB PLATINA 900ML;5202691;800073;CORAL;34;AKZO NOBEL LTDA;40001;ESMALTES
85912;CR CORALIT ULTRA RESISTÊNCIA AB PRETO 225ML;5202683;800073;CORAL;34;AKZO NOBEL LTDA;40001;ESMALTES
85910;CR CORALIT ULTRA RESISTÊNCIA AB PRETO 3,6L;5202681;800073;CORAL;534;AKZO NOBEL LTDA;40001;ESMALTES
85911;CR CORALIT ULTRA RESISTÊNCIA AB PRETO 900ML;5202682;800073;CORAL;534;AKZO NOBEL LTDA;40001;ESMALTES
85969;CR CORALIT ULTRA RESISTÊNCIA AB TABACO 225ML;5202759;800073;CORAL;34;AKZO NOBEL LTDA;40001;ESMALTES
85967;CR CORALIT ULTRA RESISTÊNCIA AB TABACO 3,6L;5202757;800073;CORAL;534;AKZO NOBEL LTDA;40001;ESMALTES
85968;CR CORALIT ULTRA RESISTÊNCIA AB TABACO 900ML;5202758;800073;CORAL;534;AKZO NOBEL LTDA;40001;ESMALTES
85973;CR CORALIT ULTRA RESISTÊNCIA AB TRANSPARENTE 3,6L;5202765;800073;CORAL;34;AKZO NOBEL LTDA;40001;ESMALTES
85974;CR CORALIT ULTRA RESISTÊNCIA AB TRANSPARENTE 900ML;5202766;800073;CORAL;34;AKZO NOBEL LTDA;40001;ESMALTES
85952;CR CORALIT ULTRA RESISTÊNCIA AB VERDE COLONIAL 3,6L;5202740;800073;CORAL;534;AKZO NOBEL LTDA;40001;ESMALTES
85953;CR CORALIT ULTRA RESISTÊNCIA AB VERDE COLONIAL 900ML;5202741;800073;CORAL;34;AKZO NOBEL LTDA;40001;ESMALTES
85949;CR CORALIT ULTRA RESISTÊNCIA AB VERDE FOLHA 225ML;5202737;800073;CORAL;34;AKZO NOBEL LTDA;40001;ESMALTES
85947;CR CORALIT ULTRA RESISTÊNCIA AB VERDE FOLHA 3,6L;5202735;800073;CORAL;534;AKZO NOBEL LTDA;40001;ESMALTES
85948;CR CORALIT ULTRA RESISTÊNCIA AB VERDE FOLHA 900ML;5202736;800073;CORAL;534;AKZO NOBEL LTDA;40001;ESMALTES
85950;CR CORALIT ULTRA RESISTÊNCIA AB VERDE NILO 3,6L;5202738;800073;CORAL;34;AKZO NOBEL LTDA;40001;ESMALTES
85951;CR CORALIT ULTRA RESISTÊNCIA AB VERDE NILO 900ML;5202739;800073;CORAL;34;AKZO NOBEL LTDA;40001;ESMALTES
85935;CR CORALIT ULTRA RESISTÊNCIA AB VERMELHO 225ML;5202715;800073;CORAL;34;AKZO NOBEL LTDA;40001;ESMALTES
85933;CR CORALIT ULTRA RESISTÊNCIA AB VERMELHO 3,6L;5202713;800073;CORAL;534;AKZO NOBEL LTDA;40001;ESMALTES
85934;CR CORALIT ULTRA RESISTÊNCIA AB VERMELHO 900ML;5202714;800073;CORAL;534;AKZO NOBEL LTDA;40001;ESMALTES
85938;CR CORALIT ULTRA RESISTÊNCIA AB VERMELHO GOYA 3,6L;5202721;800073;CORAL;534;AKZO NOBEL LTDA;40001;ESMALTES
85939;CR CORALIT ULTRA RESISTÊNCIA AB VERMELHO GOYA 900ML;5202722;800073;CORAL;534;AKZO NOBEL LTDA;40001;ESMALTES
86040;CR CORALIT ULTRA RESISTÊNCIA AC BASE MF 3,2L;5202867;800073;CORAL;534;AKZO NOBEL LTDA;40001;ESMALTES
86038;CR CORALIT ULTRA RESISTÊNCIA AC BASE P 3,2L;5202863;800073;CORAL;534;AKZO NOBEL LTDA;40001;ESMALTES
86042;CR CORALIT ULTRA RESISTÊNCIA AC BASE T 3,2L;5202869;800073;CORAL;534;AKZO NOBEL LTDA;40001;ESMALTES
85975;CR CORALIT ULTRA RESISTÊNCIA AC BRANCO 3,6L;5202767;800073;CORAL;534;AKZO NOBEL LTDA;40001;ESMALTES
85976;CR CORALIT ULTRA RESISTÊNCIA AC BRANCO 900ML;5202768;800073;CORAL;534;AKZO NOBEL LTDA;40001;ESMALTES
85977;CR CORALIT ULTRA RESISTÊNCIA AC BRANCO GELO 3,6L;5202769;800073;CORAL;34;AKZO NOBEL LTDA;40001;ESMALTES
85978;CR CORALIT ULTRA RESISTÊNCIA AC BRANCO GELO 900ML;5202770;800073;CORAL;34;AKZO NOBEL LTDA;40001;ESMALTES
85979;CR CORALIT ULTRA RESISTÊNCIA AC PLATINA 3,6L;5202771;800073;CORAL;534;AKZO NOBEL LTDA;40001;ESMALTES
85980;CR CORALIT ULTRA RESISTÊNCIA AC PLATINA 900ML;5202772;800073;CORAL;534;AKZO NOBEL LTDA;40001;ESMALTES
85984;CR CORALIT ULTRA RESISTÊNCIA FO BRANCO 3,6L;5202783;800073;CORAL;534;AKZO NOBEL LTDA;40001;ESMALTES
85985;CR CORALIT ULTRA RESISTÊNCIA FO BRANCO 900ML;5202784;800073;CORAL;534;AKZO NOBEL LTDA;40001;ESMALTES
85988;CR CORALIT ULTRA RESISTÊNCIA FO PRETO 225ML;5202788;800073;CORAL;34;AKZO NOBEL LTDA;40001;ESMALTES
85986;CR CORALIT ULTRA RESISTÊNCIA FO PRETO 3,6L;5202786;800073;CORAL;534;AKZO NOBEL LTDA;40001;ESMALTES
85987;CR CORALIT ULTRA RESISTÊNCIA FO PRETO 900ML;5202787;800073;CORAL;534;AKZO NOBEL LTDA;40001;ESMALTES
85924;CR CORALIT ULTRA RESISTÊNCIAAB AZUL MARINHO 3,6L;5202700;800073;CORAL;34;AKZO NOBEL LTDA;40001;ESMALTES
85914;CR CORALIT ULTRA RESISTÊNCIAAB CINZA MEDIO 900ML;5202688;800073;CORAL;534;AKZO NOBEL LTDA;40001;ESMALTES
85943;CR CORALIT ULTRA RESISTÊNCIAAB OURO 3,6L;5202730;800073;CORAL;34;AKZO NOBEL LTDA;40001;ESMALTES
85993;CR CORALIT ULTRA RESTÊNCIA AB BASE MF 3,2L;5202799;800073;CORAL;34;AKZO NOBEL LTDA;40001;ESMALTES
86200;CR DECORA DIAMANTE SB BASE MF 16L;5238403;800073;CORAL;534;AKZO NOBEL LTDA;30006;BASES IMOBILIÁRIAS
86201;CR DECORA DIAMANTE SB BASE MF 3.2L;5238405;800073;CORAL;534;AKZO NOBEL LTDA;30006;BASES IMOBILIÁRIAS
86202;CR DECORA DIAMANTE SB BASE MF 800ML;5238406;800073;CORAL;34;AKZO NOBEL LTDA;30006;BASES IMOBILIÁRIAS
86214;CR DECORA DIAMANTE SB BASE P 16L;5239183;800073;CORAL;534;AKZO NOBEL LTDA;30006;BASES IMOBILIÁRIAS
86215;CR DECORA DIAMANTE SB BASE P 3,2L;5239184;800073;CORAL;534;AKZO NOBEL LTDA;30006;BASES IMOBILIÁRIAS
86216;CR DECORA DIAMANTE SB BASE P 800ML;5239185;800073;CORAL;34;AKZO NOBEL LTDA;30006;BASES IMOBILIÁRIAS
86217;CR DECORA DIAMANTE SB BASE T 16L;5239186;800073;CORAL;34;AKZO NOBEL LTDA;30006;BASES IMOBILIÁRIAS
86218;CR DECORA DIAMANTE SB BASE T 3.2L;5239187;800073;CORAL;34;AKZO NOBEL LTDA;30006;BASES IMOBILIÁRIAS
86219;CR DECORA DIAMANTE SB BASE T 800ML;5239188;800073;CORAL;34;AKZO NOBEL LTDA;30006;BASES IMOBILIÁRIAS
86227;CR DECORA DIAMANTE SB BRANCO GELO GL 3,6L;5239393;800073;CORAL;534;AKZO NOBEL LTDA;30001;TINTA PAREDE
86226;CR DECORA DIAMANTE SB BRANCO GELO LATA 18L;5239392;800073;CORAL;534;AKZO NOBEL LTDA;30001;TINTA PAREDE
86225;CR DECORA DIAMANTE SB BRANCO GL 3,6L;5239390;800073;CORAL;534;AKZO NOBEL LTDA;30001;TINTA PAREDE
86224;CR DECORA DIAMANTE SB BRANCO LATA 18L;5239355;800073;CORAL;534;AKZO NOBEL LTDA;30001;TINTA PAREDE
86571;CR DECORA EFEITO CIMENTO QUE BASE 4,1KG;5353938;800073;CORAL;534;AKZO NOBEL LTDA;30019;CIMENTO QUEIMADO / EFEITOS DECORATIVOS
86718;CR DECORA EFEITO CIMENTO QUE CULTURA GREGA GL 4,8KG;5825427;800073;CORAL;534;AKZO NOBEL LTDA;30019;CIMENTO QUEIMADO / EFEITOS DECORATIVOS
86717;CR DECORA EFEITO CIMENTO QUE IMENSIDÃO CINZA GL 4,8KG;5825426;800073;CORAL;534;AKZO NOBEL LTDA;30019;CIMENTO QUEIMADO / EFEITOS DECORATIVOS
86716;CR DECORA EFEITO CIMENTO QUE TUBARÃO BRANCO GL 4,8KG;5825425;800073;CORAL;534;AKZO NOBEL LTDA;30019;CIMENTO QUEIMADO / EFEITOS DECORATIVOS
86567;CR DECORA EFEITO MARMORE BASE 3,9 KG;5353646;800073;CORAL;534;AKZO NOBEL LTDA;30019;CIMENTO QUEIMADO / EFEITOS DECORATIVOS
86570;CR DECORA EFEITO VELVET BASE 2,1L;5353935;800073;CORAL;534;AKZO NOBEL LTDA;30006;BASES IMOBILIÁRIAS
86270;CR DECORA MATTE FO ALG CINZENTO 18L;5280811;800073;CORAL;34;AKZO NOBEL LTDA;30001;TINTA PAREDE
86269;CR DECORA MATTE FO ALG CINZENTO 3.6L;5280810;800073;CORAL;34;AKZO NOBEL LTDA;30001;TINTA PAREDE
86272;CR DECORA MATTE FO ALG EGIPCIO 18L;5280814;800073;CORAL;34;AKZO NOBEL LTDA;30001;TINTA PAREDE
86271;CR DECORA MATTE FO ALG EGIPCIO 3.6L;5280813;800073;CORAL;34;AKZO NOBEL LTDA;30001;TINTA PAREDE
86199;CR DECORA MATTE FO BASE MF 16L;5962374;800073;CORAL;534;AKZO NOBEL LTDA;30006;BASES IMOBILIÁRIAS
86206;CR DECORA MATTE FO BASE MF 3,2L;5962376;800073;CORAL;534;AKZO NOBEL LTDA;30006;BASES IMOBILIÁRIAS
86207;CR DECORA MATTE FO BASE MF 800ML;5962378;800073;CORAL;534;AKZO NOBEL LTDA;30006;BASES IMOBILIÁRIAS
86211;CR DECORA MATTE FO BASE P 16L;5239078;800073;CORAL;534;AKZO NOBEL LTDA;30006;BASES IMOBILIÁRIAS
86212;CR DECORA MATTE FO BASE P 3,2L;5239079;800073;CORAL;34;AKZO NOBEL LTDA;30006;BASES IMOBILIÁRIAS
86213;CR DECORA MATTE FO BASE P 800ML;5239101;800073;CORAL;534;AKZO NOBEL LTDA;30006;BASES IMOBILIÁRIAS
86208;CR DECORA MATTE FO BASE T 16L;5239074;800073;CORAL;534;AKZO NOBEL LTDA;30006;BASES IMOBILIÁRIAS
86209;CR DECORA MATTE FO BASE T 3,2L;5239076;800073;CORAL;34;AKZO NOBEL LTDA;30006;BASES IMOBILIÁRIAS
86210;CR DECORA MATTE FO BASE T 800ML;5239077;800073;CORAL;534;AKZO NOBEL LTDA;30006;BASES IMOBILIÁRIAS
86220;CR DECORA MATTE FO BRANCO 18L;5239241;800073;CORAL;34;AKZO NOBEL LTDA;30001;TINTA PAREDE
86261;CR DECORA MATTE FO BRANCO BALDE 20L;5276401;800073;CORAL;534;AKZO NOBEL LTDA;30001;TINTA PAREDE
86222;CR DECORA MATTE FO BRANCO GELO 18L;5239243;800073;CORAL;534;AKZO NOBEL LTDA;30001;TINTA PAREDE
86223;CR DECORA MATTE FO BRANCO GELO 3.6L;5239244;800073;CORAL;534;AKZO NOBEL LTDA;30001;TINTA PAREDE
86221;CR DECORA MATTE FO BRANCO GL 3,6L;5239242;800073;CORAL;534;AKZO NOBEL LTDA;30001;TINTA PAREDE
86228;CR DECORA MATTE FO PALHA 18L;5239452;800073;CORAL;34;AKZO NOBEL LTDA;30001;TINTA PAREDE
86229;CR DECORA MATTE FO PALHA 3.6L;5239487;800073;CORAL;34;AKZO NOBEL LTDA;30001;TINTA PAREDE
86268;CR DECORA SEDA AC ALG EGIPCIO 18L;5280802;800073;CORAL;34;AKZO NOBEL LTDA;30001;TINTA PAREDE
86267;CR DECORA SEDA AC ALG EGIPCIO 3.6L;5280801;800073;CORAL;34;AKZO NOBEL LTDA;30001;TINTA PAREDE
86572;CR DECORA SEDA AC BASE MF 0.8L;5973063;800073;CORAL;534;AKZO NOBEL LTDA;30006;BASES IMOBILIÁRIAS
86569;CR DECORA SEDA AC BASE MF 16L;5973037;800073;CORAL;534;AKZO NOBEL LTDA;30006;BASES IMOBILIÁRIAS
86568;CR DECORA SEDA AC BASE MF 3.2L;5973057;800073;CORAL;534;AKZO NOBEL LTDA;30006;BASES IMOBILIÁRIAS
86188;CR DECORA SEDA AC BASE P 0,8L;5229643;800073;CORAL;534;AKZO NOBEL LTDA;30006;BASES IMOBILIÁRIAS
86192;CR DECORA SEDA AC BASE P 16L;5229654;800073;CORAL;534;AKZO NOBEL LTDA;30006;BASES IMOBILIÁRIAS
86190;CR DECORA SEDA AC BASE P 3,2L;5229648;800073;CORAL;534;AKZO NOBEL LTDA;30006;BASES IMOBILIÁRIAS
86189;CR DECORA SEDA AC BASE T 0,8L;5229644;800073;CORAL;534;AKZO NOBEL LTDA;30006;BASES IMOBILIÁRIAS
86193;CR DECORA SEDA AC BASE T 16L;5229658;800073;CORAL;34;AKZO NOBEL LTDA;30006;BASES IMOBILIÁRIAS
86191;CR DECORA SEDA AC BASE T 3,2L;5229653;800073;CORAL;534;AKZO NOBEL LTDA;30006;BASES IMOBILIÁRIAS
86196;CR DECORA SEDA AC BRANCO 18L;5229669;800073;CORAL;534;AKZO NOBEL LTDA;30001;TINTA PAREDE
86598;CR DECORA SEDA AC BRANCO BALDE 20L;5585893;800073;CORAL;534;AKZO NOBEL LTDA;30001;TINTA PAREDE
86197;CR DECORA SEDA AC BRANCO GELO 18L;5229670;800073;CORAL;534;AKZO NOBEL LTDA;30001;TINTA PAREDE
86195;CR DECORA SEDA AC BRANCO GELO GL 3,6L;5229667;800073;CORAL;534;AKZO NOBEL LTDA;30001;TINTA PAREDE
86194;CR DECORA SEDA AC BRANCO GL 3,6L;5229659;800073;CORAL;534;AKZO NOBEL LTDA;30001;TINTA PAREDE
85895;CR EMBELEZA CERAM  900ML;5202662;800073;CORAL;34;AKZO NOBEL LTDA;40001;ESMALTES
85894;CR EMBELEZA CERAM 3.6L;5202661;800073;CORAL;34;AKZO NOBEL LTDA;40001;ESMALTES
85888;CR FUNDO PREPARADOR BASE AGUA INCOLOR GL 3,6L;5202617;800073;CORAL;534;AKZO NOBEL LTDA;30021;SELADOR ACRÍLICO
85889;CR FUNDO PREPARADOR BASE AGUA INCOLOR LATA18L;5202618;800073;CORAL;534;AKZO NOBEL LTDA;30021;SELADOR ACRÍLICO
85872;CR GEL TEXTURAS LOC BASE FT 3.3KG;5202589;800073;CORAL;34;AKZO NOBEL LTDA;30023;TEXTURA
85871;CR GEL TEXTURAS LOC BASE PM 0.8KG;5202588;800073;CORAL;34;AKZO NOBEL LTDA;30023;TEXTURA
85870;CR GEL TEXTURAS LOC BASE PM 3.3KG;5202587;800073;CORAL;34;AKZO NOBEL LTDA;30023;TEXTURA
86989;CR GRANOS EFEITO PEDRA NATURAL ESPESSA 22KG;5963169;800073;CORAL;34;AKZO NOBEL LTDA;30001;TINTA PAREDE
86990;CR GRANOS EFEITO PEDRA NATURAL FINA 22KG;5963167;800073;CORAL;534;AKZO NOBEL LTDA;30001;TINTA PAREDE
86991;CR GRANOS EFEITO PEDRA NATURAL MEDIA 22KG;5963171;800073;CORAL;534;AKZO NOBEL LTDA;30001;TINTA PAREDE
85874;CR MASSA ACRILICA 1,5KG;5202598;800073;CORAL;534;AKZO NOBEL LTDA;30020;MASSA CORRIDA / ACRÍLICA
86710;CR MASSA ACRILICA GL 5,7KG;5777542;800073;CORAL;534;AKZO NOBEL LTDA;30020;MASSA CORRIDA / ACRÍLICA
86541;CR MASSA ACRILICA LATA 25KG;5313620;800073;CORAL;534;AKZO NOBEL LTDA;30020;MASSA CORRIDA / ACRÍLICA
85873;CR MASSA CORRIDA 1,5KG;5202595;800073;CORAL;534;AKZO NOBEL LTDA;30020;MASSA CORRIDA / ACRÍLICA
87373;CR MASSA CORRIDA CORAL BALDE PLAST 20KG;5967615;800073;CORAL;534;AKZO NOBEL LTDA;30020;MASSA CORRIDA / ACRÍLICA
86711;CR MASSA CORRIDA GL 5,7KG;5777545;800073;CORAL;534;AKZO NOBEL LTDA;30020;MASSA CORRIDA / ACRÍLICA
86542;CR MASSA CORRIDA LATA 25KG;5313621;800073;CORAL;534;AKZO NOBEL LTDA;30020;MASSA CORRIDA / ACRÍLICA
85840;CR PINTA PISO AMARELO DEMARCACAO 3,6L;5202466;800073;CORAL;534;AKZO NOBEL LTDA;30003;TINTA PARA PISO
85841;CR PINTA PISO AMARELO DEMARCACAO LATA 18L;5202467;800073;CORAL;534;AKZO NOBEL LTDA;30003;TINTA PARA PISO
85836;CR PINTA PISO AZUL 3,6L;5202462;800073;CORAL;534;AKZO NOBEL LTDA;30003;TINTA PARA PISO
85837;CR PINTA PISO AZUL LATA 18L;5202463;800073;CORAL;534;AKZO NOBEL LTDA;30003;TINTA PARA PISO
85828;CR PINTA PISO BRANCO 3,6L;5202454;800073;CORAL;534;AKZO NOBEL LTDA;30003;TINTA PARA PISO
85829;CR PINTA PISO BRANCO LATA 18L;5202455;800073;CORAL;534;AKZO NOBEL LTDA;30003;TINTA PARA PISO
85834;CR PINTA PISO CINZA ESCURO 3,6L;5202460;800073;CORAL;534;AKZO NOBEL LTDA;30003;TINTA PARA PISO
85835;CR PINTA PISO CINZA ESCURO LATA 18L;5202461;800073;CORAL;534;AKZO NOBEL LTDA;30003;TINTA PARA PISO
85832;CR PINTA PISO CINZA MEDIO 3,6L;5202458;800073;CORAL;534;AKZO NOBEL LTDA;30003;TINTA PARA PISO
85833;CR PINTA PISO CINZA MEDIO LATA 18L;5202459;800073;CORAL;534;AKZO NOBEL LTDA;30003;TINTA PARA PISO
85842;CR PINTA PISO CONCRETO 3,6L;5202468;800073;CORAL;534;AKZO NOBEL LTDA;30003;TINTA PARA PISO
85843;CR PINTA PISO CONCRETO LATA 18L;5202469;800073;CORAL;534;AKZO NOBEL LTDA;30003;TINTA PARA PISO
85830;CR PINTA PISO PRETO 3,6L;5202456;800073;CORAL;534;AKZO NOBEL LTDA;30003;TINTA PARA PISO
85831;CR PINTA PISO PRETO LATA 18L;5202457;800073;CORAL;534;AKZO NOBEL LTDA;30003;TINTA PARA PISO
85844;CR PINTA PISO VERDE QUADRA 3,6L;5202470;800073;CORAL;534;AKZO NOBEL LTDA;30003;TINTA PARA PISO
85845;CR PINTA PISO VERDE QUADRA LATA 18L;5202471;800073;CORAL;534;AKZO NOBEL LTDA;30003;TINTA PARA PISO
85838;CR PINTA PISO VERMELHO 3,6L;5202464;800073;CORAL;534;AKZO NOBEL LTDA;30003;TINTA PARA PISO
85839;CR PINTA PISO VERMELHO LATA 18L;5202465;800073;CORAL;534;AKZO NOBEL LTDA;30003;TINTA PARA PISO
86167;CR PINTA PISO VERMELHO SEGURANCA 3,6L;5207147;800073;CORAL;534;AKZO NOBEL LTDA;30003;TINTA PARA PISO
86176;CR PINTA PISO VERMELHO SEGURANCA LATA 18L;5207663;800073;CORAL;534;AKZO NOBEL LTDA;30003;TINTA PARA PISO
86608;CR PROT S&C RES IMPER CERAMIC TILE 18L;5716806;800073;CORAL;34;AKZO NOBEL LTDA;30002;IMPERMEABILIZANTES
86610;CR PROT S&C RES IMPER CERAMIC TILE 3,6L;5718787;800073;CORAL;34;AKZO NOBEL LTDA;30002;IMPERMEABILIZANTES
86607;CR PROT S&C RES IMPER CERAMICA ONIX 18L;5716805;800073;CORAL;34;AKZO NOBEL LTDA;30002;IMPERMEABILIZANTES
86751;CR PROT S&C RES IMPER CINZA 18L;5857427;800073;CORAL;34;AKZO NOBEL LTDA;30002;IMPERMEABILIZANTES
86749;CR PROT S&C RES IMPER CINZA 3,6L;5857425;800073;CORAL;34;AKZO NOBEL LTDA;30002;IMPERMEABILIZANTES
86606;CR PROT S&C RES IMPER GRAFITE 18L;5715017;800073;CORAL;34;AKZO NOBEL LTDA;30002;IMPERMEABILIZANTES
86603;CR PROT S&C RES IMPER GRAFITE 3,6L;5714758;800073;CORAL;34;AKZO NOBEL LTDA;30002;IMPERMEABILIZANTES
86605;CR PROT S&C RES IMPER INCOLOR 18L;5715013;800073;CORAL;34;AKZO NOBEL LTDA;30002;IMPERMEABILIZANTES
86748;CR PROT S&C RES IMPER PEROLA 18L;5857246;800073;CORAL;34;AKZO NOBEL LTDA;30002;IMPERMEABILIZANTES
86750;CR PROT S&C RES IMPER PEROLA 3,6L;5857426;800073;CORAL;34;AKZO NOBEL LTDA;30002;IMPERMEABILIZANTES
86609;CR PROT S&C RES IMPER VERM OXIDO 18L;5716807;800073;CORAL;34;AKZO NOBEL LTDA;30002;IMPERMEABILIZANTES
86602;CR PROT S&C RES IMPER VERM OXIDO 3,6L;5714757;800073;CORAL;34;AKZO NOBEL LTDA;30002;IMPERMEABILIZANTES
86277;CR PROTECAO SOL & CHUVA ACRILICO TOTAL BASE MF 16L;5281021;800073;CORAL;34;AKZO NOBEL LTDA;30006;BASES IMOBILIÁRIAS
86278;CR PROTECAO SOL & CHUVA ACRILICO TOTAL BASE MF 3,2L;5281023;800073;CORAL;34;AKZO NOBEL LTDA;30006;BASES IMOBILIÁRIAS
86279;CR PROTECAO SOL & CHUVA ACRILICO TOTAL BASE P 16L;5281026;800073;CORAL;34;AKZO NOBEL LTDA;30006;BASES IMOBILIÁRIAS
86280;CR PROTECAO SOL & CHUVA ACRILICO TOTAL BASE P 3,2L;5281028;800073;CORAL;34;AKZO NOBEL LTDA;30006;BASES IMOBILIÁRIAS
86281;CR PROTECAO SOL & CHUVA ACRILICO TOTAL BASE T 16L;5281029;800073;CORAL;34;AKZO NOBEL LTDA;30006;BASES IMOBILIÁRIAS
86282;CR PROTECAO SOL & CHUVA ACRILICO TOTAL BASE T 3,2L;5281030;800073;CORAL;34;AKZO NOBEL LTDA;30006;BASES IMOBILIÁRIAS
86597;CR PROTECAO SOL & CHUVA MANTA LIQUIDA 18KG;5567287;800073;CORAL;534;AKZO NOBEL LTDA;30002;IMPERMEABILIZANTES
86545;CR PROTECAO SOL & CHUVA PINTURA IMP BASE T 3,2L;5314174;800073;CORAL;534;AKZO NOBEL LTDA;30006;BASES IMOBILIÁRIAS
86544;CR PROTECAO SOL & CHUVA PINTURA IMP. BASE MF 3,2L;5314173;800073;CORAL;534;AKZO NOBEL LTDA;30006;BASES IMOBILIÁRIAS
85893;CR PROTECAO SOL & CHUVA PINTURA IMP. BASE P 16L;5202630;800073;CORAL;534;AKZO NOBEL LTDA;30006;BASES IMOBILIÁRIAS
85892;CR PROTECAO SOL & CHUVA PINTURA IMP. BASE P 3,2L;5202629;800073;CORAL;34;AKZO NOBEL LTDA;30006;BASES IMOBILIÁRIAS
85891;CR PROTECAO SOL & CHUVA PINTURA IMP. BRANCO BALDE 20L;5950928;800073;CORAL;534;AKZO NOBEL LTDA;30007;TINTA EMBORRACHADA
85890;CR PROTECAO SOL & CHUVA PINTURA IMP. BRANCO GL 3,6L;5202627;800073;CORAL;534;AKZO NOBEL LTDA;30007;TINTA EMBORRACHADA
86547;CR PROTECAO SOL & CHUVA PINTUTA IMP BASE MF 16L;5314332;800073;CORAL;534;AKZO NOBEL LTDA;30006;BASES IMOBILIÁRIAS
86546;CR PROTECAO SOL & CHUVA PINTUTA IMP. BASE T 16L;5314331;800073;CORAL;534;AKZO NOBEL LTDA;30006;BASES IMOBILIÁRIAS
86601;CR PROTECAO SOL & CHUVA RESINA IMPERMEABILIZANTE CERAMICA ONIX 3,6L;5701892;800073;CORAL;34;AKZO NOBEL LTDA;30002;IMPERMEABILIZANTES
86604;CR PROTECAO SOL & CHUVA RESINA IMPERMEABILIZANTE INCOLOR 3,6L;5714759;800073;CORAL;534;AKZO NOBEL LTDA;30002;IMPERMEABILIZANTES
86626;CR RENDE MUITO AM FREVO 16L;5763556;800073;CORAL;534;AKZO NOBEL LTDA;30001;TINTA PAREDE
86625;CR RENDE MUITO AM FREVO 3,2L;5763555;800073;CORAL;534;AKZO NOBEL LTDA;30001;TINTA PAREDE
86612;CR RENDE MUITO AREIA 16L;5761832;800073;CORAL;534;AKZO NOBEL LTDA;30001;TINTA PAREDE
86613;CR RENDE MUITO AREIA 3,2L;5761833;800073;CORAL;34;AKZO NOBEL LTDA;30001;TINTA PAREDE
86646;CR RENDE MUITO AZUL DOS ANDES 16L;5763972;800073;CORAL;34;AKZO NOBEL LTDA;30001;TINTA PAREDE
86649;CR RENDE MUITO AZUL DOS ANDES 3,2L;5763977;800073;CORAL;534;AKZO NOBEL LTDA;30001;TINTA PAREDE
86624;CR RENDE MUITO AZUL PROFUNDO 16L;5763554;800073;CORAL;534;AKZO NOBEL LTDA;30001;TINTA PAREDE
86623;CR RENDE MUITO AZUL PROFUNDO 3,2L;5763553;800073;CORAL;534;AKZO NOBEL LTDA;30001;TINTA PAREDE
86622;CR RENDE MUITO AZUL SERENO 16L;5763552;800073;CORAL;34;AKZO NOBEL LTDA;30001;TINTA PAREDE
86621;CR RENDE MUITO AZUL SERENO 3,2L;5763551;800073;CORAL;534;AKZO NOBEL LTDA;30001;TINTA PAREDE
85774;CR RENDE MUITO BRANCO 18L;5202145;800073;CORAL;34;AKZO NOBEL LTDA;30001;TINTA PAREDE
85773;CR RENDE MUITO BRANCO 900ML;5202144;800073;CORAL;534;AKZO NOBEL LTDA;30001;TINTA PAREDE
86599;CR RENDE MUITO BRANCO BALDE 15L;5587792;800073;CORAL;34;AKZO NOBEL LTDA;30001;TINTA PAREDE
86230;CR RENDE MUITO BRANCO BALDE 20L;5266120;800073;CORAL;534;AKZO NOBEL LTDA;30001;TINTA PAREDE
86614;CR RENDE MUITO BRANCO GELO 16L;5761834;800073;CORAL;534;AKZO NOBEL LTDA;30001;TINTA PAREDE
85775;CR RENDE MUITO BRANCO GELO 900ML;5202150;800073;CORAL;534;AKZO NOBEL LTDA;30001;TINTA PAREDE
86846;CR RENDE MUITO BRANCO GELO BALDE 20L;5942772;800073;CORAL;534;AKZO NOBEL LTDA;30001;TINTA PAREDE
86615;CR RENDE MUITO BRANCO GELO GL 3,2L;5761835;800073;CORAL;534;AKZO NOBEL LTDA;30001;TINTA PAREDE
85772;CR RENDE MUITO BRANCO GL 3,6L;5202143;800073;CORAL;534;AKZO NOBEL LTDA;30001;TINTA PAREDE
86619;CR RENDE MUITO CAMURCA 3,2L;5761919;800073;CORAL;534;AKZO NOBEL LTDA;30001;TINTA PAREDE
86616;CR RENDE MUITO CAMURCA LATA 16L;5761836;800073;CORAL;534;AKZO NOBEL LTDA;30001;TINTA PAREDE
86652;CR RENDE MUITO CAPIM LIMAO 16L;5764543;800073;CORAL;534;AKZO NOBEL LTDA;30001;TINTA PAREDE
86653;CR RENDE MUITO CAPIM LIMAO 3,2L;5764545;800073;CORAL;34;AKZO NOBEL LTDA;30001;TINTA PAREDE
86656;CR RENDE MUITO CINZA ALPINO 16L;5764552;800073;CORAL;34;AKZO NOBEL LTDA;30001;TINTA PAREDE
86654;CR RENDE MUITO CINZA ALPINO 3,2L;5764550;800073;CORAL;534;AKZO NOBEL LTDA;30001;TINTA PAREDE
86617;CR RENDE MUITO CONCRETO 16L;5761837;800073;CORAL;534;AKZO NOBEL LTDA;30001;TINTA PAREDE
86618;CR RENDE MUITO CONCRETO 3,2L;5761918;800073;CORAL;534;AKZO NOBEL LTDA;30001;TINTA PAREDE
86660;CR RENDE MUITO CROMIO 16L;5764556;800073;CORAL;534;AKZO NOBEL LTDA;30001;TINTA PAREDE
86659;CR RENDE MUITO CROMIO 3,2L;5764555;800073;CORAL;34;AKZO NOBEL LTDA;30001;TINTA PAREDE
86620;CR RENDE MUITO CROMO SV 16L;5763550;800073;CORAL;34;AKZO NOBEL LTDA;30001;TINTA PAREDE
86636;CR RENDE MUITO CROMO SV 3,2L;5763574;800073;CORAL;34;AKZO NOBEL LTDA;30001;TINTA PAREDE
86635;CR RENDE MUITO LARANJA IMPERIAL 16L;5763572;800073;CORAL;534;AKZO NOBEL LTDA;30001;TINTA PAREDE
86634;CR RENDE MUITO LARANJA IMPERIAL 3,2L;5763570;800073;CORAL;534;AKZO NOBEL LTDA;30001;TINTA PAREDE
86633;CR RENDE MUITO LARANJA MARACATU 16L;5763569;800073;CORAL;534;AKZO NOBEL LTDA;30001;TINTA PAREDE
86632;CR RENDE MUITO LJ MARACATU 3,2L;5763568;800073;CORAL;534;AKZO NOBEL LTDA;30001;TINTA PAREDE
85778;CR RENDE MUITO LOC PM BASE PM 16L;5202250;800073;CORAL;534;AKZO NOBEL LTDA;30006;BASES IMOBILIÁRIAS
85776;CR RENDE MUITO LOC PM BASE PM 3,2L;5202248;800073;CORAL;534;AKZO NOBEL LTDA;30006;BASES IMOBILIÁRIAS
85777;CR RENDE MUITO LOC PM BASE PM 800ML;5202249;800073;CORAL;534;AKZO NOBEL LTDA;30006;BASES IMOBILIÁRIAS
86650;CR RENDE MUITO MADEIRA ACINZENTADA 16L;5764214;800073;CORAL;34;AKZO NOBEL LTDA;30001;TINTA PAREDE
86663;CR RENDE MUITO MADEIRA ACINZENTADA 3,2L;5765536;800073;CORAL;34;AKZO NOBEL LTDA;30001;TINTA PAREDE
86631;CR RENDE MUITO MARFIM 16L;5763566;800073;CORAL;534;AKZO NOBEL LTDA;30001;TINTA PAREDE
86630;CR RENDE MUITO MARFIM 3,2L;5763564;800073;CORAL;534;AKZO NOBEL LTDA;30001;TINTA PAREDE
86629;CR RENDE MUITO OCEANO 16L;5763562;800073;CORAL;34;AKZO NOBEL LTDA;30001;TINTA PAREDE
86628;CR RENDE MUITO OCEANO 3,2L;5763559;800073;CORAL;534;AKZO NOBEL LTDA;30001;TINTA PAREDE
86645;CR RENDE MUITO PALHA 3,2L;5763585;800073;CORAL;534;AKZO NOBEL LTDA;30001;TINTA PAREDE
86627;CR RENDE MUITO PALHA LATA 16L;5763558;800073;CORAL;534;AKZO NOBEL LTDA;30001;TINTA PAREDE
86644;CR RENDE MUITO PEROLA 16L;5763584;800073;CORAL;34;AKZO NOBEL LTDA;30001;TINTA PAREDE
86643;CR RENDE MUITO PEROLA 3,2L;5763583;800073;CORAL;34;AKZO NOBEL LTDA;30001;TINTA PAREDE
86648;CR RENDE MUITO POTE DE ARGILA 16L;5763974;800073;CORAL;534;AKZO NOBEL LTDA;30001;TINTA PAREDE
86647;CR RENDE MUITO POTE DE ARGILA 3,2L;5763973;800073;CORAL;534;AKZO NOBEL LTDA;30001;TINTA PAREDE
86658;CR RENDE MUITO SINO 16L;5764554;800073;CORAL;34;AKZO NOBEL LTDA;30001;TINTA PAREDE
86657;CR RENDE MUITO SINO 3,2L;5764553;800073;CORAL;534;AKZO NOBEL LTDA;30001;TINTA PAREDE
86655;CR RENDE MUITO SUCO DE GOIABA 16L;5764551;800073;CORAL;34;AKZO NOBEL LTDA;30001;TINTA PAREDE
86664;CR RENDE MUITO SUCO DE GOIABA 3,2L;5765537;800073;CORAL;34;AKZO NOBEL LTDA;30001;TINTA PAREDE
86661;CR RENDE MUITO TUBARAO BRANCO 16L;5764557;800073;CORAL;534;AKZO NOBEL LTDA;30001;TINTA PAREDE
86651;CR RENDE MUITO TUBARAO BRANCO 3,2L;5764542;800073;CORAL;34;AKZO NOBEL LTDA;30001;TINTA PAREDE
86641;CR RENDE MUITO VERDE ANGRA 16L;5763581;800073;CORAL;534;AKZO NOBEL LTDA;30001;TINTA PAREDE
86642;CR RENDE MUITO VERDE ANGRA 3,2L;5763582;800073;CORAL;534;AKZO NOBEL LTDA;30001;TINTA PAREDE
86640;CR RENDE MUITO VERDE KIWI 16L;5763578;800073;CORAL;534;AKZO NOBEL LTDA;30001;TINTA PAREDE
86639;CR RENDE MUITO VERDE KIWI 3,2L;5763577;800073;CORAL;534;AKZO NOBEL LTDA;30001;TINTA PAREDE
86638;CR RENDE MUITO VERDE LIMAO 16L;5763576;800073;CORAL;34;AKZO NOBEL LTDA;30001;TINTA PAREDE
86637;CR RENDE MUITO VERDE LIMAO 3,2L;5763575;800073;CORAL;534;AKZO NOBEL LTDA;30001;TINTA PAREDE
86186;CR RENOVA AZULEJOS AC BASE PM 3.2L;5221215;800073;CORAL;34;AKZO NOBEL LTDA;30006;BASES IMOBILIÁRIAS
86187;CR RENOVA AZULEJOS AC BASE PM 800ML;5221216;800073;CORAL;34;AKZO NOBEL LTDA;30006;BASES IMOBILIÁRIAS
86180;CR RENOVA AZULEJOS AC BRANCO 900ML;5208361;800073;CORAL;534;AKZO NOBEL LTDA;30001;TINTA PAREDE
86179;CR RENOVA AZULEJOS AC BRANCO GL 3,6L;5208360;800073;CORAL;534;AKZO NOBEL LTDA;30001;TINTA PAREDE
86184;CR RENOVA AZULEJOS BR BASE PM 3.2L;5221213;800073;CORAL;34;AKZO NOBEL LTDA;30006;BASES IMOBILIÁRIAS
86185;CR RENOVA AZULEJOS BR BASE PM 800ML;5221214;800073;CORAL;34;AKZO NOBEL LTDA;30006;BASES IMOBILIÁRIAS
86178;CR RENOVA AZULEJOS BR BRANCO 900ML;5208096;800073;CORAL;34;AKZO NOBEL LTDA;30001;TINTA PAREDE
86177;CR RENOVA AZULEJOS BR BRANCO GL 3,6L;5208094;800073;CORAL;534;AKZO NOBEL LTDA;30001;TINTA PAREDE
86714;CR RENOVA EFEITO LOUSA AC BASE  T 3.2L;5810988;800073;CORAL;34;AKZO NOBEL LTDA;30006;BASES IMOBILIÁRIAS
86715;CR RENOVA EFEITO LOUSA AC BASE T 800ML;5810991;800073;CORAL;34;AKZO NOBEL LTDA;30006;BASES IMOBILIÁRIAS
85846;CR RENOVA GESSO DRYWALL BRANCO GL 3,6L;5202490;800073;CORAL;534;AKZO NOBEL LTDA;30001;TINTA PAREDE
85847;CR RENOVA GESSO DRYWALL BRANCO LATA 18L;5202491;800073;CORAL;534;AKZO NOBEL LTDA;30001;TINTA PAREDE
86331;CR RENOVA PAREDES FO ALG EGÍPCIO 3.2L;5300336;800073;CORAL;34;AKZO NOBEL LTDA;30001;TINTA PAREDE
86556;CR RENOVA PAREDES FO AREIA 3.2L;5317959;800073;CORAL;34;AKZO NOBEL LTDA;30001;TINTA PAREDE
86310;CR RENOVA PAREDES FO BRANCO 0.8L;5299826;800073;CORAL;34;AKZO NOBEL LTDA;30001;TINTA PAREDE
86308;CR RENOVA PAREDES FO BRANCO 16L;5299822;800073;CORAL;534;AKZO NOBEL LTDA;30001;TINTA PAREDE
86575;CR RENOVA PAREDES FO BRANCO 18L PLAST;5362967;800073;CORAL;34;AKZO NOBEL LTDA;30001;TINTA PAREDE
86309;CR RENOVA PAREDES FO BRANCO 3.2L;5299824;800073;CORAL;534;AKZO NOBEL LTDA;30001;TINTA PAREDE
86552;CR RENOVA PAREDES FO LOC BASE MF 0.8L;5316361;800073;CORAL;34;AKZO NOBEL LTDA;30006;BASES IMOBILIÁRIAS
86554;CR RENOVA PAREDES FO LOC BASE MF 16L;5316363;800073;CORAL;34;AKZO NOBEL LTDA;30006;BASES IMOBILIÁRIAS
86558;CR RENOVA PAREDES FO LOC BASE MF 3.2L;5317962;800073;CORAL;34;AKZO NOBEL LTDA;30006;BASES IMOBILIÁRIAS
86553;CR RENOVA PAREDES FO LOC BASE P 0.8L;5316362;800073;CORAL;34;AKZO NOBEL LTDA;30006;BASES IMOBILIÁRIAS
86548;CR RENOVA PAREDES FO LOC BASE P 16L;5316355;800073;CORAL;534;AKZO NOBEL LTDA;30006;BASES IMOBILIÁRIAS
86559;CR RENOVA PAREDES FO LOC BASE P 3.2L;5317965;800073;CORAL;34;AKZO NOBEL LTDA;30006;BASES IMOBILIÁRIAS
86549;CR RENOVA PAREDES FO LOC BASE T 0.8L;5316357;800073;CORAL;34;AKZO NOBEL LTDA;30006;BASES IMOBILIÁRIAS
86551;CR RENOVA PAREDES FO LOC BASE T 16L;5316360;800073;CORAL;34;AKZO NOBEL LTDA;30006;BASES IMOBILIÁRIAS
86550;CR RENOVA PAREDES FO LOC BASE T 3.2L;5316359;800073;CORAL;34;AKZO NOBEL LTDA;30006;BASES IMOBILIÁRIAS
86555;CR RENOVA PAREDES FO PALHA 16L;5317958;800073;CORAL;34;AKZO NOBEL LTDA;30001;TINTA PAREDE
86557;CR RENOVA PAREDES FO PALHA 3.2L;5317960;800073;CORAL;34;AKZO NOBEL LTDA;30001;TINTA PAREDE
85766;CR RENOVA TETOS BRANCO 3.6L;5202135;800073;CORAL;534;AKZO NOBEL LTDA;30001;TINTA PAREDE
85767;CR RENOVA TETOS BRANCO 900ML;5202136;800073;CORAL;534;AKZO NOBEL LTDA;30001;TINTA PAREDE
86083;CR RESINA ACRILICA 18L;5203027;800073;CORAL;34;AKZO NOBEL LTDA;30002;IMPERMEABILIZANTES
86084;CR RESINA ACRILICA 5L;5203028;800073;CORAL;34;AKZO NOBEL LTDA;30002;IMPERMEABILIZANTES
86273;CR S&C ACRILICO TOTAL ALGODAO EGIP 18L;5280947;800073;CORAL;34;AKZO NOBEL LTDA;30002;IMPERMEABILIZANTES
86274;CR S&C ACRILICO TOTAL ALGODAO EGIP 3.6L;5280950;800073;CORAL;34;AKZO NOBEL LTDA;30002;IMPERMEABILIZANTES
86275;CR S&C ACRILICO TOTAL AREIA 18L;5280980;800073;CORAL;34;AKZO NOBEL LTDA;30002;IMPERMEABILIZANTES
86276;CR S&C ACRILICO TOTAL AREIA 3.6L;5280982;800073;CORAL;34;AKZO NOBEL LTDA;30002;IMPERMEABILIZANTES
86285;CR S&C ACRILICO TOTAL BRANCO 20L;5950928;800073;CORAL;34;AKZO NOBEL LTDA;30007;TINTA EMBORRACHADA
86286;CR S&C ACRILICO TOTAL BRANCO 3.6L;5281034;800073;CORAL;34;AKZO NOBEL LTDA;30002;IMPERMEABILIZANTES
86283;CR S&C ACRILICO TOTAL BRANCO GELO 18L;5281031;800073;CORAL;34;AKZO NOBEL LTDA;30002;IMPERMEABILIZANTES
86284;CR S&C ACRILICO TOTAL BRANCO GELO 3.6L;5281032;800073;CORAL;34;AKZO NOBEL LTDA;30002;IMPERMEABILIZANTES
86287;CR S&C ACRILICO TOTAL BRONZE LENDA 18L;5281035;800073;CORAL;34;AKZO NOBEL LTDA;30002;IMPERMEABILIZANTES
86288;CR S&C ACRILICO TOTAL BRONZE LENDA 3.6L;5281036;800073;CORAL;34;AKZO NOBEL LTDA;30002;IMPERMEABILIZANTES
86289;CR S&C ACRILICO TOTAL COG JAPONES 18L;5281038;800073;CORAL;34;AKZO NOBEL LTDA;30002;IMPERMEABILIZANTES
86290;CR S&C ACRILICO TOTAL COG JAPONES 3.6L;5281039;800073;CORAL;34;AKZO NOBEL LTDA;30002;IMPERMEABILIZANTES
86291;CR S&C ACRILICO TOTAL COLAR PRATA 18L;5281040;800073;CORAL;34;AKZO NOBEL LTDA;30002;IMPERMEABILIZANTES
86292;CR S&C ACRILICO TOTAL COLAR PRATA 3.6L;5281041;800073;CORAL;34;AKZO NOBEL LTDA;30002;IMPERMEABILIZANTES
85886;CR SELADOR ACRILICO BRANCO GL 3,6L;5202615;800073;CORAL;534;AKZO NOBEL LTDA;30021;SELADOR ACRÍLICO
85887;CR SELADOR ACRILICO BRANCO LATA 18L;5202616;800073;CORAL;534;AKZO NOBEL LTDA;30021;SELADOR ACRÍLICO
86265;CR SOL & CHUVA FUNDO IMPERMEABILIZANTE 18L;5280726;800073;CORAL;34;AKZO NOBEL LTDA;30002;IMPERMEABILIZANTES
86266;CR SOL & CHUVA FUNDO IMPERMEABILIZANTE 3,6L;5280728;800073;CORAL;34;AKZO NOBEL LTDA;30002;IMPERMEABILIZANTES
86255;CR SUPER LAVAVEL BRANCO 18L;5273334;800073;CORAL;34;AKZO NOBEL LTDA;30001;TINTA PAREDE
86818;CR SUPER LAVAVEL BRANCO BALDE 20L;5897690;800073;CORAL;534;AKZO NOBEL LTDA;30001;TINTA PAREDE
86257;CR SUPER LAVAVEL BRANCO GELO GL 3,6L;5273336;800073;CORAL;534;AKZO NOBEL LTDA;30001;TINTA PAREDE
86254;CR SUPER LAVAVEL BRANCO GELO LATA 18L;5273333;800073;CORAL;534;AKZO NOBEL LTDA;30001;TINTA PAREDE
86256;CR SUPER LAVAVEL BRANCO GL 3,6L;5273335;800073;CORAL;534;AKZO NOBEL LTDA;30001;TINTA PAREDE
86203;CR SUPER LAVAVEL LOC BASE MF 16L;5238868;800073;CORAL;34;AKZO NOBEL LTDA;30006;BASES IMOBILIÁRIAS
86204;CR SUPER LAVAVEL LOC BASE MF 3.2L;5238869;800073;CORAL;34;AKZO NOBEL LTDA;30006;BASES IMOBILIÁRIAS
86205;CR SUPER LAVAVEL LOC BASE MF 800ML;5238870;800073;CORAL;34;AKZO NOBEL LTDA;30006;BASES IMOBILIÁRIAS
86258;CR SUPER LAVAVEL LOC BASE P 16L;5273460;800073;CORAL;534;AKZO NOBEL LTDA;30006;BASES IMOBILIÁRIAS
86259;CR SUPER LAVAVEL LOC BASE P 3,2L;5273461;800073;CORAL;34;AKZO NOBEL LTDA;30006;BASES IMOBILIÁRIAS
86260;CR SUPER LAVAVEL LOC BASE P 800ML;5273462;800073;CORAL;534;AKZO NOBEL LTDA;30006;BASES IMOBILIÁRIAS
86251;CR SUPER LAVAVEL LOC BASE T 16L;5273329;800073;CORAL;34;AKZO NOBEL LTDA;30006;BASES IMOBILIÁRIAS
86252;CR SUPER LAVAVEL LOC BASE T 3.2L;5273330;800073;CORAL;34;AKZO NOBEL LTDA;30006;BASES IMOBILIÁRIAS
86253;CR SUPER LAVAVEL LOC BASE T 800ML;5273331;800073;CORAL;534;AKZO NOBEL LTDA;30006;BASES IMOBILIÁRIAS
86302;CR T FACIL ADORNO RUPESTRE 30ML;5298744;800073;CORAL;34;AKZO NOBEL LTDA;30039;TESTE FÁCIL CORAL
86416;CR T FACIL ALGAS PROFUNDAS 30ML;5300806;800073;CORAL;34;AKZO NOBEL LTDA;30039;TESTE FÁCIL CORAL
86295;CR T FACIL ALGODAO CINZENTO 30ML;5298256;800073;CORAL;34;AKZO NOBEL LTDA;30039;TESTE FÁCIL CORAL
86525;CR T FACIL ALGODAO EGIPCIO 30ML;5300950;800073;CORAL;34;AKZO NOBEL LTDA;30039;TESTE FÁCIL CORAL
86440;CR T FACIL AMENDOA CONFEITADA 30ML;5300865;800073;CORAL;34;AKZO NOBEL LTDA;30039;TESTE FÁCIL CORAL
86379;CR T FACIL AMIZADE ETERNA 30ML;5300618;800073;CORAL;34;AKZO NOBEL LTDA;30039;TESTE FÁCIL CORAL
86527;CR T FACIL AREIA 30ML;5300952;800073;CORAL;34;AKZO NOBEL LTDA;30039;TESTE FÁCIL CORAL
86305;CR T FACIL ARQUITETURA URBANA 30ML;5298747;800073;CORAL;34;AKZO NOBEL LTDA;30039;TESTE FÁCIL CORAL
86335;CR T FACIL AZUL BARROCO 30ML;5300574;800073;CORAL;34;AKZO NOBEL LTDA;30039;TESTE FÁCIL CORAL
86363;CR T FACIL AZUL COSMICO 30ML;5300602;800073;CORAL;34;AKZO NOBEL LTDA;30039;TESTE FÁCIL CORAL
86370;CR T FACIL AZUL DOS ANDES 30ML;5300609;800073;CORAL;34;AKZO NOBEL LTDA;30039;TESTE FÁCIL CORAL
86315;CR T FACIL AZUL FERIADO 30ML;5300291;800073;CORAL;34;AKZO NOBEL LTDA;30039;TESTE FÁCIL CORAL
86360;CR T FACIL AZUL FRESCO 30ML;5300599;800073;CORAL;34;AKZO NOBEL LTDA;30039;TESTE FÁCIL CORAL
86366;CR T FACIL AZUL IMPONENTE 30ML;5300605;800073;CORAL;34;AKZO NOBEL LTDA;30039;TESTE FÁCIL CORAL
86393;CR T FACIL AZUL TIBET 30ML;5300783;800073;CORAL;34;AKZO NOBEL LTDA;30039;TESTE FÁCIL CORAL
86381;CR T FACIL AZUL TURQUIA 30ML;5300620;800073;CORAL;34;AKZO NOBEL LTDA;30039;TESTE FÁCIL CORAL
86408;CR T FACIL AZUL VELEJADOR 30ML;5300798;800073;CORAL;34;AKZO NOBEL LTDA;30039;TESTE FÁCIL CORAL
86452;CR T FACIL BALE ROSA 30ML;5300877;800073;CORAL;34;AKZO NOBEL LTDA;30039;TESTE FÁCIL CORAL
86298;CR T FACIL BARCO A REMO 30ML;5298740;800073;CORAL;34;AKZO NOBEL LTDA;30039;TESTE FÁCIL CORAL
86347;CR T FACIL BATIDA DE AMENDOIM 30ML;5300586;800073;CORAL;34;AKZO NOBEL LTDA;30039;TESTE FÁCIL CORAL
86384;CR T FACIL BEGE AMULETO 30ML;5300774;800073;CORAL;34;AKZO NOBEL LTDA;30039;TESTE FÁCIL CORAL
86486;CR T FACIL BEGE CASTOR 30ML;5300911;800073;CORAL;34;AKZO NOBEL LTDA;30039;TESTE FÁCIL CORAL
86323;CR T FACIL BEGE MARFIM 30ML;5300299;800073;CORAL;34;AKZO NOBEL LTDA;30039;TESTE FÁCIL CORAL
86405;CR T FACIL BEIJO DE MAE 30ML;5300795;800073;CORAL;34;AKZO NOBEL LTDA;30039;TESTE FÁCIL CORAL
86450;CR T FACIL BELA CANCAO 30ML;5300875;800073;CORAL;34;AKZO NOBEL LTDA;30039;TESTE FÁCIL CORAL
86344;CR T FACIL BELEZA DO CARIBE 30ML;5300583;800073;CORAL;34;AKZO NOBEL LTDA;30039;TESTE FÁCIL CORAL
86441;CR T FACIL BISCOITO DE AMENDOA 30ML;5300866;800073;CORAL;34;AKZO NOBEL LTDA;30039;TESTE FÁCIL CORAL
86338;CR T FACIL BLUSH CHOCOLATE 30ML;5300577;800073;CORAL;34;AKZO NOBEL LTDA;30039;TESTE FÁCIL CORAL
86533;CR T FACIL BOLA DE BASQUETE 30ML;5300958;800073;CORAL;34;AKZO NOBEL LTDA;30039;TESTE FÁCIL CORAL
86448;CR T FACIL BOLA DE GUDE 30ML;5300873;800073;CORAL;34;AKZO NOBEL LTDA;30039;TESTE FÁCIL CORAL
86492;CR T FACIL BOMBA DE CHOCOLATE 30ML;5300917;800073;CORAL;34;AKZO NOBEL LTDA;30039;TESTE FÁCIL CORAL
86398;CR T FACIL BRANCO ALFAZEMA 30ML;5300788;800073;CORAL;34;AKZO NOBEL LTDA;30039;TESTE FÁCIL CORAL
86496;CR T FACIL BRANCO AREIA 30ML;5300921;800073;CORAL;34;AKZO NOBEL LTDA;30039;TESTE FÁCIL CORAL
86518;CR T FACIL BRANCO GATINHO 30ML;5300943;800073;CORAL;34;AKZO NOBEL LTDA;30039;TESTE FÁCIL CORAL
86333;CR T FACIL BRANCO MEMORIA 30ML;5300572;800073;CORAL;34;AKZO NOBEL LTDA;30039;TESTE FÁCIL CORAL
86439;CR T FACIL BRANCO PINTOR 30ML;5300864;800073;CORAL;34;AKZO NOBEL LTDA;30039;TESTE FÁCIL CORAL
86524;CR T FACIL BRANCO SUICO 30ML;5300949;800073;CORAL;34;AKZO NOBEL LTDA;30039;TESTE FÁCIL CORAL
86345;CR T FACIL BRISA GELADA 30ML;5300584;800073;CORAL;34;AKZO NOBEL LTDA;30039;TESTE FÁCIL CORAL
86540;CR T FACIL BRONZE LENDA 30ML;5309454;800073;CORAL;34;AKZO NOBEL LTDA;30039;TESTE FÁCIL CORAL
86494;CR T FACIL BRONZE PALM SPRINGS 30ML;5300919;800073;CORAL;34;AKZO NOBEL LTDA;30039;TESTE FÁCIL CORAL
86383;CR T FACIL BROTO DE BAMBU 30ML;5300773;800073;CORAL;34;AKZO NOBEL LTDA;30039;TESTE FÁCIL CORAL
86454;CR T FACIL BURGUNDY 30ML;5300879;800073;CORAL;34;AKZO NOBEL LTDA;30039;TESTE FÁCIL CORAL
86391;CR T FACIL CAFE MISTICO 30ML;5300781;800073;CORAL;34;AKZO NOBEL LTDA;30039;TESTE FÁCIL CORAL
86485;CR T FACIL CAMAFEU INTENSO 30ML;5300910;800073;CORAL;34;AKZO NOBEL LTDA;30039;TESTE FÁCIL CORAL
86318;CR T FACIL CAMINHO DE CASA 30ML;5300294;800073;CORAL;34;AKZO NOBEL LTDA;30039;TESTE FÁCIL CORAL
86529;CR T FACIL CAMURCA 30ML;5300954;800073;CORAL;34;AKZO NOBEL LTDA;30039;TESTE FÁCIL CORAL
86482;CR T FACIL CAMURCA ROSA 30ML;5300907;800073;CORAL;34;AKZO NOBEL LTDA;30039;TESTE FÁCIL CORAL
86349;CR T FACIL CANARIO BELGA 30ML;5300588;800073;CORAL;34;AKZO NOBEL LTDA;30039;TESTE FÁCIL CORAL
86433;CR T FACIL CANCAO DA CIDADE 30ML;5300857;800073;CORAL;34;AKZO NOBEL LTDA;30039;TESTE FÁCIL CORAL
86489;CR T FACIL CASA DE CAMPO 30ML;5300914;800073;CORAL;34;AKZO NOBEL LTDA;30039;TESTE FÁCIL CORAL
86294;CR T FACIL CASCALHO 30ML;5298255;800073;CORAL;34;AKZO NOBEL LTDA;30039;TESTE FÁCIL CORAL
86495;CR T FACIL CASTELO DO DESERTO 30ML;5300920;800073;CORAL;34;AKZO NOBEL LTDA;30039;TESTE FÁCIL CORAL
86445;CR T FACIL CASUAL JEANS 30ML;5300870;800073;CORAL;34;AKZO NOBEL LTDA;30039;TESTE FÁCIL CORAL
86376;CR T FACIL CELESTE AZUL 30ML;5300615;800073;CORAL;34;AKZO NOBEL LTDA;30039;TESTE FÁCIL CORAL
86520;CR T FACIL CEU CINZENTO 30ML;5300945;800073;CORAL;34;AKZO NOBEL LTDA;30039;TESTE FÁCIL CORAL
86371;CR T FACIL CHA DANCANTE 30ML;5300610;800073;CORAL;34;AKZO NOBEL LTDA;30039;TESTE FÁCIL CORAL
86502;CR T FACIL CHAFARIZ DA PRACA 30ML;5300927;800073;CORAL;34;AKZO NOBEL LTDA;30039;TESTE FÁCIL CORAL
86468;CR T FACIL CHARUTO 30ML;5300893;800073;CORAL;34;AKZO NOBEL LTDA;30039;TESTE FÁCIL CORAL
86306;CR T FACIL CIMENTO QUEIMADO 30ML;5298748;800073;CORAL;34;AKZO NOBEL LTDA;30039;TESTE FÁCIL CORAL
86446;CR T FACIL CINZA CLASSICO 30ML;5300871;800073;CORAL;34;AKZO NOBEL LTDA;30039;TESTE FÁCIL CORAL
86312;CR T FACIL CINZA DE GRIFE 30ML;5300288;800073;CORAL;34;AKZO NOBEL LTDA;30039;TESTE FÁCIL CORAL
86397;CR T FACIL CINZA EXOTICO 30ML;5300787;800073;CORAL;34;AKZO NOBEL LTDA;30039;TESTE FÁCIL CORAL
86522;CR T FACIL CINZA GEADA 30ML;5300947;800073;CORAL;34;AKZO NOBEL LTDA;30039;TESTE FÁCIL CORAL
86513;CR T FACIL CINZA NEVOA 30ML;5300938;800073;CORAL;34;AKZO NOBEL LTDA;30039;TESTE FÁCIL CORAL
86320;CR T FACIL CINZA NOBRE 30ML;5300296;800073;CORAL;34;AKZO NOBEL LTDA;30039;TESTE FÁCIL CORAL
86409;CR T FACIL CLUBE AQUATICO 30ML;5300799;800073;CORAL;34;AKZO NOBEL LTDA;30039;TESTE FÁCIL CORAL
86358;CR T FACIL COBRE ARANDELA 30ML;5300597;800073;CORAL;34;AKZO NOBEL LTDA;30039;TESTE FÁCIL CORAL
86297;CR T FACIL COGUMELO JAPONES 30ML;5298258;800073;CORAL;34;AKZO NOBEL LTDA;30039;TESTE FÁCIL CORAL
86296;CR T FACIL COLAR DE PRATA 30ML;5298257;800073;CORAL;34;AKZO NOBEL LTDA;30039;TESTE FÁCIL CORAL
86426;CR T FACIL COLHEITA DE LAVANDA 30ML;5300816;800073;CORAL;34;AKZO NOBEL LTDA;30039;TESTE FÁCIL CORAL
86531;CR T FACIL CONCRETO 30ML;5300956;800073;CORAL;34;AKZO NOBEL LTDA;30039;TESTE FÁCIL CORAL
86324;CR T FACIL CORRENTE OCEANICA 30ML;5300300;800073;CORAL;34;AKZO NOBEL LTDA;30039;TESTE FÁCIL CORAL
86447;CR T FACIL CORRIDA DE RUA 30ML;5300872;800073;CORAL;34;AKZO NOBEL LTDA;30039;TESTE FÁCIL CORAL
86336;CR T FACIL COSTA DO PELICANO 30ML;5300575;800073;CORAL;34;AKZO NOBEL LTDA;30039;TESTE FÁCIL CORAL
86491;CR T FACIL CREME BATIDO 30ML;5300916;800073;CORAL;34;AKZO NOBEL LTDA;30039;TESTE FÁCIL CORAL
86317;CR T FACIL CULTURA GREGA 30ML;5300293;800073;CORAL;34;AKZO NOBEL LTDA;30039;TESTE FÁCIL CORAL
86455;CR T FACIL DELICIA DE CAFE 30ML;5300880;800073;CORAL;34;AKZO NOBEL LTDA;30039;TESTE FÁCIL CORAL
86469;CR T FACIL DELICIA DE VERAO 30ML;5300894;800073;CORAL;34;AKZO NOBEL LTDA;30039;TESTE FÁCIL CORAL
86464;CR T FACIL DESCIDA DA DUNA 30ML;5300889;800073;CORAL;34;AKZO NOBEL LTDA;30039;TESTE FÁCIL CORAL
86351;CR T FACIL DEUSA DO PESSEGO 30ML;5300590;800073;CORAL;34;AKZO NOBEL LTDA;30039;TESTE FÁCIL CORAL
86453;CR T FACIL DIA FELIZ 30ML;5300878;800073;CORAL;34;AKZO NOBEL LTDA;30039;TESTE FÁCIL CORAL
86337;CR T FACIL DIGNIDADE 30ML;5300576;800073;CORAL;34;AKZO NOBEL LTDA;30039;TESTE FÁCIL CORAL
86532;CR T FACIL DOCE DE TANGERINA 30ML;5300957;800073;CORAL;34;AKZO NOBEL LTDA;30039;TESTE FÁCIL CORAL
86451;CR T FACIL DOCE VIDA 30ML;5300876;800073;CORAL;34;AKZO NOBEL LTDA;30039;TESTE FÁCIL CORAL
86467;CR T FACIL DOCE-MEL 30ML;5300892;800073;CORAL;34;AKZO NOBEL LTDA;30039;TESTE FÁCIL CORAL
86368;CR T FACIL ENFEITE DE NATAL 30ML;5300607;800073;CORAL;34;AKZO NOBEL LTDA;30039;TESTE FÁCIL CORAL
86438;CR T FACIL EQUINOCIO DE OUTONO 30ML;5300863;800073;CORAL;34;AKZO NOBEL LTDA;30039;TESTE FÁCIL CORAL
86443;CR T FACIL ESCRITA ANTIGA 30ML;5300868;800073;CORAL;34;AKZO NOBEL LTDA;30039;TESTE FÁCIL CORAL
86348;CR T FACIL ESCULTURA EM MADEIRA 30ML;5300587;800073;CORAL;34;AKZO NOBEL LTDA;30039;TESTE FÁCIL CORAL
86535;CR T FACIL ESPIRITO DE SEDUCAO 30ML;5300960;800073;CORAL;34;AKZO NOBEL LTDA;30039;TESTE FÁCIL CORAL
86403;CR T FACIL ESTATUA ANTIGA 30ML;5300793;800073;CORAL;34;AKZO NOBEL LTDA;30039;TESTE FÁCIL CORAL
86511;CR T FACIL ESTILO MARCANTE 30ML;5300936;800073;CORAL;34;AKZO NOBEL LTDA;30039;TESTE FÁCIL CORAL
86508;CR T FACIL EXPEDICAO MARITIMA 30ML;5300933;800073;CORAL;34;AKZO NOBEL LTDA;30039;TESTE FÁCIL CORAL
86361;CR T FACIL EXTREMO SUL 30ML;5300600;800073;CORAL;34;AKZO NOBEL LTDA;30039;TESTE FÁCIL CORAL
86342;CR T FACIL FESTA PRIMAVERIL 30ML;5300581;800073;CORAL;34;AKZO NOBEL LTDA;30039;TESTE FÁCIL CORAL
86472;CR T FACIL FIGO VERDE 30ML;5300897;800073;CORAL;34;AKZO NOBEL LTDA;30039;TESTE FÁCIL CORAL
86477;CR T FACIL FITA VIOLETA 30ML;5300902;800073;CORAL;34;AKZO NOBEL LTDA;30039;TESTE FÁCIL CORAL
86461;CR T FACIL FLOR DE LARANJEIRA 30ML;5300886;800073;CORAL;34;AKZO NOBEL LTDA;30039;TESTE FÁCIL CORAL
86404;CR T FACIL FLORESCER DE SETEMBRO 30ML;5300794;800073;CORAL;34;AKZO NOBEL LTDA;30039;TESTE FÁCIL CORAL
86509;CR T FACIL FOLHA CINZENTA 30ML;5300934;800073;CORAL;34;AKZO NOBEL LTDA;30039;TESTE FÁCIL CORAL
86498;CR T FACIL FOLHA DE ALCACHOFRA 30ML;5300923;800073;CORAL;34;AKZO NOBEL LTDA;30039;TESTE FÁCIL CORAL
86301;CR T FACIL FOLHA DE MATE 30ML;5298743;800073;CORAL;34;AKZO NOBEL LTDA;30039;TESTE FÁCIL CORAL
86500;CR T FACIL FOLHAGEM SUAVE 30ML;5300925;800073;CORAL;34;AKZO NOBEL LTDA;30039;TESTE FÁCIL CORAL
86459;CR T FACIL FRUTO DO GUARANA 30ML;5300884;800073;CORAL;34;AKZO NOBEL LTDA;30039;TESTE FÁCIL CORAL
86481;CR T FACIL FUGA DO TEMPO 30ML;5300906;800073;CORAL;34;AKZO NOBEL LTDA;30039;TESTE FÁCIL CORAL
86328;CR T FACIL GOLFINHO DE NORONHA 30ML;5300304;800073;CORAL;34;AKZO NOBEL LTDA;30039;TESTE FÁCIL CORAL
86372;CR T FACIL GOMA DE HORTELA 30ML;5300611;800073;CORAL;34;AKZO NOBEL LTDA;30039;TESTE FÁCIL CORAL
86341;CR T FACIL GOTAS DO MAR 30ML;5300580;800073;CORAL;34;AKZO NOBEL LTDA;30039;TESTE FÁCIL CORAL
86512;CR T FACIL GRANITO MOLHADO 30ML;5300937;800073;CORAL;34;AKZO NOBEL LTDA;30039;TESTE FÁCIL CORAL
86470;CR T FACIL GRAO VERDE 30ML;5300895;800073;CORAL;34;AKZO NOBEL LTDA;30039;TESTE FÁCIL CORAL
86339;CR T FACIL GRINALDA 30ML;5300578;800073;CORAL;34;AKZO NOBEL LTDA;30039;TESTE FÁCIL CORAL
86501;CR T FACIL HABITAT 30ML;5300926;800073;CORAL;34;AKZO NOBEL LTDA;30039;TESTE FÁCIL CORAL
86449;CR T FACIL IMENSIDAO CINZA 30ML;5300874;800073;CORAL;34;AKZO NOBEL LTDA;30039;TESTE FÁCIL CORAL
86392;CR T FACIL INVERNO AZUL 30ML;5300782;800073;CORAL;34;AKZO NOBEL LTDA;30039;TESTE FÁCIL CORAL
86357;CR T FACIL INVERNO LONDRINO 30ML;5300596;800073;CORAL;34;AKZO NOBEL LTDA;30039;TESTE FÁCIL CORAL
86329;CR T FACIL ISTAMBUL 30ML;5300305;800073;CORAL;34;AKZO NOBEL LTDA;30039;TESTE FÁCIL CORAL
86505;CR T FACIL JARDIM DA COMPREENSAO 30ML;5300930;800073;CORAL;34;AKZO NOBEL LTDA;30039;TESTE FÁCIL CORAL
86399;CR T FACIL JARDIM VERTICAL 30ML;5300789;800073;CORAL;34;AKZO NOBEL LTDA;30039;TESTE FÁCIL CORAL
86300;CR T FACIL JOGO DE SOMBRAS 30ML;5298742;800073;CORAL;34;AKZO NOBEL LTDA;30039;TESTE FÁCIL CORAL
86419;CR T FACIL JOIA DA COROA 30ML;5300809;800073;CORAL;34;AKZO NOBEL LTDA;30039;TESTE FÁCIL CORAL
86411;CR T FACIL JUTA DOURADA 30ML;5300801;800073;CORAL;34;AKZO NOBEL LTDA;30039;TESTE FÁCIL CORAL
86422;CR T FACIL LAGRIMAS DE ALEGRIA 30ML;5300812;800073;CORAL;34;AKZO NOBEL LTDA;30039;TESTE FÁCIL CORAL
86515;CR T FACIL LAVANDA ENEVOADO 30ML;5300940;800073;CORAL;34;AKZO NOBEL LTDA;30039;TESTE FÁCIL CORAL
86304;CR T FACIL LICOR DE AMEIXA 30ML;5298746;800073;CORAL;34;AKZO NOBEL LTDA;30039;TESTE FÁCIL CORAL
86326;CR T FACIL LILAS PRIMAVERA 30ML;5300302;800073;CORAL;34;AKZO NOBEL LTDA;30039;TESTE FÁCIL CORAL
86457;CR T FACIL LUZ DA ALVORADA 30ML;5300882;800073;CORAL;34;AKZO NOBEL LTDA;30039;TESTE FÁCIL CORAL
86534;CR T FACIL LUZ OXIDRICA 30ML;5300959;800073;CORAL;34;AKZO NOBEL LTDA;30039;TESTE FÁCIL CORAL
86316;CR T FACIL MADEIRA ACINZENTADA 30ML;5300292;800073;CORAL;34;AKZO NOBEL LTDA;30039;TESTE FÁCIL CORAL
86390;CR T FACIL MALVA DE INVERNO 30ML;5300780;800073;CORAL;34;AKZO NOBEL LTDA;30039;TESTE FÁCIL CORAL
86375;CR T FACIL MALVA MINERAL 30ML;5300614;800073;CORAL;34;AKZO NOBEL LTDA;30039;TESTE FÁCIL CORAL
86353;CR T FACIL MALVA SUAVE 30ML;5300592;800073;CORAL;34;AKZO NOBEL LTDA;30039;TESTE FÁCIL CORAL
86510;CR T FACIL MANHA DE PRIMAVERA 30ML;5300935;800073;CORAL;34;AKZO NOBEL LTDA;30039;TESTE FÁCIL CORAL
86528;CR T FACIL MARFIM 30ML;5300953;800073;CORAL;34;AKZO NOBEL LTDA;30039;TESTE FÁCIL CORAL
86478;CR T FACIL MARROM BURGUES 30ML;5300903;800073;CORAL;34;AKZO NOBEL LTDA;30039;TESTE FÁCIL CORAL
86490;CR T FACIL MARROM DO SECULO 30ML;5300915;800073;CORAL;34;AKZO NOBEL LTDA;30039;TESTE FÁCIL CORAL
86442;CR T FACIL MARROM GENTIL 30ML;5300867;800073;CORAL;34;AKZO NOBEL LTDA;30039;TESTE FÁCIL CORAL
86479;CR T FACIL MARROM HAVANA 30ML;5300904;800073;CORAL;34;AKZO NOBEL LTDA;30039;TESTE FÁCIL CORAL
86311;CR T FACIL MEDITACAO 30ML;5300287;800073;CORAL;34;AKZO NOBEL LTDA;30039;TESTE FÁCIL CORAL
86504;CR T FACIL MELAO VERDE 30ML;5300929;800073;CORAL;34;AKZO NOBEL LTDA;30039;TESTE FÁCIL CORAL
86474;CR T FACIL MERGULHO EM NORONHA 30ML;5300899;800073;CORAL;34;AKZO NOBEL LTDA;30039;TESTE FÁCIL CORAL
86437;CR T FACIL MERGULHO SERENO 30ML;5300862;800073;CORAL;34;AKZO NOBEL LTDA;30039;TESTE FÁCIL CORAL
86507;CR T FACIL MINA DE CASCALHO 30ML;5300932;800073;CORAL;34;AKZO NOBEL LTDA;30039;TESTE FÁCIL CORAL
86322;CR T FACIL MINERAL VALIOSO 30ML;5300298;800073;CORAL;34;AKZO NOBEL LTDA;30039;TESTE FÁCIL CORAL
86521;CR T FACIL MINERIO BRUTO 30ML;5300946;800073;CORAL;34;AKZO NOBEL LTDA;30039;TESTE FÁCIL CORAL
86483;CR T FACIL MISTICO 30ML;5300908;800073;CORAL;34;AKZO NOBEL LTDA;30039;TESTE FÁCIL CORAL
86423;CR T FACIL MOCA BONITA 30ML;5300813;800073;CORAL;34;AKZO NOBEL LTDA;30039;TESTE FÁCIL CORAL
86386;CR T FACIL MONTANHA DISTANTE 30ML;5300776;800073;CORAL;34;AKZO NOBEL LTDA;30039;TESTE FÁCIL CORAL
86395;CR T FACIL MUFFIN 30ML;5300785;800073;CORAL;34;AKZO NOBEL LTDA;30039;TESTE FÁCIL CORAL
86493;CR T FACIL MUSICA DE RAIZ 30ML;5300918;800073;CORAL;34;AKZO NOBEL LTDA;30039;TESTE FÁCIL CORAL
86514;CR T FACIL NATURAL URBANO 30ML;5300939;800073;CORAL;34;AKZO NOBEL LTDA;30039;TESTE FÁCIL CORAL
86476;CR T FACIL NAVIOS AO MAR 30ML;5300901;800073;CORAL;34;AKZO NOBEL LTDA;30039;TESTE FÁCIL CORAL
86427;CR T FACIL NEBLINA DA SERRA 30ML;5300817;800073;CORAL;34;AKZO NOBEL LTDA;30039;TESTE FÁCIL CORAL
86431;CR T FACIL NOITE DE FESTA 30ML;5300821;800073;CORAL;34;AKZO NOBEL LTDA;30039;TESTE FÁCIL CORAL
86378;CR T FACIL NOITE FRIA 30ML;5300617;800073;CORAL;34;AKZO NOBEL LTDA;30039;TESTE FÁCIL CORAL
86530;CR T FACIL OCRE COLONIAL 30ML;5300955;800073;CORAL;34;AKZO NOBEL LTDA;30039;TESTE FÁCIL CORAL
86327;CR T FACIL OLHAR ENCANTADOR 30ML;5300303;800073;CORAL;34;AKZO NOBEL LTDA;30039;TESTE FÁCIL CORAL
86364;CR T FACIL OLHO GREGO 30ML;5300603;800073;CORAL;34;AKZO NOBEL LTDA;30039;TESTE FÁCIL CORAL
86432;CR T FACIL ORQUIDEA PRECIOSA 30ML;5300856;800073;CORAL;34;AKZO NOBEL LTDA;30039;TESTE FÁCIL CORAL
86444;CR T FACIL OUTONO GELADO 30ML;5300869;800073;CORAL;34;AKZO NOBEL LTDA;30039;TESTE FÁCIL CORAL
86428;CR T FACIL PACOCA DOCE 30ML;5300818;800073;CORAL;34;AKZO NOBEL LTDA;30039;TESTE FÁCIL CORAL
86526;CR T FACIL PALHA 30ML;5300951;800073;CORAL;34;AKZO NOBEL LTDA;30039;TESTE FÁCIL CORAL
86367;CR T FACIL PAPEL DE BALA 30ML;5300606;800073;CORAL;34;AKZO NOBEL LTDA;30039;TESTE FÁCIL CORAL
86355;CR T FACIL PASSEIO DE BARCO 30ML;5300594;800073;CORAL;34;AKZO NOBEL LTDA;30039;TESTE FÁCIL CORAL
86388;CR T FACIL PASSEIO DE CANOA 30ML;5300778;800073;CORAL;34;AKZO NOBEL LTDA;30039;TESTE FÁCIL CORAL
86319;CR T FACIL PASSEIO DO PARQUE 30ML;5300295;800073;CORAL;34;AKZO NOBEL LTDA;30039;TESTE FÁCIL CORAL
86415;CR T FACIL PAZ INTERIOR 30ML;5300805;800073;CORAL;34;AKZO NOBEL LTDA;30039;TESTE FÁCIL CORAL
86434;CR T FACIL PE DE JABUTICABA 30ML;5300858;800073;CORAL;34;AKZO NOBEL LTDA;30039;TESTE FÁCIL CORAL
86503;CR T FACIL PEDRA NATURAL 30ML;5300928;800073;CORAL;34;AKZO NOBEL LTDA;30039;TESTE FÁCIL CORAL
86321;CR T FACIL PELOURINHO 30ML;5300297;800073;CORAL;34;AKZO NOBEL LTDA;30039;TESTE FÁCIL CORAL
86523;CR T FACIL PENA PRATEADA 30ML;5300948;800073;CORAL;34;AKZO NOBEL LTDA;30039;TESTE FÁCIL CORAL
86369;CR T FACIL PERFUME DE FIGO 30ML;5300608;800073;CORAL;34;AKZO NOBEL LTDA;30039;TESTE FÁCIL CORAL
86456;CR T FACIL PESSEGO MESCLADO 30ML;5300881;800073;CORAL;34;AKZO NOBEL LTDA;30039;TESTE FÁCIL CORAL
86460;CR T FACIL PESSEGO QUENTE 30ML;5300885;800073;CORAL;34;AKZO NOBEL LTDA;30039;TESTE FÁCIL CORAL
86362;CR T FACIL PINHEIRO INGLES 30ML;5300601;800073;CORAL;34;AKZO NOBEL LTDA;30039;TESTE FÁCIL CORAL
86430;CR T FACIL PINOT NOIR 30ML;5300820;800073;CORAL;34;AKZO NOBEL LTDA;30039;TESTE FÁCIL CORAL
86429;CR T FACIL POCAO MAGICA 30ML;5300819;800073;CORAL;34;AKZO NOBEL LTDA;30039;TESTE FÁCIL CORAL
86497;CR T FACIL POMAR VERDE 30ML;5300922;800073;CORAL;34;AKZO NOBEL LTDA;30039;TESTE FÁCIL CORAL
86410;CR T FACIL POMAR VIOLETA 30ML;5300800;800073;CORAL;34;AKZO NOBEL LTDA;30039;TESTE FÁCIL CORAL
86424;CR T FACIL PORTAL SECRETO 30ML;5300814;800073;CORAL;34;AKZO NOBEL LTDA;30039;TESTE FÁCIL CORAL
86402;CR T FACIL PORTO AZUL 30ML;5300792;800073;CORAL;34;AKZO NOBEL LTDA;30039;TESTE FÁCIL CORAL
86516;CR T FACIL PORTO DE PEDRAS 30ML;5300941;800073;CORAL;34;AKZO NOBEL LTDA;30039;TESTE FÁCIL CORAL
86303;CR T FACIL POTE DE ARGILA 30ML;5298745;800073;CORAL;34;AKZO NOBEL LTDA;30039;TESTE FÁCIL CORAL
86484;CR T FACIL POTES ANTIGOS 30ML;5300909;800073;CORAL;34;AKZO NOBEL LTDA;30039;TESTE FÁCIL CORAL
86462;CR T FACIL PRAIA DA CANOA 30ML;5300887;800073;CORAL;34;AKZO NOBEL LTDA;30039;TESTE FÁCIL CORAL
86406;CR T FACIL PRAIA DE CORAL 30ML;5300796;800073;CORAL;34;AKZO NOBEL LTDA;30039;TESTE FÁCIL CORAL
86382;CR T FACIL PRATA FINA 30ML;5300772;800073;CORAL;34;AKZO NOBEL LTDA;30039;TESTE FÁCIL CORAL
86330;CR T FACIL PROMESSA SECRETA 30ML;5300306;800073;CORAL;34;AKZO NOBEL LTDA;30039;TESTE FÁCIL CORAL
86417;CR T FACIL QUEDA LIVRE 30ML;5300807;800073;CORAL;34;AKZO NOBEL LTDA;30039;TESTE FÁCIL CORAL
86394;CR T FACIL RAIO DE LUZ 30ML;5300784;800073;CORAL;34;AKZO NOBEL LTDA;30039;TESTE FÁCIL CORAL
86517;CR T FACIL RECADO DE AMOR 30ML;5300942;800073;CORAL;34;AKZO NOBEL LTDA;30039;TESTE FÁCIL CORAL
86418;CR T FACIL REPOUSO 30ML;5300808;800073;CORAL;34;AKZO NOBEL LTDA;30039;TESTE FÁCIL CORAL
86356;CR T FACIL ROSA AMARELA  30ML;5300595;800073;CORAL;34;AKZO NOBEL LTDA;30039;TESTE FÁCIL CORAL
86359;CR T FACIL ROSA CAPRI 30ML;5300598;800073;CORAL;34;AKZO NOBEL LTDA;30039;TESTE FÁCIL CORAL
86343;CR T FACIL ROSA COLONIAL 30ML;5300582;800073;CORAL;34;AKZO NOBEL LTDA;30039;TESTE FÁCIL CORAL
86365;CR T FACIL ROSA CONQUISTA 30ML;5300604;800073;CORAL;34;AKZO NOBEL LTDA;30039;TESTE FÁCIL CORAL
86350;CR T FACIL ROSA EMPOEIRADA 30ML;5300589;800073;CORAL;34;AKZO NOBEL LTDA;30039;TESTE FÁCIL CORAL
86488;CR T FACIL ROSA PETALA 30ML;5300913;800073;CORAL;34;AKZO NOBEL LTDA;30039;TESTE FÁCIL CORAL
86299;CR T FACIL SAIBRO 30ML;5298741;800073;CORAL;34;AKZO NOBEL LTDA;30039;TESTE FÁCIL CORAL
86471;CR T FACIL SALVIA 30ML;5300896;800073;CORAL;34;AKZO NOBEL LTDA;30039;TESTE FÁCIL CORAL
86352;CR T FACIL SANTA ROSA 30ML;5300591;800073;CORAL;34;AKZO NOBEL LTDA;30039;TESTE FÁCIL CORAL
86334;CR T FACIL SEDA ONDULADA 30ML;5300573;800073;CORAL;34;AKZO NOBEL LTDA;30039;TESTE FÁCIL CORAL
86506;CR T FACIL SILENCIO DA MANHA 30ML;5300931;800073;CORAL;34;AKZO NOBEL LTDA;30039;TESTE FÁCIL CORAL
86374;CR T FACIL SINTONIA LILAS 30ML;5300613;800073;CORAL;34;AKZO NOBEL LTDA;30039;TESTE FÁCIL CORAL
86387;CR T FACIL SOL CELESTIAL 30ML;5300777;800073;CORAL;34;AKZO NOBEL LTDA;30039;TESTE FÁCIL CORAL
86519;CR T FACIL TEATRO BARROCO 30ML;5300944;800073;CORAL;34;AKZO NOBEL LTDA;30039;TESTE FÁCIL CORAL
86463;CR T FACIL TEMPERO FORTE 30ML;5300888;800073;CORAL;34;AKZO NOBEL LTDA;30039;TESTE FÁCIL CORAL
86414;CR T FACIL TEMPLO DA ORACAO 30ML;5300804;800073;CORAL;34;AKZO NOBEL LTDA;30039;TESTE FÁCIL CORAL
86480;CR T FACIL TERRA BRASILIS 30ML;5300905;800073;CORAL;34;AKZO NOBEL LTDA;30039;TESTE FÁCIL CORAL
86401;CR T FACIL TERRA FORTE 30ML;5300791;800073;CORAL;34;AKZO NOBEL LTDA;30039;TESTE FÁCIL CORAL
86499;CR T FACIL TOMILHO 30ML;5300924;800073;CORAL;34;AKZO NOBEL LTDA;30039;TESTE FÁCIL CORAL
86465;CR T FACIL TOPAZIO CLARO 30ML;5300890;800073;CORAL;34;AKZO NOBEL LTDA;30039;TESTE FÁCIL CORAL
86400;CR T FACIL TOQUE DE CEREJEIRA 30ML;5300790;800073;CORAL;34;AKZO NOBEL LTDA;30039;TESTE FÁCIL CORAL
86380;CR T FACIL TREVO DA SORTE 30ML;5300619;800073;CORAL;34;AKZO NOBEL LTDA;30039;TESTE FÁCIL CORAL
86473;CR T FACIL TREVO PALIDO 30ML;5300898;800073;CORAL;34;AKZO NOBEL LTDA;30039;TESTE FÁCIL CORAL
86466;CR T FACIL TRIGO DOURADO 30ML;5300891;800073;CORAL;34;AKZO NOBEL LTDA;30039;TESTE FÁCIL CORAL
86307;CR T FACIL TRILHA ECOLOGICA 30ML;5298749;800073;CORAL;34;AKZO NOBEL LTDA;30039;TESTE FÁCIL CORAL
86385;CR T FACIL TRILHA PARA CAMINHADA 30ML;5300775;800073;CORAL;34;AKZO NOBEL LTDA;30039;TESTE FÁCIL CORAL
86313;CR T FACIL TROFEU DE PRATA 30ML;5300289;800073;CORAL;34;AKZO NOBEL LTDA;30039;TESTE FÁCIL CORAL
86332;CR T FACIL TRUFA DE HORTELA 30ML;5300571;800073;CORAL;34;AKZO NOBEL LTDA;30039;TESTE FÁCIL CORAL
86314;CR T FACIL TUBARAO BRANCO 30ML;5300290;800073;CORAL;34;AKZO NOBEL LTDA;30039;TESTE FÁCIL CORAL
86340;CR T FACIL TURQUESA VENEZIANA 30ML;5300579;800073;CORAL;34;AKZO NOBEL LTDA;30039;TESTE FÁCIL CORAL
86421;CR T FACIL UVA PASSA 30ML;5300811;800073;CORAL;34;AKZO NOBEL LTDA;30039;TESTE FÁCIL CORAL
86373;CR T FACIL UVA VERDE 30ML;5300612;800073;CORAL;34;AKZO NOBEL LTDA;30039;TESTE FÁCIL CORAL
86346;CR T FACIL VENTO SUAVE 30ML;5300585;800073;CORAL;34;AKZO NOBEL LTDA;30039;TESTE FÁCIL CORAL
86475;CR T FACIL VERDE ABSOLUTO 30ML;5300900;800073;CORAL;34;AKZO NOBEL LTDA;30039;TESTE FÁCIL CORAL
86354;CR T FACIL VERDE JADE 30ML;5300593;800073;CORAL;34;AKZO NOBEL LTDA;30039;TESTE FÁCIL CORAL
86435;CR T FACIL VERDE LUDICO 30ML;5300859;800073;CORAL;34;AKZO NOBEL LTDA;30039;TESTE FÁCIL CORAL
86407;CR T FACIL VERDE RIACHO 30ML;5300797;800073;CORAL;34;AKZO NOBEL LTDA;30039;TESTE FÁCIL CORAL
86458;CR T FACIL VERMELHO DISTINTIVO 30ML;5300883;800073;CORAL;34;AKZO NOBEL LTDA;30039;TESTE FÁCIL CORAL
86487;CR T FACIL VIDA SERENA 30ML;5300912;800073;CORAL;34;AKZO NOBEL LTDA;30039;TESTE FÁCIL CORAL
86325;CR T FACIL VIDRO ESFUMACADO 30ML;5300301;800073;CORAL;34;AKZO NOBEL LTDA;30039;TESTE FÁCIL CORAL
86425;CR T FACIL VINHEDO 30ML;5300815;800073;CORAL;34;AKZO NOBEL LTDA;30039;TESTE FÁCIL CORAL
86420;CR T FACIL VINHO FRIZZANTE 30ML;5300810;800073;CORAL;34;AKZO NOBEL LTDA;30039;TESTE FÁCIL CORAL
86396;CR T FACIL VINHO SOFISTICADO 30ML;5300786;800073;CORAL;34;AKZO NOBEL LTDA;30039;TESTE FÁCIL CORAL
86436;CR T FACIL VIOLETA ANTIGO 30ML;5300860;800073;CORAL;34;AKZO NOBEL LTDA;30039;TESTE FÁCIL CORAL
86412;CR T FACIL VIOLETA PEROLA 30ML;5300802;800073;CORAL;34;AKZO NOBEL LTDA;30039;TESTE FÁCIL CORAL
86389;CR T FACIL VISTA DA CIDADE 30ML;5300779;800073;CORAL;34;AKZO NOBEL LTDA;30039;TESTE FÁCIL CORAL
86413;CR T FACIL VISTA DO LAGO 30ML;5300803;800073;CORAL;34;AKZO NOBEL LTDA;30039;TESTE FÁCIL CORAL
86377;CR T FACIL VITROLA RETRO 30ML;5300616;800073;CORAL;34;AKZO NOBEL LTDA;30039;TESTE FÁCIL CORAL
86293;CR T FACIL ZEPELIM 30ML;5298254;800073;CORAL;34;AKZO NOBEL LTDA;30039;TESTE FÁCIL CORAL
86543;CR TEXTURA ACRILICA BRANCO 25KG;5313622;800073;CORAL;34;AKZO NOBEL LTDA;30023;TEXTURA
86709;CR TEXTURA ACRILICA BRANCO 5,7KG;5777541;800073;CORAL;34;AKZO NOBEL LTDA;30023;TEXTURA
86712;CR TEXTURA DESIGN LOC BASE PM 22KG;5801731;800073;CORAL;34;AKZO NOBEL LTDA;30023;TEXTURA
85869;CR TEXTURA DESIGN LOC BASE PM 28KG;5202581;800073;CORAL;34;AKZO NOBEL LTDA;30023;TEXTURA
86743;CR TEXTURA DESING BASE PM 5KG;5849108;800073;CORAL;34;AKZO NOBEL LTDA;30023;TEXTURA
86713;CR TEXTURA EFEITO LOC BASE PM 22 KG;5801732;800073;CORAL;34;AKZO NOBEL LTDA;30023;TEXTURA
86741;CR TEXTURA EFEITO LOC BASE PM 5.0 KG;5849106;800073;CORAL;34;AKZO NOBEL LTDA;30023;TEXTURA
86742;CR TEXTURA RUST LOC BASE PM 5.0KG;5849107;800073;CORAL;34;AKZO NOBEL LTDA;30023;TEXTURA
86746;CR TEXTURA RUSTICA BRANCO 22 KG;5849299;800073;CORAL;34;AKZO NOBEL LTDA;30023;TEXTURA
86744;CR TEXTURA RUSTICA BRANCO 5 Kg;5849109;800073;CORAL;34;AKZO NOBEL LTDA;30023;TEXTURA
86747;CR TEXTURA RUSTICA LOC BASE PM 22KG;5849300;800073;CORAL;34;AKZO NOBEL LTDA;30023;TEXTURA
85896;CR TINTA GRAFITE CINZA CLARO 3.6L;5202663;800073;CORAL;534;AKZO NOBEL LTDA;40001;ESMALTES
85897;CR TINTA GRAFITE CINZA CLARO 900ML;5202664;800073;CORAL;534;AKZO NOBEL LTDA;40001;ESMALTES
85898;CR TINTA GRAFITE CINZA ESCURO 3.6L;5202665;800073;CORAL;534;AKZO NOBEL LTDA;40001;ESMALTES
85899;CR TINTA GRAFITE CINZA ESCURO 900ML;5202666;800073;CORAL;534;AKZO NOBEL LTDA;40001;ESMALTES
85827;CR VERNIZ INCOLOR 18L;5202453;800073;CORAL;34;AKZO NOBEL LTDA;30002;IMPERMEABILIZANTES
85826;CR VERNIZ INCOLOR 3,6L;5202452;800073;CORAL;34;AKZO NOBEL LTDA;30002;IMPERMEABILIZANTES
86706;CR WANDEPOXY CAT AMIDA FUND 900ML;5202560;800073;CORAL;34;AKZO NOBEL LTDA;40002;EPOXI
23777;CR WANDEPOXY CAT AMIDA MASSA 1.45KG;5202562;800073;CORAL;34;AKZO NOBEL LTDA;40002;EPOXI
86704;CR WANDEPOXY CAT AMIDA RM VZ 900ML;5202558;800073;CORAL;34;AKZO NOBEL LTDA;40002;EPOXI
86705;CR WANDEPOXY CAT AMINA FUND 900ML;5202559;800073;CORAL;34;AKZO NOBEL LTDA;40002;EPOXI
86703;CR WANDEPOXY CAT AMINA RM VZ 900ML;5202557;800073;CORAL;11000466;ATACADAO DAS TINTAS IRMAOS SOARES LTDA;40002;EPOXI
86707;CR WANDEPOXY CAT LOC 640ML;5202561;800073;CORAL;34;AKZO NOBEL LTDA;40002;EPOXI
85867;CR WANDEPOXY DILUENTE 5L;5202567;800073;CORAL;34;AKZO NOBEL LTDA;40002;EPOXI
85868;CR WANDEPOXY DILUENTE 900ML;5202568;800073;CORAL;34;AKZO NOBEL LTDA;40002;EPOXI
85857;CR WANDEPOXY ESMALTE AMARELO 2.7L;5202552;800073;CORAL;34;AKZO NOBEL LTDA;40002;EPOXI
85858;CR WANDEPOXY ESMALTE AMARELO SEGURANCA 2.7L;5202553;800073;CORAL;34;AKZO NOBEL LTDA;40002;EPOXI
85856;CR WANDEPOXY ESMALTE AZUL SEGURANCA 2.7L;5202549;800073;CORAL;34;AKZO NOBEL LTDA;40002;EPOXI
85848;CR WANDEPOXY ESMALTE BASE F 2.56L;5202538;800073;CORAL;34;AKZO NOBEL LTDA;40002;EPOXI
85850;CR WANDEPOXY ESMALTE BASE PM 2.56L;5202540;800073;CORAL;11000466;ATACADAO DAS TINTAS IRMAOS SOARES LTDA;40002;EPOXI
85849;CR WANDEPOXY ESMALTE BASE T 2.56L;5202539;800073;CORAL;34;AKZO NOBEL LTDA;40002;EPOXI
85851;CR WANDEPOXY ESMALTE BRANCO 2.7L;5202541;800073;CORAL;34;AKZO NOBEL LTDA;40002;EPOXI
85853;CR WANDEPOXY ESMALTE CINZA 2.7L;5202544;800073;CORAL;34;AKZO NOBEL LTDA;40002;EPOXI
85855;CR WANDEPOXY ESMALTE CINZA MEDIO 2.7L;5202547;800073;CORAL;34;AKZO NOBEL LTDA;40002;EPOXI
85854;CR WANDEPOXY ESMALTE PLATINA 2.7L;5202546;800073;CORAL;34;AKZO NOBEL LTDA;40002;EPOXI
85852;CR WANDEPOXY ESMALTE PRETO 2.7L;5202543;800073;CORAL;34;AKZO NOBEL LTDA;40002;EPOXI
85865;CR WANDEPOXY FUNDO BRANCO 2.7L;5202564;800073;CORAL;34;AKZO NOBEL LTDA;40002;EPOXI
85866;CR WANDEPOXY FUNDO VERMELHO OXIDO 2.7L;5202565;800073;CORAL;34;AKZO NOBEL LTDA;40002;EPOXI
83851;CREME PROTETOR LUVA 200G;62133;800118;NUTRIEX;72;PRIMEIRA LINHA COMERCIAL DE ROLAMENTOS LTDA;20027;EPI´S
85578;CROMATO DE ZINCO-BRANCO 18L BRASILUX;CR 010500703;67;BRASILUX;556;BRASILUX TINTAS TECNICAS LTDA;40001;ESMALTES
85577;CROMATO DE ZINCO-CINZA 18L BRASILUX;CR 010600003;67;BRASILUX;556;BRASILUX TINTAS TECNICAS LTDA;40001;ESMALTES
21806;CSD 80 + CUBII 737U 152MM 31371 3M;HC000655346;4;3M;36;3M DO BRASIL LTDA;20041;DISCO ROLOC 
23698;CSD P600 + CUBII 737U 152MM 31486 3M;HB004825384;4;3M;36;3M DO BRASIL LTDA;20041;DISCO ROLOC 
85333;D BLACK REVITALIZADOR DE PNEUS 500ML MAXI RUBBER;DC0014;6;MAXI RUBBER;11000387;MAXI RUBBER INDUSTRIAS QUIMICAS LTDA;20011;LINHA DE HIGENIZAÇÃO E ESTÉTICA  AUTOMOTIVA VONIX
84947;DARKER 5L VONIXX;2010028;10;VONIXX;425;VONIXX INDUSTRIA E COMERCIO DE POLIDORES LTDA;20011;LINHA DE HIGENIZAÇÃO E ESTÉTICA  AUTOMOTIVA VONIX
84394;DELET 500ML SPRAY VONIXX;2050171;10;VONIXX;425;VONIXX INDUSTRIA E COMERCIO DE POLIDORES LTDA;20011;LINHA DE HIGENIZAÇÃO E ESTÉTICA  AUTOMOTIVA VONIX
84543;DELET 5L VONIXX;2050190;10;VONIXX;425;VONIXX INDUSTRIA E COMERCIO DE POLIDORES LTDA;20011;LINHA DE HIGENIZAÇÃO E ESTÉTICA  AUTOMOTIVA VONIX
50;DESCARBONIZANTE SPRAY 300ML TEK BOND;21513005900;71;TEK BOND;570;SAINT GOBAIN;20021;SPRAYS 
85638;DESCARBONIZANTE UNICAR80 LATA 300ML/170G UNIPEGA;AES0534.0036;800067;UNIPEGA;11000482;A&S TECHNOLOGIES INDUSTRIA E COMERCIO S.A.;20062;DESENGRIPANTE
85068;DESEMPENADEIRA ACO LISA 12X25CM AT148/2 ATLAS;AT148/2;35;ATLAS;8;PINCEIS ATLAS S.A.;30028;ROLOS / TRINCHAS / PINCÉIS / ESPÁTULAS
85069;DESEMPENADEIRA ACO LISA 12X35 AT248/2 ATLAS;AT248/2;35;ATLAS;8;PINCEIS ATLAS S.A.;30028;ROLOS / TRINCHAS / PINCÉIS / ESPÁTULAS
87017;DESEMPENADEIRA ACO TEMPERADO DENTADA 12X25 AT145 ATLAS;AT145;35;ATLAS;8;PINCEIS ATLAS S.A.;30028;ROLOS / TRINCHAS / PINCÉIS / ESPÁTULAS
87018;DESEMPENADEIRA ACO TEMPERADO DENTADA 12X35 AT245 ATLAS;AT245;35;ATLAS;8;PINCEIS ATLAS S.A.;30028;ROLOS / TRINCHAS / PINCÉIS / ESPÁTULAS
87015;DESEMPENADEIRA ACO TEMPERADO LISA 12X25 133 ATLAS;133;35;ATLAS;8;PINCEIS ATLAS S.A.;30028;ROLOS / TRINCHAS / PINCÉIS / ESPÁTULAS
87016;DESEMPENADEIRA ACO TEMPERADO LISA 12X35 AT243 ATLAS;AT243;35;ATLAS;8;PINCEIS ATLAS S.A.;30028;ROLOS / TRINCHAS / PINCÉIS / ESPÁTULAS
85223;DESEMPENADEIRA METAL RETANGULAR EFEITOS AT112 ATLAS;AT112;35;ATLAS;8;PINCEIS ATLAS S.A.;30028;ROLOS / TRINCHAS / PINCÉIS / ESPÁTULAS
85059;DESEMPENADEIRA METAL TRAPEZIO EFEITOS AT111 ATLAS;AT111;35;ATLAS;8;PINCEIS ATLAS S.A.;30028;ROLOS / TRINCHAS / PINCÉIS / ESPÁTULAS
85718;DESEMPENADEIRA NIVELOPRO 60CM AT933/60 ATLAS;AT933/60;35;ATLAS;8;PINCEIS ATLAS S.A.;30028;ROLOS / TRINCHAS / PINCÉIS / ESPÁTULAS
84429;DESEMPENADEIRA P/ GRAFIATO PLASTICA 27X14CM 165 ATLAS;165;35;ATLAS;8;PINCEIS ATLAS S.A.;30028;ROLOS / TRINCHAS / PINCÉIS / ESPÁTULAS
85050;DESEMPENADEIRA P/ TEXTURA PLASTICA 16X8CM 164 ATLAS;164;35;ATLAS;80000522;ATLAS S.A.;30028;ROLOS / TRINCHAS / PINCÉIS / ESPÁTULAS
24309;DESENGRAXANTE 0,900ML THINSOL;120-027;65;THINSOL;549;THINSOL QUIMICA INDUSTRIA E COM. LTDA;20052;DESENGRAXANTE
9804;DESENGRAXANTE 900ML WANDA;482035;1;WANDA;34;AKZO NOBEL LTDA;20052;DESENGRAXANTE
23575;DESENGRAXANTE M700 1L SIKKENS;553980;8;SIKKENS;34;AKZO NOBEL LTDA;20052;DESENGRAXANTE
85635;DESENGRIPANTE UNILUB 300ML/150G UNIPEGA;AES0534.0001;800067;UNIPEGA;11000482;A&S TECHNOLOGIES INDUSTRIA E COMERCIO S.A.;20062;DESENGRIPANTE
9755;DESENTUPIDOR;2,04331E+12;999999;.;573;LIMPEZA.COM COMERCIO DE PRODUTOS DE LIMPEZA E DESC EIRELI;999999;GRUPO CONVERSAO
23512;DESINFETANTE 5LTS;3909;29;BRILHOMAX;452;LIMA & PERGHER INDUSTRIAL E COMERCIO;999999;GRUPO CONVERSAO
22979;DESINFETANTE ACERO SAN CLEAN 5LT KLIMP;20427;800131;KLIMP;112;COM.ALVORADA LIMPEZA E DESCARTAVEIS;20028;APLICADORES / ADAPTADORES / ENGATES / SUPORTES
169;DESINFETANTE AZULIM MARINER 5LT;3538;800091;MARINER;112;COM.ALVORADA LIMPEZA E DESCARTAVEIS;999999;GRUPO CONVERSAO
23535;DESINFETANTE FACILITA LAVANDA 5L;248;29;BRILHOMAX;452;LIMA & PERGHER INDUSTRIAL E COMERCIO;999999;GRUPO CONVERSAO
23536;DESINFETANTE LAVANDA 5 LTS;2153;29;BRILHOMAX;452;LIMA & PERGHER INDUSTRIAL E COMERCIO;999999;GRUPO CONVERSAO
83933;DESMONTADORA DE RODAS - STC210K - S/N: 1102376;;999999;.;11000396;AIRZAP - ANEST IWATA IND. E COM. LTDA;20058;OUTRAS FERRAMENTAS / EQUIPAMENTOS
9799;DESOXIDANTE 1L WANDA;529475;1;WANDA;34;AKZO NOBEL LTDA;20051;FERRUGEM
23513;DETERGENTE 500ML-4,49-ST;4250;29;BRILHOMAX;452;LIMA & PERGHER INDUSTRIAL E COMERCIO;999999;GRUPO CONVERSAO
85137;DETERGENTE ATIVADO FX4000 5LT START;4283;51;START;112;COM.ALVORADA LIMPEZA E DESCARTAVEIS;999999;GRUPO CONVERSAO
84824;DILUENTE 107 PU POLIESTER 18L BRASILUX;TN 060010703;67;BRASILUX;556;BRASILUX TINTAS TECNICAS LTDA;20001;DILUENTE
84823;DILUENTE 107 PU/POLIESTER 5L BRASILUX;TN 060010708;67;BRASILUX;556;BRASILUX TINTAS TECNICAS LTDA;20001;DILUENTE
84557;DILUENTE 107 PU/POLIESTER 900ML BRASILUX;TN 060010701;67;BRASILUX;556;BRASILUX TINTAS TECNICAS LTDA;20001;DILUENTE
24310;DILUENTE 654 PU 0,900ML THINSOL;001DPMQ-026;65;THINSOL;549;THINSOL QUIMICA INDUSTRIA E COM. LTDA;20001;DILUENTE
24287;DILUENTE 654 PU GALAO 5L THINSOL;001DPMQ-002;65;THINSOL;549;THINSOL QUIMICA INDUSTRIA E COM. LTDA;20001;DILUENTE
24321;DILUENTE 654 PU LATA 18L THINSOL;001DPMQ-943;65;THINSOL;549;THINSOL QUIMICA INDUSTRIA E COM. LTDA;20001;DILUENTE
84025;DILUENTE P/ EPOXI 5L BRASILUX;TN 060000708;67;BRASILUX;556;BRASILUX TINTAS TECNICAS LTDA;40002;EPOXI
84024;DILUENTE P/ EPOXI 900ML BRASILUX;TN 060000701;67;BRASILUX;556;BRASILUX TINTAS TECNICAS LTDA;40002;EPOXI
87200;DILUENTE P/ EPOXI DP003 900ML MAZA;11718;800053;MAZA;11000423;MAZA PRODUTOS QUIMICOS LTDA;40002;EPOXI
85266;DIRETO NA FERRUGEM AMARELO OURO 3,6LT BRASILUX;DF 400200102;67;BRASILUX;556;BRASILUX TINTAS TECNICAS LTDA;40001;ESMALTES
85267;DIRETO NA FERRUGEM AMARELO OURO 900ML BRASILUX;DF 400200101;67;BRASILUX;556;BRASILUX TINTAS TECNICAS LTDA;40001;ESMALTES
87037;DIRETO NA FERRUGEM AZUL DEL REY 3,6LT BRASILUX;DF 400320002;67;BRASILUX;556;BRASILUX TINTAS TECNICAS LTDA;40001;ESMALTES
84174;DIRETO NA FERRUGEM BRANCO BRILHANTE 3,6LT BRASILUX;DF 400500702;67;BRASILUX;556;BRASILUX TINTAS TECNICAS LTDA;40001;ESMALTES
84177;DIRETO NA FERRUGEM BRANCO BRILHANTE 900ML BRASILUX;DF 400500701;67;BRASILUX;556;BRASILUX TINTAS TECNICAS LTDA;40001;ESMALTES
87221;DIRETO NA FERRUGEM BRANCO FOSCO 3,6LT BRASILUX;DF 400504702;67;BRASILUX;556;BRASILUX TINTAS TECNICAS LTDA;40001;ESMALTES
87220;DIRETO NA FERRUGEM BRANCO FOSCO 900ML BRASILUX;DF 400504701;67;BRASILUX;556;BRASILUX TINTAS TECNICAS LTDA;40001;ESMALTES
85736;DIRETO NA FERRUGEM CINZA ESCURO 3,6LT BRASILUX;;67;BRASILUX;556;BRASILUX TINTAS TECNICAS LTDA;40001;ESMALTES
85268;DIRETO NA FERRUGEM CINZA MEDIO 3,6LT BRASILUX;DF 400604802;67;BRASILUX;556;BRASILUX TINTAS TECNICAS LTDA;40001;ESMALTES
85269;DIRETO NA FERRUGEM CINZA MEDIO 900ML BRASILUX;DF 400604801;67;BRASILUX;556;BRASILUX TINTAS TECNICAS LTDA;40001;ESMALTES
84176;DIRETO NA FERRUGEM CINZA PLATINA 3,6LT BRASILUX;DF 400603602;67;BRASILUX;556;BRASILUX TINTAS TECNICAS LTDA;40001;ESMALTES
84179;DIRETO NA FERRUGEM CINZA PLATINA 900ML BRASILUX;DF 400603601;67;BRASILUX;556;BRASILUX TINTAS TECNICAS LTDA;40001;ESMALTES
85307;DIRETO NA FERRUGEM LARANJA 3,6LT BRASILUX;DF 400900102;67;BRASILUX;556;BRASILUX TINTAS TECNICAS LTDA;40001;ESMALTES
84072;DIRETO NA FERRUGEM MARROM BRONZE 3,6LT BRASILUX;DF 401002802;67;BRASILUX;556;BRASILUX TINTAS TECNICAS LTDA;40001;ESMALTES
84073;DIRETO NA FERRUGEM MARROM BRONZE 900ML BRASILUX;DF 401002801;67;BRASILUX;556;BRASILUX TINTAS TECNICAS LTDA;40001;ESMALTES
87300;DIRETO NA FERRUGEM MARROM TABACO 3,6LT BRASILUX;DF 401000202;67;BRASILUX;556;BRASILUX TINTAS TECNICAS LTDA;40001;ESMALTES
87301;DIRETO NA FERRUGEM MARROM TABACO 900ML BRASILUX;DF 401000201;67;BRASILUX;556;BRASILUX TINTAS TECNICAS LTDA;40001;ESMALTES
84074;DIRETO NA FERRUGEM OURO 3,6LT BRASILUX;DF 403301002;67;BRASILUX;556;BRASILUX TINTAS TECNICAS LTDA;40001;ESMALTES
84070;DIRETO NA FERRUGEM OURO ANTIGO 3,6LT BRASILUX;DF 403300302;67;BRASILUX;556;BRASILUX TINTAS TECNICAS LTDA;40001;ESMALTES
84071;DIRETO NA FERRUGEM OURO ANTIGO 900ML BRASILUX;DF 403300301;67;BRASILUX;556;BRASILUX TINTAS TECNICAS LTDA;40001;ESMALTES
84175;DIRETO NA FERRUGEM PRETO BRILHANTE 3,6LT BRASILUX;DF 401500102;67;BRASILUX;556;BRASILUX TINTAS TECNICAS LTDA;40001;ESMALTES
84178;DIRETO NA FERRUGEM PRETO BRILHANTE 900ML BRASILUX;DF 401500101;67;BRASILUX;556;BRASILUX TINTAS TECNICAS LTDA;40001;ESMALTES
87223;DIRETO NA FERRUGEM PRETO FOSCO 3,6LT BRASILUX;DF 401501702;67;BRASILUX;556;BRASILUX TINTAS TECNICAS LTDA;40001;ESMALTES
87222;DIRETO NA FERRUGEM PRETO FOSCO 900ML BRASILUX;DF 401501701;67;BRASILUX;556;BRASILUX TINTAS TECNICAS LTDA;40001;ESMALTES
87087;DIRETO NA FERRUGEM VERDE FOLHA 3,6LT BRASILUX;DF 402202002;67;BRASILUX;556;BRASILUX TINTAS TECNICAS LTDA;40001;ESMALTES
84456;DISCO A296 P040 NORTON;66623373431;11;NORTON;21;SAINT- GOBAIN DO BRASIL PROD. IND. E CONSTR. LTDA;20007;DISCOS / LIXAS / ABRASIVOS 
85484;DISCO ABRASIVO TELADO 225MM 080 AT14/80 ATLAS;AT14/80;35;ATLAS;8;PINCEIS ATLAS S.A.;20040;OUTROS DISCOS 
85485;DISCO ABRASIVO TELADO 225MM 120 AT14/120 ATLAS;AT14/120;35;ATLAS;8;PINCEIS ATLAS S.A.;20040;OUTROS DISCOS 
85486;DISCO ABRASIVO TELADO 225MM 150 AT14/150 ATLAS;AT14/150;35;ATLAS;8;PINCEIS ATLAS S.A.;20040;OUTROS DISCOS 
85487;DISCO ABRASIVO TELADO 225MM 180 AT14/180 ATLAS;AT14/180;35;ATLAS;8;PINCEIS ATLAS S.A.;20040;OUTROS DISCOS 
85488;DISCO ABRASIVO TELADO 225MM 220 AT14/220 ATLAS;AT14/220;35;ATLAS;8;PINCEIS ATLAS S.A.;20040;OUTROS DISCOS 
10209;DISCO AVOS F828 Nº 024 NORTON;5539503090;11;NORTON;21;SAINT- GOBAIN DO BRASIL PROD. IND. E CONSTR. LTDA;20040;OUTROS DISCOS 
20081;DISCO AVOS F828 Nº 060 NORTON;5539503094;11;NORTON;21;SAINT- GOBAIN DO BRASIL PROD. IND. E CONSTR. LTDA;20040;OUTROS DISCOS 
20179;DISCO AVOS F828 Nº 100 NORTON;10058063;11;NORTON;21;SAINT- GOBAIN DO BRASIL PROD. IND. E CONSTR. LTDA;20040;OUTROS DISCOS 
20180;DISCO AVOS F828 Nº 120 NORTON;10058064;11;NORTON;21;SAINT- GOBAIN DO BRASIL PROD. IND. E CONSTR. LTDA;20040;OUTROS DISCOS 
10162;DISCO AVOS F900 P 036 115X22.23MM NORTON;78072755206;11;NORTON;21;SAINT- GOBAIN DO BRASIL PROD. IND. E CONSTR. LTDA;20040;OUTROS DISCOS 
10163;DISCO AVOS F900 P 050 115X22.23MM NORTON;78072755207;11;NORTON;21;SAINT- GOBAIN DO BRASIL PROD. IND. E CONSTR. LTDA;20040;OUTROS DISCOS 
21619;DISCO AVOS F944 Nº 080 115X22 NORTON;5539503113;11;NORTON;21;SAINT- GOBAIN DO BRASIL PROD. IND. E CONSTR. LTDA;20040;OUTROS DISCOS 
23126;DISCO BLUE 040 152MM 7F 321U 3M;HB004516918;4;3M;36;3M DO BRASIL LTDA;20007;DISCOS / LIXAS / ABRASIVOS 
23110;DISCO BLUE 080 152MM 7F 321U 3M;HB004516926;4;3M;36;3M DO BRASIL LTDA;20007;DISCOS / LIXAS / ABRASIVOS 
23104;DISCO BLUE 120 152MM 7F 321U 3M;HB004516934;4;3M;36;3M DO BRASIL LTDA;20007;DISCOS / LIXAS / ABRASIVOS 
23105;DISCO BLUE 150 152MM 7F 321U 3M;HB004516942;4;3M;36;3M DO BRASIL LTDA;20007;DISCOS / LIXAS / ABRASIVOS 
23125;DISCO BLUE 180 152MM 7F 321U 3M;HB004517569;4;3M;36;3M DO BRASIL LTDA;20007;DISCOS / LIXAS / ABRASIVOS 
23106;DISCO BLUE 220 152MM 7F 321U 3M;HB004517601;4;3M;36;3M DO BRASIL LTDA;20007;DISCOS / LIXAS / ABRASIVOS 
23107;DISCO BLUE 320 152MM 7F 321U 3M;HB004716245;4;3M;36;3M DO BRASIL LTDA;20007;DISCOS / LIXAS / ABRASIVOS 
23108;DISCO BLUE 400 152MM 7F 321U 3M;HB004517650;4;3M;36;3M DO BRASIL LTDA;20007;DISCOS / LIXAS / ABRASIVOS 
23127;DISCO BLUE 500 152MM 7F 321U 3M;HB004517742;4;3M;36;3M DO BRASIL LTDA;20007;DISCOS / LIXAS / ABRASIVOS 
23109;DISCO BLUE 600 152MM 7F 321U 3M;HB004517684;4;3M;36;3M DO BRASIL LTDA;20007;DISCOS / LIXAS / ABRASIVOS 
23123;DISCO BLUE 800 152MM 7F 321U 3M;HB004517718;4;3M;36;3M DO BRASIL LTDA;20007;DISCOS / LIXAS / ABRASIVOS 
84509;DISCO BLUE NET 080 152MM 3M;HB004748990;4;3M;36;3M DO BRASIL LTDA;20007;DISCOS / LIXAS / ABRASIVOS 
84684;DISCO BLUE NET 150 152MM 3M;HB004749014;4;3M;36;3M DO BRASIL LTDA;20007;DISCOS / LIXAS / ABRASIVOS 
84699;DISCO BLUE NET 220 152MM 3M;HB004749030;4;3M;36;3M DO BRASIL LTDA;20007;DISCOS / LIXAS / ABRASIVOS 
84700;DISCO BLUE NET 320 152MM 3M;HB004749055;4;3M;36;3M DO BRASIL LTDA;20007;DISCOS / LIXAS / ABRASIVOS 
20126;DISCO CLEAN SAND P080 152MM 3M;HC000593547;4;3M;36;3M DO BRASIL LTDA;20007;DISCOS / LIXAS / ABRASIVOS 
20121;DISCO CLEAN SAND P400 152MM DS 3M;HB004654016;4;3M;36;3M DO BRASIL LTDA;20041;DISCO ROLOC 
22279;DISCO CSD 150 + CUBII 737U 152MM 3M;HC000661435;4;3M;36;3M DO BRASIL LTDA;20041;DISCO ROLOC 
20124;DISCO CSD 220 + CUBII 737U 152MM 3M;HC000661484;4;3M;36;3M DO BRASIL LTDA;20041;DISCO ROLOC 
86872;DISCO DE CORTE BLUE FIRE 76X1.0X10MM NORTON;66252828241;11;NORTON;21;SAINT- GOBAIN DO BRASIL PROD. IND. E CONSTR. LTDA;20040;OUTROS DISCOS 
10213;DISCO DE CORTE BNA12 115X1.0X22.23MM NORTON;66252846557;11;NORTON;21;SAINT- GOBAIN DO BRASIL PROD. IND. E CONSTR. LTDA;20040;OUTROS DISCOS 
23434;DISCO DE CORTE CLASSIC AR102 115X1.0X22.23MM NORTON;66252849486;11;NORTON;21;SAINT- GOBAIN DO BRASIL PROD. IND. E CONSTR. LTDA;20040;OUTROS DISCOS 
23919;DISCO DE CORTE CLASSIC BASIC 180X1.6X22,2 NORTON;66252846362;11;NORTON;21;SAINT- GOBAIN DO BRASIL PROD. IND. E CONSTR. LTDA;20040;OUTROS DISCOS 
87326;DISCO DE CORTE CUBITRON 3 PN33456 75X1X9.53MM 3M;HB004825319;4;3M;36;3M DO BRASIL LTDA;1038;.............................................
86938;DISCO DE CORTE CUBITRON 3 PN33463 115X1X22.23MM 3M;HB004825327;4;3M;36;3M DO BRASIL LTDA;1038;.............................................
10059;DISCO DE CORTE FINO 3M;H0001657925;4;3M;36;3M DO BRASIL LTDA;1038;.............................................
10060;DISCO DE CORTE GROSSO 3M;H0001657933;4;3M;36;3M DO BRASIL LTDA;1038;.............................................
24224;"DISCO DE CORTE INOX HP2 4 1/2""X1,0MMX7/8"" DEWALT";DW84401;800070;DEWALT;11000477;BLACK & DECKER DO BRASIL LTDA;20058;OUTRAS FERRAMENTAS / EQUIPAMENTOS
23683;DISCO DE DESBASTE BDA620;66252841272;11;NORTON;21;SAINT- GOBAIN DO BRASIL PROD. IND. E CONSTR. LTDA;20040;OUTROS DISCOS 
22024;DISCO DE DESBASTE CLASSIC BDA600 115X6.4X22.23 NORTON;66253370340;11;NORTON;21;SAINT- GOBAIN DO BRASIL PROD. IND. E CONSTR. LTDA;20040;OUTROS DISCOS 
21655;DISCO DE LIXA 080 115MM F22,2 982C 3M;HC000623971;4;3M;36;3M DO BRASIL LTDA;20040;OUTROS DISCOS 
23502;DISCO DE LIXA F944 Nº 050 NORTON;5539537644;11;NORTON;21;SAINT- GOBAIN DO BRASIL PROD. IND. E CONSTR. LTDA;20040;OUTROS DISCOS 
87305;DISCO DE LIXA GOLD 040 288U 152MM 3M;HB004844229;4;3M;36;3M DO BRASIL LTDA;20007;DISCOS / LIXAS / ABRASIVOS 
87306;DISCO DE LIXA GOLD 080 288U 152MM 3M;HB004843676;4;3M;36;3M DO BRASIL LTDA;20007;DISCOS / LIXAS / ABRASIVOS 
87307;DISCO DE LIXA GOLD 150 288U 152MM 3M;HB004843718;4;3M;36;3M DO BRASIL LTDA;20007;DISCOS / LIXAS / ABRASIVOS 
87308;DISCO DE LIXA GOLD 220 288U 152MM 3M;HB004843734;4;3M;36;3M DO BRASIL LTDA;20007;DISCOS / LIXAS / ABRASIVOS 
87309;DISCO DE LIXA GOLD 320 288U 152MM 3M;HB004843759;4;3M;36;3M DO BRASIL LTDA;20007;DISCOS / LIXAS / ABRASIVOS 
87310;DISCO DE LIXA GOLD 400 288U 152MM 3M;HB004843767;4;3M;36;3M DO BRASIL LTDA;20007;DISCOS / LIXAS / ABRASIVOS 
87311;DISCO DE LIXA GOLD 600 288U 152MM 3M;HB004843783;4;3M;36;3M DO BRASIL LTDA;20007;DISCOS / LIXAS / ABRASIVOS 
87312;DISCO DE LIXA GOLD 800 288U 152MM 3M;HB004843791;4;3M;36;3M DO BRASIL LTDA;20007;DISCOS / LIXAS / ABRASIVOS 
10218;DISCO DE LIXA N.036 NORTON;66261037164;999999;.;21;SAINT- GOBAIN DO BRASIL PROD. IND. E CONSTR. LTDA;20040;OUTROS DISCOS 
10219;DISCO DE LIXA Nº 050 NORTON;10057975;11;NORTON;21;SAINT- GOBAIN DO BRASIL PROD. IND. E CONSTR. LTDA;20040;OUTROS DISCOS 
10220;DISCO DE LIXA Nº 060 NORTON;10057976;11;NORTON;21;SAINT- GOBAIN DO BRASIL PROD. IND. E CONSTR. LTDA;1038;.............................................
10042;DISCO DE LIXA Nº 24 115MMX22.3MM 3M;HC000618435;4;3M;36;3M DO BRASIL LTDA;20040;OUTROS DISCOS 
10043;DISCO DE LIXA Nº 36 115MMX22.3MM 3M;HC000618468;4;3M;36;3M DO BRASIL LTDA;20040;OUTROS DISCOS 
21071;DISCO DE LIXA Nº 50 115MMX22,3MM 3M;HC000618492;4;3M;36;3M DO BRASIL LTDA;999999;GRUPO CONVERSAO
10044;DISCO DE LIXA Nº 80 115MMX22.3MM 3M;HC000618559;4;3M;36;3M DO BRASIL LTDA;20040;OUTROS DISCOS 
10036;DISCO DE LIXA OURO 040 216U 3M;HB004143259;4;3M;36;3M DO BRASIL LTDA;20007;DISCOS / LIXAS / ABRASIVOS 
10033;DISCO DE LIXA OURO 080 216U 3M;HC000619557;4;3M;36;3M DO BRASIL LTDA;20007;DISCOS / LIXAS / ABRASIVOS 
10034;DISCO DE LIXA OURO 120 216U 3M;HC000619573;4;3M;36;3M DO BRASIL LTDA;20007;DISCOS / LIXAS / ABRASIVOS 
10037;DISCO DE LIXA OURO 220 216U 3M;HC000619607;4;3M;36;3M DO BRASIL LTDA;20007;DISCOS / LIXAS / ABRASIVOS 
10038;DISCO DE LIXA OURO 320 216U 3M;HC000619631;4;3M;36;3M DO BRASIL LTDA;20007;DISCOS / LIXAS / ABRASIVOS 
10039;DISCO DE LIXA OURO 400 216U 3M;HC000619649;4;3M;36;3M DO BRASIL LTDA;20007;DISCOS / LIXAS / ABRASIVOS 
83825;DISCO DE LIXA SECO A396 DP P0040 152X1X6 NORTON;78072774158;11;NORTON;21;SAINT- GOBAIN DO BRASIL PROD. IND. E CONSTR. LTDA;20007;DISCOS / LIXAS / ABRASIVOS 
20220;DISCO DE LIXA SPEED LOK TR F944 Nº 036 NORTON;5539504094;11;NORTON;21;SAINT- GOBAIN DO BRASIL PROD. IND. E CONSTR. LTDA;1038;.............................................
87204;DISCO ESPUMA P1000 152MM 33541 3M;HB004842322;4;3M;36;3M DO BRASIL LTDA;20007;DISCOS / LIXAS / ABRASIVOS 
87203;DISCO ESPUMA P1200 152MM 33542 3M;HB004842314;4;3M;36;3M DO BRASIL LTDA;20007;DISCOS / LIXAS / ABRASIVOS 
87202;DISCO ESPUMA P1500 152MM 33543 3M;HB004842306;4;3M;36;3M DO BRASIL LTDA;20007;DISCOS / LIXAS / ABRASIVOS 
87201;DISCO ESPUMA P2000 152MM 33544 3M;HB004842298;4;3M;36;3M DO BRASIL LTDA;20007;DISCOS / LIXAS / ABRASIVOS 
87207;DISCO ESPUMA P400 152MM 33538 3M;HB004843148;4;3M;36;3M DO BRASIL LTDA;20007;DISCOS / LIXAS / ABRASIVOS 
87206;DISCO ESPUMA P600 152MM 33539 3M;HB004843130;4;3M;36;3M DO BRASIL LTDA;20007;DISCOS / LIXAS / ABRASIVOS 
87205;DISCO ESPUMA P800 152MM 33540 3M;HB004842330;4;3M;36;3M DO BRASIL LTDA;20007;DISCOS / LIXAS / ABRASIVOS 
23396;DISCO FLAP FIBRA CLASSIC R801 P040 115X22,23MM NORTON;69957316291;11;NORTON;21;SAINT- GOBAIN DO BRASIL PROD. IND. E CONSTR. LTDA;20040;OUTROS DISCOS 
23406;DISCO FLAP FIBRA ORIGINAL R822 P040 115X22,23MM NORTON;69957320322;11;NORTON;21;SAINT- GOBAIN DO BRASIL PROD. IND. E CONSTR. LTDA;20040;OUTROS DISCOS 
85197;DISCO FLAP PLASTICO EVOLUTION R822 P060 115X22MM NORTON;66623313731;11;NORTON;21;SAINT- GOBAIN DO BRASIL PROD. IND. E CONSTR. LTDA;20040;OUTROS DISCOS 
10236;DISCO HOOKIT 080 NORTON;77696099481;11;NORTON;21;SAINT- GOBAIN DO BRASIL PROD. IND. E CONSTR. LTDA;20007;DISCOS / LIXAS / ABRASIVOS 
10224;DISCO HOOKIT 120 NORTON;77696099919;11;NORTON;21;SAINT- GOBAIN DO BRASIL PROD. IND. E CONSTR. LTDA;20007;DISCOS / LIXAS / ABRASIVOS 
10226;DISCO HOOKIT 150 NORTON;77696099921;11;NORTON;21;SAINT- GOBAIN DO BRASIL PROD. IND. E CONSTR. LTDA;20007;DISCOS / LIXAS / ABRASIVOS 
10228;DISCO HOOKIT 180 NORTON;78072702795;11;NORTON;21;SAINT- GOBAIN DO BRASIL PROD. IND. E CONSTR. LTDA;20007;DISCOS / LIXAS / ABRASIVOS 
10230;DISCO HOOKIT 220 NORTON;77696099156;11;NORTON;21;SAINT- GOBAIN DO BRASIL PROD. IND. E CONSTR. LTDA;20007;DISCOS / LIXAS / ABRASIVOS 
10232;DISCO HOOKIT 320 NORTON;77696099157;11;NORTON;21;SAINT- GOBAIN DO BRASIL PROD. IND. E CONSTR. LTDA;20007;DISCOS / LIXAS / ABRASIVOS 
10234;DISCO HOOKIT 400 NORTON;77696099159;11;NORTON;21;SAINT- GOBAIN DO BRASIL PROD. IND. E CONSTR. LTDA;20007;DISCOS / LIXAS / ABRASIVOS 
85406;DISCO HOOKIT 500 NORTON;78072716746;11;NORTON;21;SAINT- GOBAIN DO BRASIL PROD. IND. E CONSTR. LTDA;20007;DISCOS / LIXAS / ABRASIVOS 
10237;DISCO HOOKIT 600 NORTON;78072701228;11;NORTON;21;SAINT- GOBAIN DO BRASIL PROD. IND. E CONSTR. LTDA;20007;DISCOS / LIXAS / ABRASIVOS 
10223;DISCO HOOKIT 800 NORTON;77696099924;11;NORTON;21;SAINT- GOBAIN DO BRASIL PROD. IND. E CONSTR. LTDA;20007;DISCOS / LIXAS / ABRASIVOS 
21990;DISCO HOOKIT ABRASIVO FLEXIVEL P800 152MM 3M;HC000651634;4;3M;36;3M DO BRASIL LTDA;20007;DISCOS / LIXAS / ABRASIVOS 
10231;DISCO HOOKIT MULTIAIR Nº 320 DPM NORTON;69957349657;11;NORTON;21;SAINT- GOBAIN DO BRASIL PROD. IND. E CONSTR. LTDA;20007;DISCOS / LIXAS / ABRASIVOS 
32;DISCO HOOKIT MULTIAIR Nº 320 DPS NORTON;63642560574;11;NORTON;21;SAINT- GOBAIN DO BRASIL PROD. IND. E CONSTR. LTDA;20007;DISCOS / LIXAS / ABRASIVOS 
85294;DISCO HOOKIT MULTIAIR SOFT TOUCH A975 Nº 1000 NORTON;5539553795;11;NORTON;21;SAINT- GOBAIN DO BRASIL PROD. IND. E CONSTR. LTDA;20007;DISCOS / LIXAS / ABRASIVOS 
85259;DISCO HOOKIT MULTIAIR SOFT TOUCH A975 Nº 320 NORTON;5539553789;11;NORTON;21;SAINT- GOBAIN DO BRASIL PROD. IND. E CONSTR. LTDA;20007;DISCOS / LIXAS / ABRASIVOS 
85559;DISCO HOOKIT MULTIAIR SOFT TOUCH A975 Nº 400 NORTON;5539553792;11;NORTON;21;SAINT- GOBAIN DO BRASIL PROD. IND. E CONSTR. LTDA;20040;OUTROS DISCOS 
85383;DISCO HOOKIT MULTIAIR SOFT TOUCH A975 Nº 500 NORTON;5539553793;11;NORTON;21;SAINT- GOBAIN DO BRASIL PROD. IND. E CONSTR. LTDA;20007;DISCOS / LIXAS / ABRASIVOS 
33;DISCO HOOKIT MULTIAIR SOFT TOUCH A975 Nº 800 NORTON;63642560577;11;NORTON;21;SAINT- GOBAIN DO BRASIL PROD. IND. E CONSTR. LTDA;20007;DISCOS / LIXAS / ABRASIVOS 
85109;DISCO HOOKIT MULTIAIR SOFT TOUCH A975 Nº 800 NORTON;5539553794;11;NORTON;21;SAINT- GOBAIN DO BRASIL PROD. IND. E CONSTR. LTDA;20007;DISCOS / LIXAS / ABRASIVOS 
20119;DISCO INTERFACE CLEAN SAND 25 FUROS 3M;HB004832877;4;3M;36;3M DO BRASIL LTDA;20028;APLICADORES / ADAPTADORES / ENGATES / SUPORTES
23269;DISCO METALITE F247 120 DS 180X22 NORTON;5539503021;11;NORTON;21;SAINT- GOBAIN DO BRASIL PROD. IND. E CONSTR. LTDA;20040;OUTROS DISCOS 
20189;DISCO REMOVEDOR DE ADESIVO 95MM NORTON;78072712242;11;NORTON;21;SAINT- GOBAIN DO BRASIL PROD. IND. E CONSTR. LTDA;20056;COLA INST./ ADESIVOS COLANTES
22043;DISCO RESTAURADOR VR ABRASIVO 510MM;11051;999999;.;579;SUPERPRO;20040;OUTROS DISCOS 
22055;DISCO ROLOC CUBII 36+ 3M;HB004378566;4;3M;36;3M DO BRASIL LTDA;20041;DISCO ROLOC 
22057;DISCO ROLOC CUBII 60+ 3M;HB004378574;4;3M;36;3M DO BRASIL LTDA;20041;DISCO ROLOC 
22056;DISCO ROLOC CUBII 80+ 3M;HB004378558;4;3M;36;3M DO BRASIL LTDA;20041;DISCO ROLOC 
24170;DISCO STRIP PRETO 115X22.23MM NORTON;69957314437;11;NORTON;21;SAINT- GOBAIN DO BRASIL PROD. IND. E CONSTR. LTDA;20040;OUTROS DISCOS 
274;DISCO SURFACE STRIP PRETO 152X6MM NORTON;5539544130;11;NORTON;21;SAINT- GOBAIN DO BRASIL PROD. IND. E CONSTR. LTDA;20040;OUTROS DISCOS 
23651;DISCO TRIZACT P/ POLIMENTO DE VIDRO AZUL 3M;HC000618997;4;3M;36;3M DO BRASIL LTDA;20019;DISCO TRIZACT
23655;DISCO TRIZACT P/ POLIMENTO DE VIDRO BRANCO 3M;HC000619029;4;3M;36;3M DO BRASIL LTDA;20019;DISCO TRIZACT
23666;DISCO TRIZACT P/ POLIMENTO DE VIDRO LARANJA 3M;HC000619003;4;3M;36;3M DO BRASIL LTDA;20019;DISCO TRIZACT
23652;DISCO TRIZACT P/ POLIMENTO DE VIDRO VERMELHO 3M;HC000619011;4;3M;36;3M DO BRASIL LTDA;20019;DISCO TRIZACT
21350;DISCO TRIZACT P1000 152MM 3M;HB004135362;4;3M;36;3M DO BRASIL LTDA;20019;DISCO TRIZACT
20983;DISCO TRIZACT P1500 152MM 3M;HB004135388;4;3M;36;3M DO BRASIL LTDA;20019;DISCO TRIZACT
20135;DISCO TRIZACT P3000 152MM 3M;HC000657292;4;3M;36;3M DO BRASIL LTDA;20019;DISCO TRIZACT
21351;DISCO TRIZACT P5000 152MM 3M;HC000657276;4;3M;36;3M DO BRASIL LTDA;20019;DISCO TRIZACT
24257;DISCO TRIZACT P8000 152MM 3M;HB004674295;4;3M;36;3M DO BRASIL LTDA;20019;DISCO TRIZACT
23635;DISPENSADOR DE PAPEL AI-15;2077;999999;.;11000389;CARVIC COM VER DE PROD E EQ P/ REP AUTO LTDA;20028;APLICADORES / ADAPTADORES / ENGATES / SUPORTES
23764;DISPENSER DE COPOS;28045;800128;CACLEAN;112;COM.ALVORADA LIMPEZA E DESCARTAVEIS;20028;APLICADORES / ADAPTADORES / ENGATES / SUPORTES
84391;DISPENSER PAPEL HIGIENICO;5358;51;START;112;COM.ALVORADA LIMPEZA E DESCARTAVEIS;999999;GRUPO CONVERSAO
87188;DX EXTREME DESENGRAXANTE ALCALINO SOLUPAN 1L AUTOLIMPE;PA213;800136;AUTOLIMPE;565;AUTOLIMPE INDUSTRIA E COMERCIO DE SANEANTES EIRELI;20052;DESENGRAXANTE
24187;DX EXTREME DESENGRAXANTE ALCALINO SOLUPAN 5L AUTOLIMPE;PA108;800136;AUTOLIMPE;565;AUTOLIMPE INDUSTRIA E COMERCIO DE SANEANTES EIRELI;20052;DESENGRAXANTE
85277;ECOLUX ALCATRÃO DE HULHA PRETO 3,6L BRASILUX;HD 861543502;67;BRASILUX;556;BRASILUX TINTAS TECNICAS LTDA;40002;EPOXI
84948;ECOLUX CINZA CLARO N6.5 2,7L BRASILUX;HR 870601714;67;BRASILUX;556;BRASILUX TINTAS TECNICAS LTDA;40002;EPOXI
84229;ECOLUX EPOXI 100% SOL(0V.O.C.) - BRASGLASS CRISTAL 675ML;VN 870058512;67;BRASILUX;556;BRASILUX TINTAS TECNICAS LTDA;40002;EPOXI
85393;ECOLUX EPOXI 100% SOLVENTE (0V.O.C.) BRANCO 2,7L BRASILUX;HR 870500714;67;BRASILUX;556;BRASILUX TINTAS TECNICAS LTDA;40002;EPOXI
85391;ECOPRIMER BD18 l;V0310947;999999;.;11000433;VIAPOL LTDA.;1043;...........................................
10000;ELAST-O-ACTIF SIKKENS;529808;8;SIKKENS;34;AKZO NOBEL LTDA;20050;SELADORA P/ PLASTICO
23762;ELASTICO P/ DINHEIRO 1200 UN.;1852;31;UTILER;522;DJF Comercial de Papelaria Ltda. - ME;999999;GRUPO CONVERSAO
86980;ELASTIFICANTE-O-ACTIF SIKKENS;529808;8;SIKKENS;11000405;DAUTO COMERCIO DE PRODUTOS EQUIPAMENTOS E SERVICOS AUTOMOTIV;20050;SELADORA P/ PLASTICO
87197;ELEVADOR AUTOMOTIVO ELETRO-HIDRAULICO C/ BASE 2,6 TON. MODELO REHI026-;9197;800087;RIBEIRO;11000450;A. RIBEIRO EQUIPAMENTOS LTDA;20028;APLICADORES / ADAPTADORES / ENGATES / SUPORTES
10004;EMBALAGEM 1LT SIKKENS;2004458;8;SIKKENS;34;AKZO NOBEL LTDA;20029;EMBALAGEM
24089;EMBALAGEM 3,600ML SKY;9,0098E+11;57;SKY;521;SKYLACK TINTAS E VERNIZES LTDA;20029;EMBALAGEM
22653;EMBALAGEM 3,6L AUTOCOAT BT WANDA;2004319;1;WANDA;34;AKZO NOBEL LTDA;20029;EMBALAGEM
85238;EMBALAGEM 3,6L MAZA;27544;999999;.;11000423;MAZA PRODUTOS QUIMICOS LTDA;20029;EMBALAGEM
85388;EMBALAGEM 900ML MAZA;24658;999999;.;11000423;MAZA PRODUTOS QUIMICOS LTDA;20029;EMBALAGEM
24088;EMBALAGEM 900ML SKY;9,0098E+11;57;SKY;521;SKYLACK TINTAS E VERNIZES LTDA;20029;EMBALAGEM
9913;EMBALAGEM 900ML WANDA;2004455;1;WANDA;34;AKZO NOBEL LTDA;20029;EMBALAGEM
22654;EMBALAGEM AUTOCOAT BT 0,9L;2004320;66;TECH FLEET;34;AKZO NOBEL LTDA;20029;EMBALAGEM
21785;EMBALAGEM SPRAY COLOR MIXING TUBO 300ML;56.96.50000-274;3;SHERWIN WILLIAMS;11000389;CARVIC COM VER DE PROD E EQ P/ REP AUTO LTDA;20029;EMBALAGEM
84766;EMBORRACHADA AREIA 3,6L BRASILUX;EB 620700102;67;BRASILUX;556;BRASILUX TINTAS TECNICAS LTDA;30007;TINTA EMBORRACHADA
84969;EMBORRACHADA AREIA LATA 18L BRASILUX;EB 620700103;67;BRASILUX;556;BRASILUX TINTAS TECNICAS LTDA;30007;TINTA EMBORRACHADA
84621;EMBORRACHADA BASE A 16,2L BRASILUX;BA 620521733;67;BRASILUX;556;BRASILUX TINTAS TECNICAS LTDA;30007;TINTA EMBORRACHADA
84997;EMBORRACHADA BASE A 3,24L BRASILUX;BA 620521732;67;BRASILUX;556;BRASILUX TINTAS TECNICAS LTDA;30007;TINTA EMBORRACHADA
84622;EMBORRACHADA BASE B 16,2L LATA BRASILUX;BA 620521833;67;BRASILUX;556;BRASILUX TINTAS TECNICAS LTDA;30007;TINTA EMBORRACHADA
84998;EMBORRACHADA BASE B 3,24L BRASILUX;BA 620521832;67;BRASILUX;556;BRASILUX TINTAS TECNICAS LTDA;30007;TINTA EMBORRACHADA
85000;EMBORRACHADA BASE C 16,2L BRASILUX;BA 620521933;67;BRASILUX;556;BRASILUX TINTAS TECNICAS LTDA;30007;TINTA EMBORRACHADA
84999;EMBORRACHADA BASE C 3,24L BRASILUX;BA 620521932;67;BRASILUX;556;BRASILUX TINTAS TECNICAS LTDA;30007;TINTA EMBORRACHADA
84366;EMBORRACHADA BRANCO GELO 3,6L BRASILUX;EB 620501702;67;BRASILUX;556;BRASILUX TINTAS TECNICAS LTDA;30007;TINTA EMBORRACHADA
84964;EMBORRACHADA BRANCO GELO LATA 18L BRASILUX;EB 620501703;67;BRASILUX;556;BRASILUX TINTAS TECNICAS LTDA;30007;TINTA EMBORRACHADA
84297;EMBORRACHADA BRANCO NEVE 3,6L BRASILUX;EB 620503002;67;BRASILUX;556;BRASILUX TINTAS TECNICAS LTDA;30007;TINTA EMBORRACHADA
84773;EMBORRACHADA BRANCO NEVE LATA 18L BRASILUX;EB 620503003;67;BRASILUX;556;BRASILUX TINTAS TECNICAS LTDA;30007;TINTA EMBORRACHADA
84977;EMBORRACHADA CAMURCA 3,6L BRASILUX;EB 622400102;67;BRASILUX;556;BRASILUX TINTAS TECNICAS LTDA;30007;TINTA EMBORRACHADA
84978;EMBORRACHADA CAMURCA LATA 18L BRASILUX;EB 622400103;67;BRASILUX;556;BRASILUX TINTAS TECNICAS LTDA;30007;TINTA EMBORRACHADA
84965;EMBORRACHADA CINZA MODERNO BRD148 3,6L BRASILUX;EB 620609102;67;BRASILUX;556;BRASILUX TINTAS TECNICAS LTDA;30007;TINTA EMBORRACHADA
84966;EMBORRACHADA CINZA MODERNO BRD148 LATA 18L BRASILUX;EB 620609103;67;BRASILUX;556;BRASILUX TINTAS TECNICAS LTDA;30007;TINTA EMBORRACHADA
84981;EMBORRACHADA CONCRETO NOVO 3,6L BRASILUX;EB 624702002;67;BRASILUX;556;BRASILUX TINTAS TECNICAS LTDA;30007;TINTA EMBORRACHADA
84982;EMBORRACHADA CONCRETO NOVO LATA 18L BRASILUX;EB 624702003;67;BRASILUX;556;BRASILUX TINTAS TECNICAS LTDA;30007;TINTA EMBORRACHADA
84765;EMBORRACHADA FUNGHI 3,6L BRASILUX;EB 621024202;67;BRASILUX;556;BRASILUX TINTAS TECNICAS LTDA;30007;TINTA EMBORRACHADA
84973;EMBORRACHADA PALHA NOVO 3,6L BRASILUX;EB 621200502;67;BRASILUX;556;BRASILUX TINTAS TECNICAS LTDA;30007;TINTA EMBORRACHADA
84763;EMBORRACHADA PRETO 3,6L BRASILUX;EB 621500102;67;BRASILUX;556;BRASILUX TINTAS TECNICAS LTDA;30007;TINTA EMBORRACHADA
84976;EMBORRACHADA PRETO LATA 18L BRASILUX;EB 621500103;67;BRASILUX;556;BRASILUX TINTAS TECNICAS LTDA;30007;TINTA EMBORRACHADA
84764;EMBORRACHADA TANGERINA NOVO BALDE 18L BRASILUX;EB 620937057;67;BRASILUX;556;BRASILUX TINTAS TECNICAS LTDA;30007;TINTA EMBORRACHADA
10317;EMBORRACHAMENTO BRANCO 900ML ANJO;000062-22;2;ANJO;382;ANJO QUIMICA DO BRASIL LTDA;20038;BATIDA DE PEDRA
85240;EMBORRACHAMENTO BRANCO LATA 18L BRASILUX;EB 080500803;67;BRASILUX;556;BRASILUX TINTAS TECNICAS LTDA;20038;BATIDA DE PEDRA
10318;EMBORRACHAMENTO PRETO 900ML ANJO;000072-22;2;ANJO;382;ANJO QUIMICA DO BRASIL LTDA;20038;BATIDA DE PEDRA
86948;"EMENDA TEE P/ MANGUEIRA 5/16"" SCHWEERS";TEE 5/16;50;SCHWEERS;492;SCHWEERS METALURGICA EIRELI;20028;APLICADORES / ADAPTADORES / ENGATES / SUPORTES
86856;ENCERADEIRA INDUSTRIAL CI 400 MOTOR 3/4HP CLEANER;;800086;CLEANER;11000449;CLEANER INDUSTRIA QUIMICA LTDA;20028;APLICADORES / ADAPTADORES / ENGATES / SUPORTES
20433;ENDURECEDOR 065 P/ VERNIZ 8937 450ML LAZZURIL;15.66.00065-175;3;SHERWIN WILLIAMS;35;SHERWIN - WILLIAMS DO BRASIL IND. E COM. LTDA;20034;VERNIZ AUTOMOTIVO
20461;ENDURECEDOR 065 P/ VERNIZ 8937 834ML LAZZURIL;15.66.00065-497;3;SHERWIN WILLIAMS;35;SHERWIN - WILLIAMS DO BRASIL IND. E COM. LTDA;20034;VERNIZ AUTOMOTIVO
9784;ENDURECEDOR 3093 100ML WANDA;482017;1;WANDA;34;AKZO NOBEL LTDA;20015;CATALISADORES INDIVIDUAS
9786;ENDURECEDOR 3093 150ML WANDA;482014;1;WANDA;34;AKZO NOBEL LTDA;20015;CATALISADORES INDIVIDUAS
83835;ENDURECEDOR 3093 180ML WANDA;529568;1;WANDA;534;AKZO NOBEL LTDA;20015;CATALISADORES INDIVIDUAS
9788;ENDURECEDOR 3093 1LT WANDA;391714;1;WANDA;34;AKZO NOBEL LTDA;20015;CATALISADORES INDIVIDUAS
21075;ENDURECEDOR 3093 450ML WANDA;529578;1;WANDA;34;AKZO NOBEL LTDA;20015;CATALISADORES INDIVIDUAS
9748;ENDURECEDOR 5532 WEG;15429416;999999;.;99999999;FORNECEDOR CONVERSAO;20015;CATALISADORES INDIVIDUAS
21627;ENDURECEDOR ACELERADO P/ VERNIZ 8937 450ML LAZZURIL;15.66.89120-175;3;SHERWIN WILLIAMS;35;SHERWIN - WILLIAMS DO BRASIL IND. E COM. LTDA;20034;VERNIZ AUTOMOTIVO
23365;ENDURECEDOR ACELERADO P/ VERNIZ 8937 834ML LAZZURIL;15.66.89120-497;3;SHERWIN WILLIAMS;35;SHERWIN - WILLIAMS DO BRASIL IND. E COM. LTDA;20015;CATALISADORES INDIVIDUAS
96;ENDURECEDOR ALTO SOLIDO 150 0,625ML SKY;2,30002E+11;57;SKY;521;SKYLACK TINTAS E VERNIZES LTDA;20034;VERNIZ AUTOMOTIVO
24090;ENDURECEDOR ALTO SOLIDO 150 225ML SKY;2,30002E+11;57;SKY;521;SKYLACK TINTAS E VERNIZES LTDA;20034;VERNIZ AUTOMOTIVO
20145;ENDURECEDOR H81 P/ PRIMER P81 100ML LAZZURIL;05.66.00H81-262;3;SHERWIN WILLIAMS;35;SHERWIN - WILLIAMS DO BRASIL IND. E COM. LTDA;20035;PRIMER AUTOMOTIVO
24248;ENDURECEDOR KP350 5:1 150ML LAZZURIL;05.66.H0035-261;3;SHERWIN WILLIAMS;35;SHERWIN - WILLIAMS DO BRASIL IND. E COM. LTDA;20035;PRIMER AUTOMOTIVO
21226;ENDURECEDOR NORMAL VERNIZ CC900/910 0,834ML LAZZURIL;04.66.0UH40.497;3;SHERWIN WILLIAMS;35;SHERWIN - WILLIAMS DO BRASIL IND. E COM. LTDA;20034;VERNIZ AUTOMOTIVO
24198;ENDURECEDOR P/ ESMALTE PU 225ML SKY;6,30003E+11;57;SKY;521;SKYLACK TINTAS E VERNIZES LTDA;20015;CATALISADORES INDIVIDUAS
111;ENDURECEDOR P/ ESMALTE PU 450ML SKY;6,30003E+11;57;SKY;521;SKYLACK TINTAS E VERNIZES LTDA;20015;CATALISADORES INDIVIDUAS
110;ENDURECEDOR P/ ESMALTE PU 900ML SKY;6,30004E+11;57;SKY;521;SKYLACK TINTAS E VERNIZES LTDA;20015;CATALISADORES INDIVIDUAS
85239;ENDURECEDOR P/ MIX MAZAPOXI M298 720ML;8130;800053;MAZA;11000423;MAZA PRODUTOS QUIMICOS LTDA;40002;EPOXI
85505;ENDURECEDOR P/ PRIMER 9500 PU HS SKY;6,30009E+11;57;SKY;521;SKYLACK TINTAS E VERNIZES LTDA;20034;VERNIZ AUTOMOTIVO
85458;ENDURECEDOR P/ SKYMIX PU SKY;6,30004E+11;57;SKY;521;SKYLACK TINTAS E VERNIZES LTDA;20015;CATALISADORES INDIVIDUAS
85234;ENDURECEDOR P/ SKYPRIMER PU 7:1 0,510ML SKY;630END710175;57;SKY;521;SKYLACK TINTAS E VERNIZES LTDA;20035;PRIMER AUTOMOTIVO
24091;ENDURECEDOR P/ VERNIZ 12.000 225ML SKY;2,30001E+11;57;SKY;521;SKYLACK TINTAS E VERNIZES LTDA;20034;VERNIZ AUTOMOTIVO
24416;ENDURECEDOR P/ VERNIZ SKYFAST HS 5:1 0,180ML SKY;230RR0200142;57;SKY;521;SKYLACK TINTAS E VERNIZES LTDA;20034;VERNIZ AUTOMOTIVO
21987;ENDURECEDOR PARA SPECTRAPRIME P30 225ML LAZZURIL;04.66.00H38-133;3;SHERWIN WILLIAMS;35;SHERWIN - WILLIAMS DO BRASIL IND. E COM. LTDA;20035;PRIMER AUTOMOTIVO
21988;ENDURECEDOR PARA SPECTRAPRIME P30 900ML LAZZURIL;04.66.00H38-177;3;SHERWIN WILLIAMS;35;SHERWIN - WILLIAMS DO BRASIL IND. E COM. LTDA;20035;PRIMER AUTOMOTIVO
21037;ENDURECEDOR PU 225ML LAZZUDUR;55.66.00061-133;3;SHERWIN WILLIAMS;35;SHERWIN - WILLIAMS DO BRASIL IND. E COM. LTDA;20015;CATALISADORES INDIVIDUAS
87268;ENDURECEDOR QUIMICO DE SUPERFICIE CURATON DUR BALDE 18L;1291;100004;MAXTON;11000483;PADILHA IMPERMEABILIZANTES LTDA;30002;IMPERMEABILIZANTES
21135;"ENGATE RAPIDO C/ ROSCA FEMEA 1/4"" ER767F1/4 SCHWEERS";ER 767 F 1/4;50;SCHWEERS;492;SCHWEERS METALURGICA EIRELI;20028;APLICADORES / ADAPTADORES / ENGATES / SUPORTES
84453;"ENGATE RAPIDO C/ ROSCA MACHO 1/4"" ER767M1/4 SCHWEERS";ER767M1/4;50;SCHWEERS;492;SCHWEERS METALURGICA EIRELI;20028;APLICADORES / ADAPTADORES / ENGATES / SUPORTES
23561;ENVELOPE PARDO 240X340MM;52041;31;UTILER;522;DJF Comercial de Papelaria Ltda. - ME;999999;GRUPO CONVERSAO
23633;ENVELOPE SACO KRAFT 162X229;52069;31;UTILER;522;DJF Comercial de Papelaria Ltda. - ME;999999;GRUPO CONVERSAO
84951;EPOXI POLIAMIDA AZUL SEGURANÇA 2.5PB4/10 2,88L BRASILUX;BT 330309023;67;BRASILUX;556;BRASILUX TINTAS TECNICAS LTDA;40002;EPOXI
84930;EPOXI POLIAMIDA COMP A  -  BRANCO BRILHANTE 2,88L;BT 030500723;67;BRASILUX;556;BRASILUX TINTAS TECNICAS LTDA;40002;EPOXI
85185;EPOXI POLIAMIDA COMP A  ALCATRAO DE HULHA 2,88LT BRASILUX;BT 031500223;67;BRASILUX;556;BRASILUX TINTAS TECNICAS LTDA;40002;EPOXI
84942;EPOXI POLIAMIDA COMP A CINZA N5 MEDIO 2,88L BRASILUX;BT 030605423;67;BRASILUX;556;BRASILUX TINTAS TECNICAS LTDA;40002;EPOXI
84735;EPOXI POLIAMIDA PLUS AMARELO PETROBRAS 2,5 Y 8/12 2,88L BRASILUX;BT 330227223;67;BRASILUX;556;BRASILUX TINTAS TECNICAS LTDA;40002;EPOXI
84502;EPOXI POLIAMIDA PLUS BRANCO N9,5 PURO 2,88L BRASILUX;BT 330504723;67;BRASILUX;556;BRASILUX TINTAS TECNICAS LTDA;40002;EPOXI
84683;EPOXI POLIAMIDA PLUS CINZA N3.5 ESCURO 2,88L BRASILUX;BT 330601423;67;BRASILUX;556;BRASILUX TINTAS TECNICAS LTDA;40002;EPOXI
84005;EPOXI POLIAMIDA PLUS PRETO 2,88L BRASILUX;BT 331500123;67;BRASILUX;556;BRASILUX TINTAS TECNICAS LTDA;40002;EPOXI
84843;EPOXI POLIAMIDA PLUS VERDE 2.5G4/8 PETROBRAS 2,88L BRASILUX;BT 332200623;67;BRASILUX;556;BRASILUX TINTAS TECNICAS LTDA;40002;EPOXI
84505;EPOXI POLIAMIDA-AMARELO 5Y8/12 SEG 2,88L BRASILUX;BT 330205123 ;67;BRASILUX;556;BRASILUX TINTAS TECNICAS LTDA;40002;EPOXI
84697;EPOXI POLIAMIDA-CINZA MEDIO 2,88L BRASILUX;BT 330604823;67;BRASILUX;556;BRASILUX TINTAS TECNICAS LTDA;40002;EPOXI
84503;EPOXI POLIAMIDA-CINZA N6,5 CLARO 2,88L BRASILUX;BT 330601723;67;BRASILUX;556;BRASILUX TINTAS TECNICAS LTDA;40002;EPOXI
84506;EPOXI POLIAMIDA-PRIMER CINZA ADESAO 3,6L BRASILUX;HB 330688002;67;BRASILUX;556;BRASILUX TINTAS TECNICAS LTDA;40002;EPOXI
84504;EPOXI POLIAMIDA-VERDE 10GY6/6 SEG 2,88L BRASILUX;BT 332204023;67;BRASILUX;556;BRASILUX TINTAS TECNICAS LTDA;40002;EPOXI
85022;EQUIPAMENTO PARA CONSERTO;;999999;.;99999999;FORNECEDOR CONVERSAO;999999;GRUPO CONVERSAO
123;ES PRETO CADILLAC 0,900ML SKY-21,94-ST;4,10009E+11;57;SKY;521;SKYLACK TINTAS E VERNIZES LTDA;20002;TINTAS POLIÉSTER
112;ES PRETO CADILLAC 3,600ML SKY-21,94-ST;4,10009E+11;57;SKY;521;SKYLACK TINTAS E VERNIZES LTDA;20002;TINTAS POLIÉSTER
86925;ESCADA BANQUETA DE ALUMINIO C/ 3 DEGRAUS BOTAFOGO;ESC0071;800102;BOTAFOGO;11000460;OURENSE DO BRASIL INDUSTRIA DE ARTEFATOS DE METAL LTDA - EM;30041;ESCADAS
86926;ESCADA DE ALUMINIO C/ 3 DEGRAUS BOTAFOGO;ESC0062;800102;BOTAFOGO;11000460;OURENSE DO BRASIL INDUSTRIA DE ARTEFATOS DE METAL LTDA - EM;30041;ESCADAS
86927;ESCADA DE ALUMINIO C/ 4 DEGRAUS BOTAFOGO;ESC0063;800102;BOTAFOGO;11000460;OURENSE DO BRASIL INDUSTRIA DE ARTEFATOS DE METAL LTDA - EM;30041;ESCADAS
86928;ESCADA DE ALUMINIO C/ 5 DEGRAUS BOTAFOGO;ESC0064;800102;BOTAFOGO;11000460;OURENSE DO BRASIL INDUSTRIA DE ARTEFATOS DE METAL LTDA - EM;30041;ESCADAS
86929;ESCADA DE ALUMINIO C/ 6 DEGRAUS BOTAFOGO;ESC0065;800102;BOTAFOGO;11000460;OURENSE DO BRASIL INDUSTRIA DE ARTEFATOS DE METAL LTDA - EM;30041;ESCADAS
84390;ESCADA DE ALUMINIO C/ 7 DEGRAUS BOTAFOGO;ESC0066;800102;BOTAFOGO;11000460;OURENSE DO BRASIL INDUSTRIA DE ARTEFATOS DE METAL LTDA - EM;30041;ESCADAS
86930;ESCADA DE ALUMINIO C/ 8 DEGRAUS BOTAFOGO;ESC0067;800102;BOTAFOGO;11000460;OURENSE DO BRASIL INDUSTRIA DE ARTEFATOS DE METAL LTDA - EM;30041;ESCADAS
86931;ESCADA EXTENSIVA DE ALUMINIO 7X2 DEGRAUS BOTAFOGO;ESC0616;800102;BOTAFOGO;11000460;OURENSE DO BRASIL INDUSTRIA DE ARTEFATOS DE METAL LTDA - EM;30041;ESCADAS
86932;ESCADA EXTENSIVA DE ALUMINIO 9X2 DEGRAUS BOTAFOGO;ESC0618;800102;BOTAFOGO;11000460;OURENSE DO BRASIL INDUSTRIA DE ARTEFATOS DE METAL LTDA - EM;30041;ESCADAS
10105;ESCOVA DE AÇO 3 FILEIRAS 1840/3 ATLAS;1840/3;35;ATLAS;8;PINCEIS ATLAS S.A.;30028;ROLOS / TRINCHAS / PINCÉIS / ESPÁTULAS
85062;ESCOVA DE AÇO ECONOMICA 3 FILEIRAS AT1820/3 ATLAS;AT1820/3;35;ATLAS;80000522;ATLAS S.A.;30028;ROLOS / TRINCHAS / PINCÉIS / ESPÁTULAS
83846;ESCOVA DE CARVAO DWP849 220V DEWALT;N394393;800070;DEWALT;11000402;DF ELETROTECNICA COM. MANUT. E LOC. DE EQUIP. ELET. EIRELI;20028;APLICADORES / ADAPTADORES / ENGATES / SUPORTES
24188;ESCOVA DE COCO;RE01;62;SAFIRA;539;SAFIRA COMERCIAL EIRELI-ME;20028;APLICADORES / ADAPTADORES / ENGATES / SUPORTES
83795;ESCOVA FURO RODAS MEDIA VONIXX;2011020;10;VONIXX;425;VONIXX INDUSTRIA E COMERCIO DE POLIDORES LTDA;20011;LINHA DE HIGENIZAÇÃO E ESTÉTICA  AUTOMOTIVA VONIX
84544;ESCOVA FURO RODAS PEPINO VONIXX;2011019;10;VONIXX;425;VONIXX INDUSTRIA E COMERCIO DE POLIDORES LTDA;20011;LINHA DE HIGENIZAÇÃO E ESTÉTICA  AUTOMOTIVA VONIX
24263;ESCOVA LIMPEZA DE PNEUS VONIX;2011023;10;VONIXX;425;VONIXX INDUSTRIA E COMERCIO DE POLIDORES LTDA;20011;LINHA DE HIGENIZAÇÃO E ESTÉTICA  AUTOMOTIVA VONIX
84545;ESCOVA LIMPEZA FURO DE RODAS LONGA VONIXX;2050058;10;VONIXX;425;VONIXX INDUSTRIA E COMERCIO DE POLIDORES LTDA;20011;LINHA DE HIGENIZAÇÃO E ESTÉTICA  AUTOMOTIVA VONIX
84546;ESCOVA P/ LIMPEZA C/ CERDAS MEDIA VONIXX;2050055;10;VONIXX;425;VONIXX INDUSTRIA E COMERCIO DE POLIDORES LTDA;20011;LINHA DE HIGENIZAÇÃO E ESTÉTICA  AUTOMOTIVA VONIX
24294;ESCOVA P/ LIMPEZA DE BOINAS VONIXX;2011085;10;VONIXX;425;VONIXX INDUSTRIA E COMERCIO DE POLIDORES LTDA;20010;BOINAS PARA POLIMENTO
83856;ESCOVA PARA ROUPA;13874;51;START;112;COM.ALVORADA LIMPEZA E DESCARTAVEIS;20028;APLICADORES / ADAPTADORES / ENGATES / SUPORTES
23897;ESCOVA SANITARIA C/ SUPORTE;11988;51;START;112;COM.ALVORADA LIMPEZA E DESCARTAVEIS;999999;GRUPO CONVERSAO
87360;ESFREGÃO LAVA ONIBUS S/ CABO 30CM;25102;100023;RODOBEM;112;COM.ALVORADA LIMPEZA E DESCARTAVEIS;20027;EPI´S
24288;ESM. SINT. AMARELO CATERPILLAR 80.81 BRAZILIAN;200184.24;49;BRAZILIAN;11000391;BRAZILIAN COLOR INDUSTRIA DE TINTAS E VERNIZES LTDA;40001;ESMALTES
85306;ESMALTE BASE AGUA ECOLOGICO - BASE C ESM. ECOLOGICO 3,24 LT;BA 570521932;67;BRASILUX;556;BRASILUX TINTAS TECNICAS LTDA;40001;ESMALTES
85183;ESMALTE BASE AGUA ECOLOGICO - LARANJA 2.5YR6/14 SEGURANCA 3,6LT;BT 570901402;67;BRASILUX;556;BRASILUX TINTAS TECNICAS LTDA;40001;ESMALTES
85446;ESMALTE BASE AGUA ECOLOGICO - PRETO FOSCO 3,6 LT;FO 571500102;67;BRASILUX;556;BRASILUX TINTAS TECNICAS LTDA;40001;ESMALTES
84194;ESMALTE BASE AGUA ECOLOGICO BRANCO BRILHANTE 3,6L BRASILUX;BT 570500702;67;BRASILUX;556;BRASILUX TINTAS TECNICAS LTDA;40001;ESMALTES
84197;ESMALTE BASE AGUA ECOLOGICO BRANCO BRILHANTE 900ML;BT 570500701;67;BRASILUX;556;BRASILUX TINTAS TECNICAS LTDA;40001;ESMALTES
84199;ESMALTE BASE AGUA ECOLOGICO PLATINA 900ML;BT 57.06.036-01;67;BRASILUX;556;BRASILUX TINTAS TECNICAS LTDA;40001;ESMALTES
84904;ESMALTE BASE AGUA ECOLOGICO VERMELHO 3,6L;BT 572300102;67;BRASILUX;556;BRASILUX TINTAS TECNICAS LTDA;40001;ESMALTES
85301;ESMALTE BASE AGUA ECOLOGICO-BASE A 810ML;BA 570521731;67;BRASILUX;556;BRASILUX TINTAS TECNICAS LTDA;40001;ESMALTES
85303;ESMALTE BASE AGUA ECOLOGICO-BASE B 810ML;BA 57.05.218-31;67;BRASILUX;556;BRASILUX TINTAS TECNICAS LTDA;40001;ESMALTES
85305;ESMALTE BASE AGUA ECOLOGICO-BASE C 810ML;BA 570521931;67;BRASILUX;556;BRASILUX TINTAS TECNICAS LTDA;40001;ESMALTES
84195;ESMALTE BASE AGUA ECOLOGICO-PRETO 3,6L;BT 571500102;67;BRASILUX;556;BRASILUX TINTAS TECNICAS LTDA;40001;ESMALTES
84198;ESMALTE BASE AGUA ECOLOGICO-PRETO 900ML;BT 571500101;67;BRASILUX;556;BRASILUX TINTAS TECNICAS LTDA;40001;ESMALTES
84903;ESMALTE BASE AGUA ECOLOGICO-VERMELHO 900ML;BT 572300101;67;BRASILUX;556;BRASILUX TINTAS TECNICAS LTDA;40001;ESMALTES
85302;ESMALTE ECOLOGICO-BASE A 3,24L BRASILUX;BA 570521732;67;BRASILUX;556;BRASILUX TINTAS TECNICAS LTDA;40001;ESMALTES
85304;ESMALTE ECOLOGICO-BASE B 3,24L BRASILUX;BA 570521832;67;BRASILUX;556;BRASILUX TINTAS TECNICAS LTDA;40001;ESMALTES
84196;ESMALTE ECOLOGICO-PLATINA 3,6L BRASILUX;BT 570603602;67;BRASILUX;556;BRASILUX TINTAS TECNICAS LTDA;40001;ESMALTES
87181;ESMALTE EFEITO CROMADO 450ML LAZZURIL;05.20.00692-662;3;SHERWIN WILLIAMS;35;SHERWIN - WILLIAMS DO BRASIL IND. E COM. LTDA;20021;SPRAYS 
85254;ESMALTE INDUSTRIAL AMARELO SEGURANÇA 5 Y 8/12 3,6L MAZA;16043;800053;MAZA;11000423;MAZA PRODUTOS QUIMICOS LTDA;40002;EPOXI
85298;ESMALTE INDUSTRIAL AZUL SEGURANÇA 2,5 PB 4/10 3,6L MAZA;16041;800053;MAZA;11000423;MAZA PRODUTOS QUIMICOS LTDA;40002;EPOXI
87339;ESMALTE INDUSTRIAL BRANCO BRILHANTE 3,6L MAZA;26065;800053;MAZA;11000423;MAZA PRODUTOS QUIMICOS LTDA;40002;EPOXI
85255;ESMALTE INDUSTRIAL BRANCO PURO N 9,5 3,6L MAZA;16039;800053;MAZA;11000423;MAZA PRODUTOS QUIMICOS LTDA;40002;EPOXI
87258;ESMALTE INDUSTRIAL CINZA ESCURO N3,5 3,6L MAZA;16062;800053;MAZA;11000423;MAZA PRODUTOS QUIMICOS LTDA;40002;EPOXI
85299;ESMALTE INDUSTRIAL VERMELHO MASSEY 3,6L MAZA;15536;800053;MAZA;11000423;MAZA PRODUTOS QUIMICOS LTDA;40002;EPOXI
86913;ESMALTE SINT AUTOMOTIVO CINZA MBB 7202 3,6L BRASILUX;BT 010606502;67;BRASILUX;556;BRASILUX TINTAS TECNICAS LTDA;40001;ESMALTES
84864;ESMALTE SINT AUTOMOTIVO-ALUMINIO OPAL P/RODAS 900ML BRASILUX;BT 010100301;67;BRASILUX;556;BRASILUX TINTAS TECNICAS LTDA;40001;ESMALTES
84863;ESMALTE SINT AUTOMOTIVO-BRANCO N9,5 PURO 3,6L BRASILUX;BT 010504702;67;BRASILUX;556;BRASILUX TINTAS TECNICAS LTDA;40001;ESMALTES
84953;ESMALTE SINT AUTOMOTIVO-MARROM BRONZE MET GM 81 3,6L BRASILUX;BT 011004402;67;BRASILUX;556;BRASILUX TINTAS TECNICAS LTDA;40001;ESMALTES
85178;ESMALTE SINT AUTOMOTIVO-PRETO BRILHANTE CADILACK 3,6L BRASILUX;BT 011500902;67;BRASILUX;556;BRASILUX TINTAS TECNICAS LTDA;40001;ESMALTES
85281;ESMALTE SINT AUTOMOTIVO-PRETO BRILHANTE N1 3,6L BRASILUX;BT 011500802;67;BRASILUX;556;BRASILUX TINTAS TECNICAS LTDA;40001;ESMALTES
84756;ESMALTE SINT AUTOMOTIVO-PRETO CARGO SEMI-FOSCO 3,6L BRASILUX;SF 011500702;67;BRASILUX;556;BRASILUX TINTAS TECNICAS LTDA;40001;ESMALTES
84755;ESMALTE SINT AUTOMOTIVO-PRETO CARGO SEMI-FOSCO 900ML BRASILUX;SF 011500701;67;BRASILUX;556;BRASILUX TINTAS TECNICAS LTDA;40001;ESMALTES
84934;ESMALTE SINT AUTOMOTIVO-PRETO FOSCO 3,6L BRASILUX;FO 011500102;67;BRASILUX;556;BRASILUX TINTAS TECNICAS LTDA;40001;ESMALTES
85310;ESMALTE SINT AUTOMOTIVO-VERMELHO MASSEY FERGUSSON 3,6L BRASILUX;BT 012302302;67;BRASILUX;556;BRASILUX TINTAS TECNICAS LTDA;40001;ESMALTES
87080;ESMALTE SINT EXTRA RAPIDO IMERSAO VERMELHO EXTINTOR 18L BRASILUX;IM 012307403;67;BRASILUX;556;BRASILUX TINTAS TECNICAS LTDA;40001;ESMALTES
86942;ESMALTE SINT EXTRA RAPIDO SEMI-FOSCO PRETO 3,6L BRASILUX;SF 011500102;67;BRASILUX;556;BRASILUX TINTAS TECNICAS LTDA;40001;ESMALTES
86944;ESMALTE SINT EXTRA RAPIDO SEMI-FOSCO PRETO 900ML BRASILUX;SF 011500101;67;BRASILUX;556;BRASILUX TINTAS TECNICAS LTDA;40001;ESMALTES
86941;ESMALTE SINT SECAGEM EXTRA RAPIDA ALUMINIO 3,6LT BRASILUX;BT 010100102;67;BRASILUX;556;BRASILUX TINTAS TECNICAS LTDA;40001;ESMALTES
86945;ESMALTE SINT SECAGEM EXTRA RAPIDA ALUMINIO 900ML BRASILUX;BT 010100101;67;BRASILUX;556;BRASILUX TINTAS TECNICAS LTDA;40001;ESMALTES
85702;ESMALTE SINT SECAGEM RAPIDA VERDE FOLHA 3,6LT BRASILUX;BT 402202002;67;BRASILUX;556;BRASILUX TINTAS TECNICAS LTDA;40001;ESMALTES
86920;ESMALTE SINTETICO ACETINADO BRANCO LATA 18L MAZA;7512;800053;MAZA;11000423;MAZA PRODUTOS QUIMICOS LTDA;40002;EPOXI
85290;ESMALTE SINTETICO AMARELO 3,6L MAZA;26906;800053;MAZA;11000423;MAZA PRODUTOS QUIMICOS LTDA;40002;EPOXI
87378;ESMALTE SINTETICO LARANJA IMPERRIAL 3,6 L;26903;800053;MAZA;11000423;MAZA PRODUTOS QUIMICOS LTDA;40002;EPOXI
20267;ESMALTE SINTETICO-ALUMINIO OPALESCENTE 900ML ANJO;001667-23;2;ANJO;382;ANJO QUIMICA DO BRASIL LTDA;40001;ESMALTES
83784;ESMALTE SINTETICO-ALUMINIO OPALESCENTE P/ RODAS 900ML SKY-21,94-ST;4,11009E+11;57;SKY;521;SKYLACK TINTAS E VERNIZES LTDA;40001;ESMALTES
23850;ESMALTE SINTETICO-AMARELO CATERPILLAR 81 BRILHANTE 900ML ANJO;000515-23;2;ANJO;382;ANJO QUIMICA DO BRASIL LTDA;40001;ESMALTES
23858;ESMALTE SINTETICO-AMARELO NEW HOLLAND 3,6L ANJO;000739-27;2;ANJO;382;ANJO QUIMICA DO BRASIL LTDA;40001;ESMALTES
23857;ESMALTE SINTETICO-AMARELO NEW HOLLAND 900ML ANJO;000739-23;2;ANJO;382;ANJO QUIMICA DO BRASIL LTDA;40001;ESMALTES
23912;ESMALTE SINTETICO-AMARELO VALMET 82 3,6L SKY-21,94-ST;7,10901E+11;57;SKY;521;SKYLACK TINTAS E VERNIZES LTDA;40001;ESMALTES
23856;ESMALTE SINTETICO-AZUL MBB 5497/97 3,6L ANJO;000722-27;2;ANJO;382;ANJO QUIMICA DO BRASIL LTDA;40001;ESMALTES
23855;ESMALTE SINTETICO-AZUL MBB 5497/97 900ML ANJO;000722-23;2;ANJO;382;ANJO QUIMICA DO BRASIL LTDA;40001;ESMALTES
23852;ESMALTE SINTETICO-AZUL MBB 5500 3,6L ANJO;000516-27;2;ANJO;382;ANJO QUIMICA DO BRASIL LTDA;40001;ESMALTES
23860;ESMALTE SINTETICO-AZUL TRATOR FORD 3,6L ANJO;000873-27;2;ANJO;382;ANJO QUIMICA DO BRASIL LTDA;40001;ESMALTES
23859;ESMALTE SINTETICO-AZUL TRATOR FORD 900ML ANJO;000873-23;2;ANJO;382;ANJO QUIMICA DO BRASIL LTDA;40001;ESMALTES
24236;ESMALTE SINTETICO-BRANCO PURO 3,6L SKY-21,94-ST;4,1001E+11;57;SKY;521;SKYLACK TINTAS E VERNIZES LTDA;40001;ESMALTES
21414;ESMALTE SINTETICO-BRANCO PURO 900ML ANJO-21,94-ST;000851-23;999999;.;2;ANJO QUIMICA DO BRASIL LTDA;40001;ESMALTES
24237;ESMALTE SINTETICO-BRANCO PURO 900ML SKY-21,94-ST;4,1001E+11;57;SKY;521;SKYLACK TINTAS E VERNIZES LTDA;40001;ESMALTES
85027;ESMALTE SINTETICO-CINZA MASSEY FERGUSON 900ML ANJO;000872-23;2;ANJO;382;ANJO QUIMICA DO BRASIL LTDA;40001;ESMALTES
85026;ESMALTE SINTETICO-CINZA SCANIA 94 3,6L ANJO;001658-27;2;ANJO;382;ANJO QUIMICA DO BRASIL LTDA;40001;ESMALTES
84938;ESMALTE SINTETICO-CINZA SCANIA 94 900ML ANJO;001658-23;2;ANJO;382;ANJO QUIMICA DO BRASIL LTDA;40001;ESMALTES
21236;ESMALTE SINTETICO-CINZA SUB GRAY 3,6L ANJO;000968-27;2;ANJO;382;ANJO QUIMICA DO BRASIL LTDA;40001;ESMALTES
23861;ESMALTE SINTETICO-CINZA SUB GRAY 900ML ANJO;000968-23;2;ANJO;382;ANJO QUIMICA DO BRASIL LTDA;40001;ESMALTES
23844;ESMALTE SINTETICO-CINZA TRATOR FORD 3,6L ANJO;015348-27;2;ANJO;382;ANJO QUIMICA DO BRASIL LTDA;40001;ESMALTES
23843;ESMALTE SINTETICO-CINZA TRATOR FORD 900ML ANJO;015348-23;2;ANJO;382;ANJO QUIMICA DO BRASIL LTDA;40001;ESMALTES
83812;ESMALTE SINTETICO-LARANJA JACTO 3,6L ANJO;000957-27;2;ANJO;382;ANJO QUIMICA DO BRASIL LTDA;40001;ESMALTES
83813;ESMALTE SINTETICO-LARANJA JACTO 900ML ANJO;000957-23;2;ANJO;382;ANJO QUIMICA DO BRASIL LTDA;40001;ESMALTES
85092;ESMALTE SINTETICO-LARANJA SCANIA 81 900ML SKY-21,94-ST;41000981;57;SKY;521;SKYLACK TINTAS E VERNIZES LTDA;40001;ESMALTES
23864;ESMALTE SINTETICO-MUNSELL 5Y 8/12 AMARELO SEGURANÇA 3,6L ANJO;001041-27;2;ANJO;382;ANJO QUIMICA DO BRASIL LTDA;40001;ESMALTES
20458;ESMALTE SINTETICO-PRETO CADILAC 900ML ANJO;000350-23;2;ANJO;382;ANJO QUIMICA DO BRASIL LTDA;20002;TINTAS POLIÉSTER
23841;ESMALTE SINTETICO-PRETO CHASSIS SEMI-BRILHO 3,6L ANJO;001657-27;2;ANJO;382;ANJO QUIMICA DO BRASIL LTDA;40001;ESMALTES
23840;ESMALTE SINTETICO-PRETO CHASSIS SEMI-BRILHO 900ML ANJO;001657-23;2;ANJO;382;ANJO QUIMICA DO BRASIL LTDA;40001;ESMALTES
20459;ESMALTE SINTETICO-PRETO FOSCO 900ML ANJO;001668-23;2;ANJO;382;ANJO QUIMICA DO BRASIL LTDA;20002;TINTAS POLIÉSTER
23846;ESMALTE SINTETICO-VERDE JOHN DEERE 2000 3,6L ANJO;021937-27;2;ANJO;382;ANJO QUIMICA DO BRASIL LTDA;40001;ESMALTES
23845;ESMALTE SINTETICO-VERDE JOHN DEERE 2000 900ML ANJO;021937-23;2;ANJO;382;ANJO QUIMICA DO BRASIL LTDA;40001;ESMALTES
23848;ESMALTE SINTETICO-VERDE SLC 3,6L ANJO;000349-27;2;ANJO;382;ANJO QUIMICA DO BRASIL LTDA;40001;ESMALTES
23847;ESMALTE SINTETICO-VERDE SLC 900ML ANJO;000349-23;2;ANJO;382;ANJO QUIMICA DO BRASIL LTDA;40001;ESMALTES
23839;ESMALTE SINTETICO-VERMELHO MASSEY FERGUSON 3,6L ANJO;001649-27;2;ANJO;382;ANJO QUIMICA DO BRASIL LTDA;40001;ESMALTES
23838;ESMALTE SINTETICO-VERMELHO MASSEY FERGUSON 900ML ANJO;001649-23;2;ANJO;382;ANJO QUIMICA DO BRASIL LTDA;40001;ESMALTES
23608;"ESMERILHADEIRA 4 1/2"" 5"" 115MM 950W VV 11.000 RPM 220V DEWALT";DWE4118-B2;800070;DEWALT;11000477;BLACK & DECKER DO BRASIL LTDA;20058;OUTRAS FERRAMENTAS / EQUIPAMENTOS
201;"ESMERILHADEIRA ANGULAR 4 1/2"" 115MM 750W ULTRA SLIM 220V DEWALT";DWE750-B2;800070;DEWALT;11000477;BLACK & DECKER DO BRASIL LTDA;20058;OUTRAS FERRAMENTAS / EQUIPAMENTOS
23868;ESPANADOR PENAS MD40;66;999999;.;112;COM.ALVORADA LIMPEZA E DESCARTAVEIS;1043;...........................................
83939;ESPANADOR PENAS MD50;68;29;BRILHOMAX;112;COM.ALVORADA LIMPEZA E DESCARTAVEIS;999999;GRUPO CONVERSAO
10109;"ESPATULA AÇO CROMADO 10CM 4"" 6255/16 ATLAS";6255/16;35;ATLAS;80000522;ATLAS S.A.;30028;ROLOS / TRINCHAS / PINCÉIS / ESPÁTULAS
20029;ESPATULA AÇO CROMADO 12,7CM 6255/20 ATLAS;6255/20;35;ATLAS;80000522;ATLAS S.A.;30028;ROLOS / TRINCHAS / PINCÉIS / ESPÁTULAS
84428;ESPATULA AÇO CROMADO 15CM AT6255/21 ATLAS;AT6255/21;35;ATLAS;80000522;ATLAS S.A.;30028;ROLOS / TRINCHAS / PINCÉIS / ESPÁTULAS
10106;"ESPATULA AÇO CROMADO 3,5CM 1 1/2"" 6255/6 ATLAS";6255/6;35;ATLAS;80000522;ATLAS S.A.;30028;ROLOS / TRINCHAS / PINCÉIS / ESPÁTULAS
10107;"ESPATULA AÇO CROMADO 6,4CM 2 1/2"" 6255/10 ATLAS";6255/10;35;ATLAS;80000522;ATLAS S.A.;30028;ROLOS / TRINCHAS / PINCÉIS / ESPÁTULAS
10108;"ESPATULA AÇO CROMADO 7,6CM 3"" 6255/12 ATLAS";6255/12;35;ATLAS;80000522;ATLAS S.A.;30028;ROLOS / TRINCHAS / PINCÉIS / ESPÁTULAS
85719;"ESPATULA INOX P/ BALDE BORDA ARREDONDADA 6"" AT6655/6 ATLAS";AT6655/6;35;ATLAS;8;PINCEIS ATLAS S.A.;30028;ROLOS / TRINCHAS / PINCÉIS / ESPÁTULAS
20245;ESPATULA PLASTICA CELULOIDE 13,1CM 152/2 ATLAS;152/2;35;ATLAS;80000522;ATLAS S.A.;20028;APLICADORES / ADAPTADORES / ENGATES / SUPORTES
67;ESPECTROFOTOMETRO AUTOMATCHIC VISION AKZO;2002956;999999;.;34;AKZO NOBEL LTDA;20028;APLICADORES / ADAPTADORES / ENGATES / SUPORTES
23918;ESPIGAO MACHO E FEMEA CARVIC;4005;999999;.;11000389;CARVIC COM VER DE PROD E EQ P/ REP AUTO LTDA;20028;APLICADORES / ADAPTADORES / ENGATES / SUPORTES
22;ESPONJA ABRASIVA MEDIA (120/180) 3M;H0001657842;4;3M;36;3M DO BRASIL LTDA;1025;.....................................
23514;ESPONJA DUPLA FACE AZULIM-8,64-ST;13884;29;BRILHOMAX;112;COM.ALVORADA LIMPEZA E DESCARTAVEIS;999999;GRUPO CONVERSAO
85202;ESPONJA MIC REMOVE INSETOS VONIXX;2005019;10;VONIXX;425;VONIXX INDUSTRIA E COMERCIO DE POLIDORES LTDA;20011;LINHA DE HIGENIZAÇÃO E ESTÉTICA  AUTOMOTIVA VONIX
10171;ESPONJA MULTIUSO S/ PELICULA-25,22-ST;SP9471SP;999999;.;579;SUPERPRO;20028;APLICADORES / ADAPTADORES / ENGATES / SUPORTES
10264;ESPUMA ABRASIVA N.02 P320/P400 NORTON;66623398770;11;NORTON;21;SAINT- GOBAIN DO BRASIL PROD. IND. E CONSTR. LTDA;20007;DISCOS / LIXAS / ABRASIVOS 
10265;ESPUMA ABRASIVA N.03 P500/P600 NORTON;66623398767;11;NORTON;21;SAINT- GOBAIN DO BRASIL PROD. IND. E CONSTR. LTDA;20007;DISCOS / LIXAS / ABRASIVOS 
10266;ESPUMA ABRASIVA N.04 P800/P1000 NORTON;66623398768;11;NORTON;21;SAINT- GOBAIN DO BRASIL PROD. IND. E CONSTR. LTDA;20007;DISCOS / LIXAS / ABRASIVOS 
10267;ESPUMA ABRASIVA N.05 P1200/1500 NORTON;66623398769;11;NORTON;21;SAINT- GOBAIN DO BRASIL PROD. IND. E CONSTR. LTDA;20007;DISCOS / LIXAS / ABRASIVOS 
20814;ESPUMA APLICADORA AMARELA BUFF PACOTE C/ 02 UNID. AUTO AMERICA;504545030;17;AUTO AMERICA;30;AUTOAMERICA IMP.EXP. DE PROD. AUTO. LTDA;20028;APLICADORES / ADAPTADORES / ENGATES / SUPORTES
23565;ESPUMA APLICADORA RAZUX PACOTE C/ 02 UNID. VONIXX;2050501;10;VONIXX;425;VONIXX INDUSTRIA E COMERCIO DE POLIDORES LTDA;20011;LINHA DE HIGENIZAÇÃO E ESTÉTICA  AUTOMOTIVA VONIX
83862;ESPUMA D-28 5CM PRETA;1828;999999;.;11000403;COELHO & LIMEIRA LTDA;20028;APLICADORES / ADAPTADORES / ENGATES / SUPORTES
85670;ESPUMA EXPANSIVA DE PU USO GERAL LATA 500ML/320G UNIPEGA;AES0534.0146;800067;UNIPEGA;11000443;A&S TECHNOLOGIES INDUSTRIA E COMERCIO LTDA;30033;ESPUMA EXPANSIVA
21716;ESPUMA LAMINADA D23 5CM SELADA;103514;999999;.;99999999;FORNECEDOR CONVERSAO;20007;DISCOS / LIXAS / ABRASIVOS 
87343;ESTICADOR HIDRAULICO 06 TON. 10 PEÇAS PROFISSIONAL INDUSTRIAL MEH-6 MA;;800125;MARCON;260;MARCON INDUSTRIA METALURGICA LTDA;20058;OUTRAS FERRAMENTAS / EQUIPAMENTOS
87099;ESTICADOR HIDRAULICO 10 TON. 12 PEÇAS PROFISSIONAL INDUSTRIAL MEH-10 M;MEH-10;800125;MARCON;260;MARCON INDUSTRIA METALURGICA LTDA;20028;APLICADORES / ADAPTADORES / ENGATES / SUPORTES
23530;ESTILETE LARGO;204846;31;UTILER;11000474;OMNI COMERCIO E SERVIÇOS LTDA;999999;GRUPO CONVERSAO
87014;"ESTOJO DE PONTAS PHILLIPS MAXFIT ULTRA 1"" 30 PEÇAS DEWALT";DWA1PH2UMF30;800070;DEWALT;11000477;BLACK & DECKER DO BRASIL LTDA;20058;OUTRAS FERRAMENTAS / EQUIPAMENTOS
5;ESTOPA BRANCA 500G;3;19;BRILHO ESTOPA;338;SONIA SERTANEJO NETO EIRELI - ME;20025;ESTOPAS
87267;ESTOPA MULTIUSO 1KG (UNAÍ);5;100003;ESTOPAS PUMA;80000525;GD RESIDUO TEXTIL E BUCHA VEGETAL LTDA;20025;ESTOPAS
20574;ESTOPA MULTIUSO 400G (UNAÍ);8;100003;ESTOPAS PUMA;80000525;GD RESIDUO TEXTIL E BUCHA VEGETAL LTDA;20025;ESTOPAS
23796;ESTRADO PLASTICO EM PP 50X50CM - PRETO;2184;800123;SK PLASTICOS;11000478;S.K IND E COM DE PROD PLASTICOS LTDA;1042;.............................................
24172;ETIQUETA PERSONALIZADO DAUTO TINTAS RT-019 90X40;491.408;33;ETITEC;381;ETITEC SOLUCOES INTELIGENTES;999999;GRUPO CONVERSAO
24174;ETIQUETA PERSONALIZADO UNICA ET ER-019 90X40;231003168;33;ETITEC;381;ETITEC SOLUCOES INTELIGENTES;999999;GRUPO CONVERSAO
23629;ETIQUETA ROTULO NEUTRO CONFIG. RT-414 28X88 BEMATECH;54.305;33;ETITEC;381;ETITEC SOLUCOES INTELIGENTES;30017;OUTRAS FITAS
85477;EUCAFLOOR PISO MAX ELEGANCE C CARVALHO CHAMONIX (E) (9) 0,35;7950708;999999;.;11000436;EUCATEX INDUSTRIA E COMERCIO LTDA;999999;GRUPO CONVERSAO
23763;EXPOSITOR;53150;31;UTILER;295;UTILER - UTILIDADES DE LEITURA E ESCRITA LTDA;1043;...........................................
24229;EXTRACTUS 1,5L VONIXX;2011050;10;VONIXX;425;VONIXX INDUSTRIA E COMERCIO DE POLIDORES LTDA;20011;LINHA DE HIGENIZAÇÃO E ESTÉTICA  AUTOMOTIVA VONIX
24295;EXTRACTUS 3L VONIXX;2011049;10;VONIXX;425;VONIXX INDUSTRIA E COMERCIO DE POLIDORES LTDA;20011;LINHA DE HIGENIZAÇÃO E ESTÉTICA  AUTOMOTIVA VONIX
84547;EXTRACTUS 5L VONIXX;2012049;10;VONIXX;425;VONIXX INDUSTRIA E COMERCIO DE POLIDORES LTDA;20011;LINHA DE HIGENIZAÇÃO E ESTÉTICA  AUTOMOTIVA VONIX
83823;EXTRACTUS SENSITIVE 1,5L VONIXX;2011100;10;VONIXX;425;VONIXX INDUSTRIA E COMERCIO DE POLIDORES LTDA;20011;LINHA DE HIGENIZAÇÃO E ESTÉTICA  AUTOMOTIVA VONIX
83822;EXTRACTUS SENSITIVE 3L VONIXX;2011101;10;VONIXX;425;VONIXX INDUSTRIA E COMERCIO DE POLIDORES LTDA;20011;LINHA DE HIGENIZAÇÃO E ESTÉTICA  AUTOMOTIVA VONIX
23560;EXTRATOR DE GRAMPOS;59303;31;UTILER;522;DJF Comercial de Papelaria Ltda. - ME;999999;GRUPO CONVERSAO
84743;EXTRATORA DE PÓ 30L 230V 33750 3M;HB004718928;4;3M;36;3M DO BRASIL LTDA;20028;APLICADORES / ADAPTADORES / ENGATES / SUPORTES
83883;FAST CUT AUTOAMERICA;304535081;17;AUTO AMERICA;30;AUTOAMERICA IMP.EXP. DE PROD. AUTO. LTDA;20006;CERA  / LIMPEZA /  POLIMENTO VEICULAR
87004;FIBRA ABRASIVA ACABAMENTOS 11,5X29MM AT95/10 ATLAS;AT95/10;35;ATLAS;8;PINCEIS ATLAS S.A.;20007;DISCOS / LIXAS / ABRASIVOS 
87005;FIBRA ABRASIVA POS OBRA 11,5X29MM AT95/40 ATLAS;AT95/40;35;ATLAS;8;PINCEIS ATLAS S.A.;20007;DISCOS / LIXAS / ABRASIVOS 
23929;FIBRA BETANIN 102X260MM GERAL VERDE;11632;51;START;579;SUPERPRO;999999;GRUPO CONVERSAO
85743;FILME MASCARAMENTO C/ FITA CREPE 1,5MTX20MT AT2220/150 ATLAS;AT2220/150;35;ATLAS;80000522;ATLAS S.A.;20040;OUTROS DISCOS 
85744;FILME MASCARAMENTO C/ FITA CREPE 2,4MTX20MT AT2220/240 ATLAS;AT2220/240;35;ATLAS;80000522;ATLAS S.A.;20040;OUTROS DISCOS 
85741;FILME MASCARAMENTO C/ FITA CREPE 45CMX20MT AT2220/45 ATLAS;AT2220/45;35;ATLAS;80000522;ATLAS S.A.;20040;OUTROS DISCOS 
85742;FILME MASCARAMENTO C/ FITA CREPE 90CMX20MT AT2220/90 ATLAS;AT2220/90;35;ATLAS;80000522;ATLAS S.A.;20040;OUTROS DISCOS 
23433;FILME PLÁSTICO AUTO 4MX80M 3M-25,60-ST;HB004569339;4;3M;36;3M DO BRASIL LTDA;20017;MASCARAMENTO 
84419;FILME STRETCH 50X0,025;100853/1;800095;PLASTIKA;582;PLASTIKA INDUSTRIA;20017;MASCARAMENTO 
10097;FILTRO 5N11 P 6000/7500 3M;H0002260174;4;3M;11000485;3M DO BRASIL LT;20027;EPI´S
87286;FILTRO E REGULADOR DE AR C/ MANOMETRO ANALOGICO PRO-004 PDR;PRO-004;800056;PDR;11000416;BERLINER DO BRASIL MOTORES LTDA;20023;PISTOLAS
20799;FILTRO INTERNO P/ CANECA WALCOM;90114W;999999;.;11000389;CARVIC COM VER DE PROD E EQ P/ REP AUTO LTDA;20028;APLICADORES / ADAPTADORES / ENGATES / SUPORTES
23673;FILTRO MULTIBOLSA 0.68X 0.78 YVYTU;2183;999999;.;11000389;CARVIC COM VER DE PROD E EQ P/ REP AUTO LTDA;20028;APLICADORES / ADAPTADORES / ENGATES / SUPORTES
23891;FILTRO PISO VIDRO TAMANHO 2X20MT (METRO);2158;999999;.;11000389;CARVIC COM VER DE PROD E EQ P/ REP AUTO LTDA;20028;APLICADORES / ADAPTADORES / ENGATES / SUPORTES
23978;FILTRO REFIL P/ MASCARA 3000 3M;;4;3M;36;3M DO BRASIL LTDA;20027;EPI´S
24387;FILTRO REGULADOR DE AR 2 SAIDAS 1/2 FRMP-6 WIMPEL;658;64;WINPEL;11000389;CARVIC COM VER DE PROD E EQ P/ REP AUTO LTDA;20058;OUTRAS FERRAMENTAS / EQUIPAMENTOS
22528;FILTRO REGULADOR DE PRESSÃO 1/2 RP 120 VONDER;6248120002;41;VONDER;502;O.V.D. IMPORTADORA E DISTRIBUIDORA LTDA;20058;OUTRAS FERRAMENTAS / EQUIPAMENTOS
21689;FILTRO SACO REFIL 3M;HC000592713;4;3M;11000389;CARVIC COM VER DE PROD E EQ P/ REP AUTO LTDA;20028;APLICADORES / ADAPTADORES / ENGATES / SUPORTES
87287;FILTRO SEPARADOR DE AGUA P/ PISTOLA DE PINTURA PRO-50 PDR;PRO-50;800056;PDR;11000416;BERLINER DO BRASIL MOTORES LTDA;20023;PISTOLAS
23689;FILTRO TETO TELADO 1X2MT NALGON;5604;100016;NALGON;11000476;PAINT COMERCIO ATACADISTA DE TINTAS LTDA;1015;............
9751;FINESS IT 500ML 3M;HB004584411;4;3M;36;3M DO BRASIL LTDA;20018;LÍQUIDOS P/ POLIMENTO 
83895;FITA ADESIVA 425BR 25MMX30M ALUMINIO 3M;HB004181853;4;3M;36;3M DO BRASIL LTDA;30017;OUTRAS FITAS
83858;FITA ADESIVA 425BR 50MMX30M ALUMINIO 3M;HB004181879;4;3M;36;3M DO BRASIL LTDA;30017;OUTRAS FITAS
83836;FITA ADESIVA ALUMINIO 25MMX30M 3M;H0002257006;4;3M;36;3M DO BRASIL LTDA;30017;OUTRAS FITAS
83826;FITA ADESIVA ALUMINIO 50MMX30M 3M;H0002238980;4;3M;36;3M DO BRASIL LTDA;30017;OUTRAS FITAS
24216;FITA ADESIVA ESCRITORIO;2339;31;UTILER;522;DJF Comercial de Papelaria Ltda. - ME;30017;OUTRAS FITAS
23563;FITA ADESIVA FINA ESCRITORIO;SEM CODIGO AINDA;31;UTILER;389;AMS MATERIAL DE LIMPEZA EIRELI ME;30017;OUTRAS FITAS
22684;FITA ALTA PERFO 16MMX40M AMARELA 3M;HC000660486;4;3M;36;3M DO BRASIL LTDA;20012;FITA AUTOMOTIVA
22173;FITA ALTA PERFO 18MMX40M AMARELA 3M;HC000660494;4;3M;36;3M DO BRASIL LTDA;20012;FITA AUTOMOTIVA
22188;FITA ALTA PERFO 48MMX40M AMARELA 3M;HC000660510;4;3M;36;3M DO BRASIL LTDA;20012;FITA AUTOMOTIVA
85677;FITA ANTIDERRAPANTE PRETA SHRINK 50MMX20M UNIPEGA;AES0535.0132;800067;UNIPEGA;11000482;A&S TECHNOLOGIES INDUSTRIA E COMERCIO S.A.;30033;ESPUMA EXPANSIVA
85676;FITA ANTIDERRAPANTE PRETA SHRINK 50MMX5M UNIPEGA;AES0535.0099;800067;UNIPEGA;11000443;A&S TECHNOLOGIES INDUSTRIA E COMERCIO LTDA;30033;ESPUMA EXPANSIVA
22013;FITA CREPE 18MMX40M VERDE TESA;50124-09018-40;999999;.;26;TESA BRASIL LTDA;20012;FITA AUTOMOTIVA
20951;FITA CREPE 48MMX40M VERDE TESA;50124-09004-00;999999;.;26;TESA BRASIL LTDA;20012;FITA AUTOMOTIVA
24240;FITA CREPE AUTOMOTIVA AMARELA 18MMX40M ADERE;1458109533;63;ADERE;544;ADERE PRODUTOS AUTO ADESIVOS LTDA;20012;FITA AUTOMOTIVA
24241;FITA CREPE AUTOMOTIVA AMARELA 48MMX40M ADERE;1458109871;63;ADERE;544;ADERE PRODUTOS AUTO ADESIVOS LTDA;20012;FITA AUTOMOTIVA
87298;FITA CREPE AUTOMOTIVA VERDE 525  24MMX50M ADERE;1405100163;63;ADERE;544;ADERE PRODUTOS AUTO ADESIVOS LTDA;20012;FITA AUTOMOTIVA
87299;FITA CREPE AUTOMOTIVA VERDE 525 45MMX50M ADERE;1405100148;63;ADERE;544;ADERE PRODUTOS AUTO ADESIVOS LTDA;20012;FITA AUTOMOTIVA
87297;FITA CREPE AUTOMOTIVA VERDE 525S 18MMX50M ADERE;1405109057;63;ADERE;544;ADERE PRODUTOS AUTO ADESIVOS LTDA;20012;FITA AUTOMOTIVA
85617;FITA CREPE P/ PINTURA IMOBILIARIA LARANJA 24MMX50M A128RLS ADERE;400100251;63;ADERE;544;ADERE PRODUTOS AUTO ADESIVOS LTDA;30018;FITA DE USO GERAL 
85618;FITA CREPE P/ PINTURA IMOBILIARIA LARANJA 45MMX50M A128RLS ADERE;400100244;63;ADERE;544;ADERE PRODUTOS AUTO ADESIVOS LTDA;30018;FITA DE USO GERAL 
84411;FITA CREPE USO GERAL BEGE 24MMX50M ADERE;355206418;63;ADERE;544;ADERE PRODUTOS AUTO ADESIVOS LTDA;30018;FITA DE USO GERAL 
84928;FITA CREPE USO GERAL BEGE 48MMX50M ADERE;355200130;63;ADERE;544;ADERE PRODUTOS AUTO ADESIVOS LTDA;30018;FITA DE USO GERAL 
20261;FITA DUPLA FACE 12MMX20M VERDE 3M;H0002317883;4;3M;36;3M DO BRASIL LTDA;20046;FITA DUPLA FACE
84407;FITA DUPLA FACE 4910 VHB 12MMX33M 3M;HB004669857;4;3M;36;3M DO BRASIL LTDA;20046;FITA DUPLA FACE
22232;FITA DUPLA FACE 4910 VHB 19MMX20M VERDE 3M;H0002317875;4;3M;36;3M DO BRASIL LTDA;20046;FITA DUPLA FACE
24183;FITA DUPLA FACE 4910 VHB 5MMX33M 3M;HB004669899;4;3M;36;3M DO BRASIL LTDA;20046;FITA DUPLA FACE
84406;FITA DUPLA FACE 4910 VHB 9.5MMX33M 3M;HB004670632;4;3M;36;3M DO BRASIL LTDA;20046;FITA DUPLA FACE
10081;FITA DUPLA FACE 5369 12MMX3M CINZA 3M;HB004078893;4;3M;36;3M DO BRASIL LTDA;20046;FITA DUPLA FACE
20640;FITA DUPLA FACE 5369 6MMX20M 3M;HB004083430;4;3M;36;3M DO BRASIL LTDA;20046;FITA DUPLA FACE
10080;FITA DUPLA FACE 5369 9,5MMX20M CINZA 3M;HB004078935;4;3M;36;3M DO BRASIL LTDA;20046;FITA DUPLA FACE
20478;FITA DUPLA FACE 5369T 12MMX20M 3M;HB004072789;4;3M;36;3M DO BRASIL LTDA;20046;FITA DUPLA FACE
20484;FITA DUPLA FACE 5369T 12MMX3M 3M;HB004072771;4;3M;36;3M DO BRASIL LTDA;20046;FITA DUPLA FACE
20477;FITA DUPLA FACE 5369T 9,5MMX20M 3M;HB004072797;4;3M;36;3M DO BRASIL LTDA;20046;FITA DUPLA FACE
22233;FITA DUPLA FACE 9,5MMX20M VERDE 3M;HB004299705;4;3M;36;3M DO BRASIL LTDA;20046;FITA DUPLA FACE
85621;FITA DUPLA FACE XT080 09MMX20M ADERE;28452001507;63;ADERE;544;ADERE PRODUTOS AUTO ADESIVOS LTDA;30018;FITA DE USO GERAL 
85619;FITA DUPLA FACE XT080 12MMX02M ADERE;28459108644;63;ADERE;544;ADERE PRODUTOS AUTO ADESIVOS LTDA;30018;FITA DE USO GERAL 
85620;FITA DUPLA FACE XT080 12MMX20M ADERE;28452001416;63;ADERE;544;ADERE PRODUTOS AUTO ADESIVOS LTDA;30018;FITA DE USO GERAL 
85616;FITA EMPACOTAMENTO TRANSPARENTE 45MMX40M 710 ADERE;11053230162;63;ADERE;544;ADERE PRODUTOS AUTO ADESIVOS LTDA;30018;FITA DE USO GERAL 
23497;FITA EMPACOTAMENTO TRANSPARENTE 45MMX45M 3M;HB004035224;4;3M;36;3M DO BRASIL LTDA;30017;OUTRAS FITAS
85389;FITA EMPACOTAMENTO TRANSPARENTE 48MMX50M 369 3M;HB004741144;4;3M;36;3M DO BRASIL LTDA;30017;OUTRAS FITAS
84486;FITA EMPACOTAMENTO TRANSPARENTE SCOTCH 45MMX45M 3M;HB004479166;4;3M;36;3M DO BRASIL LTDA;30017;OUTRAS FITAS
23641;FITA ESPUMADA PREMIUM DART 13MMX50M NORTON;63642506887;11;NORTON;21;SAINT- GOBAIN DO BRASIL PROD. IND. E CONSTR. LTDA;30017;OUTRAS FITAS
23276;FITA FILETE PVC 6MMX50M PREMIUM NORTON;63642524589;11;NORTON;21;SAINT- GOBAIN DO BRASIL PROD. IND. E CONSTR. LTDA;1026;.......................................
23836;FITA IMPRESSAO 110X74 CERA ORIGINAL;338;33;ETITEC;381;ETITEC SOLUCOES INTELIGENTES;30017;OUTRAS FITAS
23835;FITA IMPRESSORA  110X300 CERA PREMIUM;380972;33;ETITEC;445;ETITEC PH COMERCIO;30017;OUTRAS FITAS
84417;FITA ISOLANTE IMPERIAL SLIM 18MMX10M 3M;HB004236020;4;3M;36;3M DO BRASIL LTDA;30016;FITA ISOLANTE
84558;FITA ISOLANTE IMPERIAL SLIM 18MMX20M 3M;HB004216360;4;3M;36;3M DO BRASIL LTDA;30016;FITA ISOLANTE
85679;FITA ISOLANTE PRETO 18MMX10M UNIPEGA;AES0535.0119;800067;UNIPEGA;11000482;A&S TECHNOLOGIES INDUSTRIA E COMERCIO S.A.;30016;FITA ISOLANTE
85680;FITA ISOLANTE PRETO 18MMX20M UNIPEGA;AES0535.0113;800067;UNIPEGA;11000482;A&S TECHNOLOGIES INDUSTRIA E COMERCIO S.A.;30016;FITA ISOLANTE
85678;FITA ISOLANTE PRETO 18MMX5M UNIPEGA;AES0535.0130;800067;UNIPEGA;11000482;A&S TECHNOLOGIES INDUSTRIA E COMERCIO S.A.;30016;FITA ISOLANTE
22145;FITA ISOLANTE SCOTCH 33+ 19MMX10M 3M;HB004162143;4;3M;36;3M DO BRASIL LTDA;30016;FITA ISOLANTE
10099;FITA ISOLANTE SCOTCH 33+ 19MMX20M 3M;HB004482483;4;3M;36;3M DO BRASIL LTDA;30016;FITA ISOLANTE
10089;FITA MASCARAMENTO (TRIN) 6349 RL 50,8MMX10M 3M;HB004833040;4;3M;36;3M DO BRASIL LTDA;30017;OUTRAS FITAS
86878;FITA MULTIUSO 10CM ROLO 10MT VEDACIT;121821;800098;VEDACIT;11000455;OTTO BAUMGART IND E COM S/A;30002;IMPERMEABILIZANTES
86879;FITA MULTIUSO 15CM ROLO 10MT VEDACIT;121819;800098;VEDACIT;11000455;OTTO BAUMGART IND E COM S/A;30002;IMPERMEABILIZANTES
86880;FITA MULTIUSO 20CM ROLO 10MT VEDACIT;121822;800098;VEDACIT;11000455;OTTO BAUMGART IND E COM S/A;30002;IMPERMEABILIZANTES
86881;FITA MULTIUSO 30CM ROLO 10MT VEDACIT;121820;800098;VEDACIT;11000455;OTTO BAUMGART IND E COM S/A;30002;IMPERMEABILIZANTES
86882;FITA MULTIUSO 45CM ROLO 10MT VEDACIT;121818;800098;VEDACIT;11000455;OTTO BAUMGART IND E COM S/A;30002;IMPERMEABILIZANTES
23124;FITA POLIPROPILENO P/ CONTORNOS 6MMX55M FINA 3M;HB004807150;4;3M;36;3M DO BRASIL LTDA;20012;FITA AUTOMOTIVA
83852;FITA POLIPROPILENO P/ CONTORNOS 9,5MMX55M LARGA 3M-28,15-ST;HB004807168;4;3M;36;3M DO BRASIL LTDA;20012;FITA AUTOMOTIVA
85681;FITA SILVER TAPE PRATA SHRINK 45MMX5M UNIPEGA;AES0535.0097;800067;UNIPEGA;11000443;A&S TECHNOLOGIES INDUSTRIA E COMERCIO LTDA;30017;OUTRAS FITAS
85064;FITA TELADA REPAROS 100MMX20M AT2920 ATLAS;AT2920;35;ATLAS;80000522;ATLAS S.A.;30028;ROLOS / TRINCHAS / PINCÉIS / ESPÁTULAS
85063;FITA TELADA REPAROS 50MMX45M AT2945 ATLAS;AT2945;35;ATLAS;8;PINCEIS ATLAS S.A.;30028;ROLOS / TRINCHAS / PINCÉIS / ESPÁTULAS
85689;FIXA CUBA BRANCO CARTUCHO 280ML UNIPEGA;AES0512.0222;800067;UNIPEGA;11000443;A&S TECHNOLOGIES INDUSTRIA E COMERCIO LTDA;30034;SILICONE
85690;FIXA CUBA CINZA CARTUCHO 280ML UNIPEGA;AES0512.0273;800067;UNIPEGA;11000443;A&S TECHNOLOGIES INDUSTRIA E COMERCIO LTDA;30034;SILICONE
22981;FLANELA BRANCA G;13632;29;BRILHOMAX;112;COM.ALVORADA LIMPEZA E DESCARTAVEIS;20020;FLANELAS / PANOS
20802;FLANELA DE MICRO-FIBRA 40X60 C/ COSTURA KERS;7,90822E+12;800135;KERS;172;KERS IMPORTADORA AUTOMOTIVA KERS IMPORTADORA LTDA;1024;................................
23493;FLANELA MICROFIBRA 40X60 AZUL 3M;HB004588495;4;3M;36;3M DO BRASIL LTDA;20020;FLANELAS / PANOS
86995;FLANELA MICROFIBRA 40X60CM COM COSTURA AMARELA AUTOAMERICA;504545005;17;AUTO AMERICA;30;AUTOAMERICA IMP.EXP. DE PROD. AUTO. LTDA;20020;FLANELAS / PANOS
87184;FLANELA MICROFIBRA 40X60CM COM COSTURA AMARELA KERS;7,90822E+12;800135;KERS;172;KERS IMPORTADORA AUTOMOTIVA KERS IMPORTADORA LTDA;20020;FLANELAS / PANOS
23364;FLANELA MICROFIBRA 40X60CM SEM COSTURA AMARELA AUTOAMERICA;504545215;17;AUTO AMERICA;30;AUTOAMERICA IMP.EXP. DE PROD. AUTO. LTDA;20020;FLANELAS / PANOS
20131;FLANELA MICROFIBRA ULTRA PERMANCE 39015 3M;HB004026652;4;3M;36;3M DO BRASIL LTDA;20020;FLANELAS / PANOS
23425;FLAP DISCO P40 EVOLUTION 115X22 NORTON;66623313729;11;NORTON;21;SAINT- GOBAIN DO BRASIL PROD. IND. E CONSTR. LTDA;20040;OUTROS DISCOS 
85142;FLAP DISCO P50 EVOLUTION 115X22,23MM NORTON;66623313730;11;NORTON;21;SAINT- GOBAIN DO BRASIL PROD. IND. E CONSTR. LTDA;20040;OUTROS DISCOS 
23426;FLAP DISCO P60 CLASSIC 115X22 NORTON;69957316292;11;NORTON;21;SAINT- GOBAIN DO BRASIL PROD. IND. E CONSTR. LTDA;20040;OUTROS DISCOS 
23703;FLAP ORIGINAL R822 P60 NORTON;69957320325;11;NORTON;21;SAINT- GOBAIN DO BRASIL PROD. IND. E CONSTR. LTDA;20040;OUTROS DISCOS 
85407;FLEXUS 500ML VONIXX;2050441;10;VONIXX;425;VONIXX INDUSTRIA E COMERCIO DE POLIDORES LTDA;20011;LINHA DE HIGENIZAÇÃO E ESTÉTICA  AUTOMOTIVA VONIX
86965;FOCUS 240ML VONIXX;2050452;10;VONIXX;425;VONIXX INDUSTRIA E COMERCIO DE POLIDORES LTDA;20011;LINHA DE HIGENIZAÇÃO E ESTÉTICA  AUTOMOTIVA VONIX
21680;FOLHA ABRASIVA FLEXIVEL P1200 140X171MM 3M;HC000643169;4;3M;36;3M DO BRASIL LTDA;20007;DISCOS / LIXAS / ABRASIVOS 
21732;FOLHA ABRASIVA FLEXIVEL P1500 140X171MM 3M;HC000643177;4;3M;36;3M DO BRASIL LTDA;20007;DISCOS / LIXAS / ABRASIVOS 
87245;FOLHA ESPUMA FLEX P1000 33534 3M;HB004842231;4;3M;36;3M DO BRASIL LTDA;20007;DISCOS / LIXAS / ABRASIVOS 
87211;FOLHA ESPUMA FLEX P1200 33535 3M;HB004842249;4;3M;36;3M DO BRASIL LTDA;20007;DISCOS / LIXAS / ABRASIVOS 
87212;FOLHA ESPUMA FLEX P1500 33536 3M;HB004842256;4;3M;36;3M DO BRASIL LTDA;20007;DISCOS / LIXAS / ABRASIVOS 
87213;FOLHA ESPUMA FLEX P2000 33537 3M;HB004842264;4;3M;36;3M DO BRASIL LTDA;20007;DISCOS / LIXAS / ABRASIVOS 
87208;FOLHA ESPUMA FLEX P400 33531 3M;HB004843171;4;3M;36;3M DO BRASIL LTDA;20007;DISCOS / LIXAS / ABRASIVOS 
87209;FOLHA ESPUMA FLEX P600 33532 3M;HB004842215;4;3M;36;3M DO BRASIL LTDA;20007;DISCOS / LIXAS / ABRASIVOS 
87210;FOLHA ESPUMA FLEX P800 33533 3M;HB004842223;4;3M;36;3M DO BRASIL LTDA;20007;DISCOS / LIXAS / ABRASIVOS 
23874;FONTE MULTILASER GA114BU;PRD00005;999999;.;267;PAR TECNOLOGIA E SERVICOS DE INFORMATICA LTDA EPP;999999;GRUPO CONVERSAO
23699;FORMULARIO CONTINUO IMPRESSORA DEPOSITO;61;999999;.;93;WHITE & RED FORMULARIOS E PAPEIS LTDA;999999;GRUPO CONVERSAO
86983;FUNDO PREPARADOR PAREDE BRANCO B'AGUA PRO 1000 3,6LT BRASILUX;FD 460589002;67;BRASILUX;556;BRASILUX TINTAS TECNICAS LTDA;30021;SELADOR ACRÍLICO
86943;FUNDO PREPARADOR PAREDE BRANCO B'AGUA PRO 1000 BALDE 14LT BRASILUX;FD 460589039;67;BRASILUX;556;BRASILUX TINTAS TECNICAS LTDA;30021;SELADOR ACRÍLICO
84368;FUNDO PREPARADOR PAREDE INCOLOR B AGUA 18L BRASILUX;SL 460000457;67;BRASILUX;556;BRASILUX TINTAS TECNICAS LTDA;30021;SELADOR ACRÍLICO
84204;FUNDO PREPARADOR PAREDE INCOLOR B'AGUA 3,6LT BRASILUX;SL 460000402;67;BRASILUX;556;BRASILUX TINTAS TECNICAS LTDA;30021;SELADOR ACRÍLICO
85700;FUNIL PLASTICO SANREMO;23717;29;BRILHOMAX;112;COM.ALVORADA LIMPEZA E DESCARTAVEIS;999999;GRUPO CONVERSAO
22191;"FURADEIRA DE IMPACTO 1/2"" 13MM 750W VVR 220V DEWALT";DWD502B2;800070;DEWALT;11000477;BLACK & DECKER DO BRASIL LTDA;20058;OUTRAS FERRAMENTAS / EQUIPAMENTOS
83947;FX 1100 PU 5L;57936;999999;.;454;LIMA & PERGHERN INDUSTRIA E COMERCIO;20006;CERA  / LIMPEZA /  POLIMENTO VEICULAR
23121;G1116 KIT QUIK CLAY BAR MEGUIARS;50400002E;6;MAXI RUBBER;29;MAXI RUBBER INDUSTRIAS QUIMICAS LTDA;20006;CERA  / LIMPEZA /  POLIMENTO VEICULAR
24404;G190424 LAVA SECO PNEU E RODA;A0663;6;MAXI RUBBER;29;MAXI RUBBER INDUSTRIAS QUIMICAS LTDA;20006;CERA  / LIMPEZA /  POLIMENTO VEICULAR
24406;G200200 KIT CLAY HYB CERAMIC;A0658;6;MAXI RUBBER;29;MAXI RUBBER INDUSTRIAS QUIMICAS LTDA;20006;CERA  / LIMPEZA /  POLIMENTO VEICULAR
24405;G201024 NEW ULT QUIK DETAILER;A0659;6;MAXI RUBBER;29;MAXI RUBBER INDUSTRIAS QUIMICAS LTDA;20006;CERA  / LIMPEZA /  POLIMENTO VEICULAR
23260;G3 7500S VERNIZ MULTIUSO AXALTA 18L-25,87-ST;K75037097/51;5;AXALTA;384;Axalta Coating Systems Brasil Ltda;20034;VERNIZ AUTOMOTIVO
21718;G3626 LAVAGEM A SECO ULTIMATE MEGUIARS;50100029E;6;MAXI RUBBER;29;MAXI RUBBER INDUSTRIAS QUIMICAS LTDA;20006;CERA  / LIMPEZA /  POLIMENTO VEICULAR
24315;GABINETE GM-53Y1 PRETO C/PX300;GM53Y1XN0020B0X;999999;.;267;PAR TECNOLOGIA E SERVICOS DE INFORMATICA LTDA EPP;999999;GRUPO CONVERSAO
84079;GALVALUMI-BRANCO 3,6L BRASILUX;GL 010500702;67;BRASILUX;556;BRASILUX TINTAS TECNICAS LTDA;40001;ESMALTES
84080;GALVALUMI-BRANCO 900ML BRASILUX;GL 010500701;67;BRASILUX;556;BRASILUX TINTAS TECNICAS LTDA;40001;ESMALTES
84081;GALVALUMI-CINZA N6.5 CLARO 3,6L BRASILUX;GL 010601702;67;BRASILUX;556;BRASILUX TINTAS TECNICAS LTDA;40001;ESMALTES
84082;GALVALUMI-CINZA N6.5 CLARO 900ML BRASILUX;GL 010601701;67;BRASILUX;556;BRASILUX TINTAS TECNICAS LTDA;40001;ESMALTES
85077;GALVBRAS-BRANCO 18L BRASILUX;GB 010500703;67;BRASILUX;556;BRASILUX TINTAS TECNICAS LTDA;40001;ESMALTES
84209;GALVBRAS-BRANCO 3,6L BRASILUX;GB 010500702;67;BRASILUX;556;BRASILUX TINTAS TECNICAS LTDA;40001;ESMALTES
84211;GALVBRAS-BRANCO 900ML BRASILUX;GB 010500701;67;BRASILUX;556;BRASILUX TINTAS TECNICAS LTDA;40001;ESMALTES
84210;GALVBRAS-CINZA N6 3,6L BRASILUX;GB 010617602;67;BRASILUX;556;BRASILUX TINTAS TECNICAS LTDA;40001;ESMALTES
84212;GALVBRAS-CINZA N6 900ML BRASILUX;GB 010617601;67;BRASILUX;556;BRASILUX TINTAS TECNICAS LTDA;40001;ESMALTES
85300;GALVFORT BRANCO PURO N9,5 3,6L BRASILUX;GL 720504702;67;BRASILUX;556;BRASILUX TINTAS TECNICAS LTDA;40001;ESMALTES
85243;GALVFORT CINZA N6,5 CLARO 3,6L BRASILUX;GL 720601702;67;BRASILUX;556;BRASILUX TINTAS TECNICAS LTDA;40001;ESMALTES
85288;GALVFORT PRETO N1 18L BRASILUX;GL 721500157;67;BRASILUX;556;BRASILUX TINTAS TECNICAS LTDA;40001;ESMALTES
85287;GALVFORT PRETO N1 3,6L BRASILUX;GL 721500102;67;BRASILUX;556;BRASILUX TINTAS TECNICAS LTDA;40001;ESMALTES
23878;GARFO GAIOLA S/ ROSCA AÇO 400/23SR ATLAS;400/23SR;35;ATLAS;80000522;ATLAS S.A.;30028;ROLOS / TRINCHAS / PINCÉIS / ESPÁTULAS
84833;GARFO PINTURA 23CM C/ BUCHA CASTOR;44;999999;.;99999999;FORNECEDOR CONVERSAO;30028;ROLOS / TRINCHAS / PINCÉIS / ESPÁTULAS
84003;GARRAFA PET 250 ML;123;999999;.;11000411;GLOBEX INDUSTRIA DE PLASTICOS E EMBALAGENS LTDA;40001;ESMALTES
84004;GARRAFA PET 500 ML;204;999999;.;11000411;GLOBEX INDUSTRIA DE PLASTICOS E EMBALAGENS LTDA;40001;ESMALTES
84701;GEL ADESIVO SANITARIO;15902;999999;.;452;LIMA & PERGHER INDUSTRIAL E COMERCIO;999999;GRUPO CONVERSAO
85599;GESSO RAPIDO 1KG (20X1) REJUMASSA;1;800064;REJUMASSA;11000439;REJUMASSA INDÚSTRIA, COMÉRCIO E TRANSPORTES DE REJUNTES LTDA;30030;GESSO
85600;GESSO RÁPIDO 20KG REJUMASSA;21023;800064;REJUMASSA;11000439;REJUMASSA INDÚSTRIA, COMÉRCIO E TRANSPORTES DE REJUNTES LTDA;30030;GESSO
85606;GESSO RAPIDO 4KG (5X4) REJUMASSA;501;800064;REJUMASSA;11000439;REJUMASSA INDÚSTRIA, COMÉRCIO E TRANSPORTES DE REJUNTES LTDA;30030;GESSO
85460;GESSO RAPIDO SC 1KG;23;800061;CIMENTMIX;11000435;CIMENTMIX DERIVADO DE CIMENTO LTDA;30030;GESSO
85515;GLADIUS 500ML VONIXX;2050440;10;VONIXX;425;VONIXX INDUSTRIA E COMERCIO DE POLIDORES LTDA;20011;LINHA DE HIGENIZAÇÃO E ESTÉTICA  AUTOMOTIVA VONIX
85350;GLAZY 500ML SPRAY VONIXX;2050439;10;VONIXX;425;VONIXX INDUSTRIA E COMERCIO DE POLIDORES LTDA;20011;LINHA DE HIGENIZAÇÃO E ESTÉTICA  AUTOMOTIVA VONIX
85545;GLIZZ 500ML VONIXX;2011090;10;VONIXX;425;VONIXX INDUSTRIA E COMERCIO DE POLIDORES LTDA;20011;LINHA DE HIGENIZAÇÃO E ESTÉTICA  AUTOMOTIVA VONIX
84771;GRADE FRONTAL CROMADA;62310EB400;999999;.;99999999;FORNECEDOR CONVERSAO;999999;GRUPO CONVERSAO
87151;GRAFIATO ACRILICO AMARELO TERRA BALDE 23KG MISTERCRYL;;800113;MISTERCRYL;11000468;DURACOLOR INDUSTRIA E COMERCIO DE TINTAS;30001;TINTA PAREDE
87147;GRAFIATO ACRILICO AREIA BALDE 23KG MISTERCRYL;;800113;MISTERCRYL;11000468;DURACOLOR INDUSTRIA E COMERCIO DE TINTAS;30001;TINTA PAREDE
87156;GRAFIATO ACRILICO AZUL PROFUNDO BALDE 23KG MISTERCRYL;;800113;MISTERCRYL;11000468;DURACOLOR INDUSTRIA E COMERCIO DE TINTAS;30001;TINTA PAREDE
87038;GRAFIATO ACRILICO BRANCO BALDE 23KG MISTERCRYL;4428;800113;MISTERCRYL;11000468;DURACOLOR INDUSTRIA E COMERCIO DE TINTAS;30001;TINTA PAREDE
87141;GRAFIATO ACRILICO BRANCO GELO BALDE 23KG MISTERCRYL;;800113;MISTERCRYL;11000468;DURACOLOR INDUSTRIA E COMERCIO DE TINTAS;30001;TINTA PAREDE
87149;GRAFIATO ACRILICO CAMURÇA BALDE 23KG MISTERCRYL;;800113;MISTERCRYL;11000468;DURACOLOR INDUSTRIA E COMERCIO DE TINTAS;30001;TINTA PAREDE
87146;GRAFIATO ACRILICO CASTANHA BALDE 23KG MISTERCRYL;;800113;MISTERCRYL;11000468;DURACOLOR INDUSTRIA E COMERCIO DE TINTAS;30001;TINTA PAREDE
87148;GRAFIATO ACRILICO CERRADO BALDE 23KG MISTERCRYL;;800113;MISTERCRYL;11000468;DURACOLOR INDUSTRIA E COMERCIO DE TINTAS;30001;TINTA PAREDE
87150;GRAFIATO ACRILICO CHOCOLATE BALDE 23KG MISTERCRYL;;800113;MISTERCRYL;11000468;DURACOLOR INDUSTRIA E COMERCIO DE TINTAS;30001;TINTA PAREDE
87144;GRAFIATO ACRILICO CHUMBO BALDE 23KG MISTERCRYL;;800113;MISTERCRYL;11000468;DURACOLOR INDUSTRIA E COMERCIO DE TINTAS;30001;TINTA PAREDE
87145;GRAFIATO ACRILICO CONCRETO BALDE 23KG MISTERCRYL;;800113;MISTERCRYL;11000468;DURACOLOR INDUSTRIA E COMERCIO DE TINTAS;30001;TINTA PAREDE
87152;GRAFIATO ACRILICO LARANJA BALDE 23KG MISTERCRYL;;800113;MISTERCRYL;11000468;DURACOLOR INDUSTRIA E COMERCIO DE TINTAS;30001;TINTA PAREDE
87142;GRAFIATO ACRILICO LONDRES BALDE 23KG MISTERCRYL;7129;800113;MISTERCRYL;11000468;DURACOLOR INDUSTRIA E COMERCIO DE TINTAS;30001;TINTA PAREDE
87139;GRAFIATO ACRILICO MARFIM BALDE 23KG MISTERCRYL;;800113;MISTERCRYL;11000468;DURACOLOR INDUSTRIA E COMERCIO DE TINTAS;30001;TINTA PAREDE
87140;GRAFIATO ACRILICO PALHA BALDE 23KG MISTERCRYL;;800113;MISTERCRYL;11000468;DURACOLOR INDUSTRIA E COMERCIO DE TINTAS;30001;TINTA PAREDE
87153;GRAFIATO ACRILICO TERRACOTA BALDE 23KG MISTERCRYL;;800113;MISTERCRYL;11000468;DURACOLOR INDUSTRIA E COMERCIO DE TINTAS;30001;TINTA PAREDE
87154;GRAFIATO ACRILICO VERDE KIWI BALDE 23KG MISTERCRYL;;800113;MISTERCRYL;11000468;DURACOLOR INDUSTRIA E COMERCIO DE TINTAS;30001;TINTA PAREDE
87155;GRAFIATO ACRILICO VERDE LIMÃO BALDE 23KG MISTERCRYL;;800113;MISTERCRYL;11000468;DURACOLOR INDUSTRIA E COMERCIO DE TINTAS;30001;TINTA PAREDE
87143;GRAFIATO ACRILICO VIENA BALDE 23KG MISTERCRYL;;800113;MISTERCRYL;11000468;DURACOLOR INDUSTRIA E COMERCIO DE TINTAS;30001;TINTA PAREDE
85636;GRAFITE SPRAY LATA 300ML/150G UNIPEGA;AES0534.0068;800067;UNIPEGA;11000482;A&S TECHNOLOGIES INDUSTRIA E COMERCIO S.A.;20062;DESENGRIPANTE
87270;GRAMPEADOR 25FLS C10 METALICO CIS;132900;100007;CIS;11000474;OMNI COMERCIO E SERVIÇOS LTDA;999999;GRUPO CONVERSAO
23770;GRAMPEADOR 25FLS PLASTICO A17 MAPED;130397;100006;MAPED;11000474;OMNI COMERCIO E SERVIÇOS LTDA;999999;GRUPO CONVERSAO
22965;GRAMPO 26/6 GALVANIZADO;134775;800121;MASTERPRINT;11000474;OMNI COMERCIO E SERVIÇOS LTDA;999999;GRUPO CONVERSAO
85459;GRANITINA A GRANEL SACO 40KG;1;800081;OLIVEIRA;11000434;OLIVEIRA COMERCIO DE GRANITINA LTDA;30023;TEXTURA
86858;GUINCHO HIDRAULICO C/ LANÇA 2TON RODAS DE FERRO;;800087;RIBEIRO;11000450;A. RIBEIRO EQUIPAMENTOS LTDA;20028;APLICADORES / ADAPTADORES / ENGATES / SUPORTES
86857;GUINCHO HIDRAULICO DOBRÁVEL 2TON RODAS DE FERRO;;800087;RIBEIRO;11000450;A. RIBEIRO EQUIPAMENTOS LTDA;20028;APLICADORES / ADAPTADORES / ENGATES / SUPORTES
23653;HARDENER CLASSIC 1L SIKKENS;569496;8;SIKKENS;34;AKZO NOBEL LTDA;20015;CATALISADORES INDIVIDUAS
84552;HARDENER CLASSIC 200 ML SIKKENS;595138;8;SIKKENS;534;AKZO NOBEL LTDA;20015;CATALISADORES INDIVIDUAS
23296;HARDENER CLASSIC 500ML SIKKENS;557500;8;SIKKENS;34;AKZO NOBEL LTDA;20015;CATALISADORES INDIVIDUAS
21859;HARDENER CLASSIC FAST 225ML SIKKENS (PRIMER);529804;8;SIKKENS;34;AKZO NOBEL LTDA;20015;CATALISADORES INDIVIDUAS
22340;HARDENER CLASSIC FAST 900ML SIKKENS;529806;8;SIKKENS;34;AKZO NOBEL LTDA;20015;CATALISADORES INDIVIDUAS
21862;HARDENER CLASSIC VERNIZ FAST 300ML SIKKENS;529805;8;SIKKENS;34;AKZO NOBEL LTDA;20015;CATALISADORES INDIVIDUAS
9773;HARDENER PLUS P25 1LT SIKKENS;529792;8;SIKKENS;34;AKZO NOBEL LTDA;20015;CATALISADORES INDIVIDUAS
9775;HARDENER PLUS P25 500ML SIKKENS;529795;8;SIKKENS;34;AKZO NOBEL LTDA;20015;CATALISADORES INDIVIDUAS
20608;HARDENER PLUS P25 5LTS SIKKENS;529793;8;SIKKENS;534;AKZO NOBEL LTDA;20015;CATALISADORES INDIVIDUAS
24314;HD SSD 120GB MULTILASER 2,5 POL;SS100;999999;.;267;PAR TECNOLOGIA E SERVICOS DE INFORMATICA LTDA EPP;999999;GRUPO CONVERSAO
24259;HEAVY CUT COMPOUND 400 GREEN 1KG MENZERNA;304035063;17;AUTO AMERICA;30;AUTOAMERICA IMP.EXP. DE PROD. AUTO. LTDA;20006;CERA  / LIMPEZA /  POLIMENTO VEICULAR
87187;HFX EXTREME DETERGENTE LM 1L AUTOLIMPE;PA214;800136;AUTOLIMPE;565;AUTOLIMPE INDUSTRIA E COMERCIO DE SANEANTES EIRELI;20006;CERA  / LIMPEZA /  POLIMENTO VEICULAR
24213;HFX EXTREME DETERGENTE LM 5L AUTOLIMPE;PA107;800136;AUTOLIMPE;565;AUTOLIMPE INDUSTRIA E COMERCIO DE SANEANTES EIRELI;20006;CERA  / LIMPEZA /  POLIMENTO VEICULAR
23444;HIDRACOURO 500ML VONIXX;2009010;10;VONIXX;425;VONIXX INDUSTRIA E COMERCIO DE POLIDORES LTDA;20011;LINHA DE HIGENIZAÇÃO E ESTÉTICA  AUTOMOTIVA VONIX
20808;HIDRATANTE DE COURO MOTHERS 6312 355ML;303545025;17;AUTO AMERICA;30;AUTOAMERICA IMP.EXP. DE PROD. AUTO. LTDA;20006;CERA  / LIMPEZA /  POLIMENTO VEICULAR
24301;HIDRATANTE DE COURO ULTRA PRO 150ML HUNGRIA;10001000144;60;HUNGRIA;550;HARTS DISTRIBUIDORA II LTDA;20006;CERA  / LIMPEZA /  POLIMENTO VEICULAR
87259;HIDRORREPELENTE HIDROFUGANTE BALDE 18L PADICOOL;1259;100001;PADICOOL;11000483;PADILHA IMPERMEABILIZANTES LTDA;30002;IMPERMEABILIZANTES
23443;HIGICOURO 500ML SPRAY VONIXX;2009012;10;VONIXX;425;VONIXX INDUSTRIA E COMERCIO DE POLIDORES LTDA;20011;LINHA DE HIGENIZAÇÃO E ESTÉTICA  AUTOMOTIVA VONIX
86053;HY HAMMERITE BR AMARELO 2,4L;5202882;800078;HAMMERITE;34;AKZO NOBEL LTDA;40001;ESMALTES
86052;HY HAMMERITE BR AZUL 2,4L;5202880;800078;HAMMERITE;34;AKZO NOBEL LTDA;40001;ESMALTES
86045;HY HAMMERITE BR BRANCO 2,4L;5202872;800078;HAMMERITE;534;AKZO NOBEL LTDA;40001;ESMALTES
86044;HY HAMMERITE BR BRANCO 800ML;5202871;800078;HAMMERITE;534;AKZO NOBEL LTDA;40001;ESMALTES
86049;HY HAMMERITE BR CINZA 2,4L;5202876;800078;HAMMERITE;534;AKZO NOBEL LTDA;40001;ESMALTES
86048;HY HAMMERITE BR CINZA 800ML;5202875;800078;HAMMERITE;34;AKZO NOBEL LTDA;40001;ESMALTES
86057;HY HAMMERITE BR MARROM 2,4L;5202886;800078;HAMMERITE;34;AKZO NOBEL LTDA;40001;ESMALTES
86056;HY HAMMERITE BR MARROM 800ML;5202885;800078;HAMMERITE;34;AKZO NOBEL LTDA;40001;ESMALTES
86182;HY HAMMERITE BR OURO 2,4L;5209166;800078;HAMMERITE;34;AKZO NOBEL LTDA;40001;ESMALTES
86183;HY HAMMERITE BR OURO 800ML;5209167;800078;HAMMERITE;34;AKZO NOBEL LTDA;40001;ESMALTES
86051;HY HAMMERITE BR PRATA 2,4L;5202878;800078;HAMMERITE;34;AKZO NOBEL LTDA;40001;ESMALTES
86050;HY HAMMERITE BR PRATA 800ML;5202877;800078;HAMMERITE;34;AKZO NOBEL LTDA;40001;ESMALTES
86047;HY HAMMERITE BR PRETO 2,4L;5202874;800078;HAMMERITE;534;AKZO NOBEL LTDA;40001;ESMALTES
86046;HY HAMMERITE BR PRETO 800ML;5202873;800078;HAMMERITE;34;AKZO NOBEL LTDA;40001;ESMALTES
86055;HY HAMMERITE BR VERDE 2,4L;5202884;800078;HAMMERITE;34;AKZO NOBEL LTDA;40001;ESMALTES
86054;HY HAMMERITE BR VERDE 800ML;5202883;800078;HAMMERITE;34;AKZO NOBEL LTDA;40001;ESMALTES
86181;HY HAMMERITE BR VERMELHO 2,4L;5209163;800078;HAMMERITE;34;AKZO NOBEL LTDA;40001;ESMALTES
86964;HYDROX FAST 500ML VONIXX;2051018;10;VONIXX;425;VONIXX INDUSTRIA E COMERCIO DE POLIDORES LTDA;20011;LINHA DE HIGENIZAÇÃO E ESTÉTICA  AUTOMOTIVA VONIX
86987;HYDROX WASH 240ML VONIXX;1040001;10;VONIXX;425;VONIXX INDUSTRIA E COMERCIO DE POLIDORES LTDA;20011;LINHA DE HIGENIZAÇÃO E ESTÉTICA  AUTOMOTIVA VONIX
85611;HYPER CUT 500ML DIMENSION;DC0008;6;MAXI RUBBER;11000387;MAXI RUBBER INDUSTRIAS QUIMICAS LTDA;20018;LÍQUIDOS P/ POLIMENTO 
85613;HYPER FINISH 500ML DIMENSION;DC0013;6;MAXI RUBBER;11000387;MAXI RUBBER INDUSTRIAS QUIMICAS LTDA;20018;LÍQUIDOS P/ POLIMENTO 
85612;HYPER GLOSS 500ML DIMENSION;DC0012;6;MAXI RUBBER;11000387;MAXI RUBBER INDUSTRIAS QUIMICAS LTDA;20018;LÍQUIDOS P/ POLIMENTO 
23977;IMP ELGIN L42PRO;43628;999999;.;381;ETITEC SOLUCOES INTELIGENTES;999999;GRUPO CONVERSAO
85207;IMPACT 1,5L VONIXX;2011054;10;VONIXX;425;VONIXX INDUSTRIA E COMERCIO DE POLIDORES LTDA;20011;LINHA DE HIGENIZAÇÃO E ESTÉTICA  AUTOMOTIVA VONIX
84395;IMPACT 3L VONIXX;2011055;10;VONIXX;425;VONIXX INDUSTRIA E COMERCIO DE POLIDORES LTDA;20011;LINHA DE HIGENIZAÇÃO E ESTÉTICA  AUTOMOTIVA VONIX
85203;IMPACT 5L VONIXX;2011009;10;VONIXX;425;VONIXX INDUSTRIA E COMERCIO DE POLIDORES LTDA;20011;LINHA DE HIGENIZAÇÃO E ESTÉTICA  AUTOMOTIVA VONIX
87240;IMPERMEABILIZANTE AM712 BALDE 18KG RHODOPAS;592;800138;RHODOPAS;156;PRODESIVO INDUSTRIA E COMERCIO LTDA;30002;IMPERMEABILIZANTES
87238;IMPERMEABILIZANTE AM712 FRASCO 1KG RHODOPAS;41;800138;RHODOPAS;156;PRODESIVO INDUSTRIA E COMERCIO LTDA;30002;IMPERMEABILIZANTES
87239;IMPERMEABILIZANTE AM712 GL 3,6KG RHODOPAS;590;800138;RHODOPAS;156;PRODESIVO INDUSTRIA E COMERCIO LTDA;30002;IMPERMEABILIZANTES
87237;IMPERMEABILIZANTE MANTA LIQUIDA BRANCA BALDE 15KG RHODOPAS;2781;800138;RHODOPAS;156;PRODESIVO INDUSTRIA E COMERCIO LTDA;30002;IMPERMEABILIZANTES
87236;IMPERMEABILIZANTE MANTA LIQUIDA BRANCA GL 3,6KG RHODOPAS;2810;800138;RHODOPAS;156;PRODESIVO INDUSTRIA E COMERCIO LTDA;30002;IMPERMEABILIZANTES
87355;IMPERMEABILIZANTE MANTA LIQUIDA CINZA BALDE 15KG RHODOPAS;2835;800138;RHODOPAS;156;PRODESIVO INDUSTRIA E COMERCIO LTDA;30002;IMPERMEABILIZANTES
87356;IMPERMEABILIZANTE MANTA LIQUIDA CINZA GL 3,6KG RHODOPAS;2837;800138;RHODOPAS;156;PRODESIVO INDUSTRIA E COMERCIO LTDA;30002;IMPERMEABILIZANTES
87114;IMPERMEABILIZANTE PAREDE VEDAMISTER BALDE 16L MISTERCRYL;6367;800113;MISTERCRYL;11000468;DURACOLOR INDUSTRIA E COMERCIO DE TINTAS;30023;TEXTURA
87235;IMPERMEABILIZANTE PAREDES E FACHADAS BRANCO BALDE 16KG RHODOPAS;2773;800138;RHODOPAS;156;PRODESIVO INDUSTRIA E COMERCIO LTDA;30002;IMPERMEABILIZANTES
87234;IMPERMEABILIZANTE PAREDES E FACHADAS BRANCO GL 3,6KG RHODOPAS;2772;800138;RHODOPAS;156;PRODESIVO INDUSTRIA E COMERCIO LTDA;30002;IMPERMEABILIZANTES
87320;IMPERMEABILIZANTE PINTURA ASFALTICA BALDE 18KG RHODOPAS;;800138;RHODOPAS;156;PRODESIVO INDUSTRIA E COMERCIO LTDA;30002;IMPERMEABILIZANTES
86886;IMPERMEABILIZANTE VEDACIT 3,6LT VEDACIT;121845;800098;VEDACIT;11000455;OTTO BAUMGART IND E COM S/A;30002;IMPERMEABILIZANTES
86887;IMPERMEABILIZANTE VEDACIT 900ML VEDACIT;122855;800098;VEDACIT;11000455;OTTO BAUMGART IND E COM S/A;30002;IMPERMEABILIZANTES
86885;IMPERMEABILIZANTE VEDACIT BALDE 18LT VEDACIT;112484;800098;VEDACIT;11000455;OTTO BAUMGART IND E COM S/A;30002;IMPERMEABILIZANTES
86889;IMPERMEABILIZANTE VEDALIT 3,6LT VEDACIT;121936;800098;VEDACIT;11000455;OTTO BAUMGART IND E COM S/A;30002;IMPERMEABILIZANTES
86890;IMPERMEABILIZANTE VEDALIT 900ML VEDACIT;121937;800098;VEDACIT;11000455;OTTO BAUMGART IND E COM S/A;30002;IMPERMEABILIZANTES
86888;IMPERMEABILIZANTE VEDALIT BALDE 18LT VEDACIT;112516;800098;VEDACIT;11000455;OTTO BAUMGART IND E COM S/A;30002;IMPERMEABILIZANTES
86892;IMPERMEABILIZANTE VEDAPREN PAREDE BRANCO 3,6KG VEDACIT;121864;800098;VEDACIT;11000455;OTTO BAUMGART IND E COM S/A;30002;IMPERMEABILIZANTES
86891;IMPERMEABILIZANTE VEDAPREN PAREDE BRANCO BALDE 18KG VEDACIT;112551;800098;VEDACIT;11000455;OTTO BAUMGART IND E COM S/A;30002;IMPERMEABILIZANTES
23628;IMPRESSORA HONEYWELL PC42;591980;33;ETITEC;381;ETITEC SOLUCOES INTELIGENTES;999999;GRUPO CONVERSAO
23910;IND SINT. AMARELO CATERPILLAR 80 3,600L SKY-21,93-ST;10009820113;57;SKY;521;SKYLACK TINTAS E VERNIZES LTDA;40001;ESMALTES
23909;IND SINT. AZUL 5497 MBB 97 3,600L SKY-21,94-ST;I10050760113;57;SKY;521;SKYLACK TINTAS E VERNIZES LTDA;40001;ESMALTES
23908;IND SINT. BRANCO PURO 3,600L SKY-21,94-ST;10009500113;57;SKY;521;SKYLACK TINTAS E VERNIZES LTDA;40001;ESMALTES
23904;IND SINT. PRETO CHASSIS SEMI FOSCO 3,600L SKY-21,94-ST;12009010113;57;SKY;521;SKYLACK TINTAS E VERNIZES LTDA;40001;ESMALTES
23903;IND SINT. PRETO FOSCO 0,900ML SKY-21,46-ST;12009000101;57;SKY;521;SKYLACK TINTAS E VERNIZES LTDA;40001;ESMALTES
23902;IND SINT. PRETO FOSCO 3,600L SKY-21,94-ST;12009000113;57;SKY;521;SKYLACK TINTAS E VERNIZES LTDA;40001;ESMALTES
23901;IND SINT. VERMELHO MASSEY FERGUSON 3,600L SKY-21,94-ST;10009520113;57;SKY;521;SKYLACK TINTAS E VERNIZES LTDA;40001;ESMALTES
23766;INSETICIDA;720;51;START;112;COM.ALVORADA LIMPEZA E DESCARTAVEIS;999999;GRUPO CONVERSAO
24296;INTENSE 500ML VONIXX;2009039;10;VONIXX;425;VONIXX INDUSTRIA E COMERCIO DE POLIDORES LTDA;20011;LINHA DE HIGENIZAÇÃO E ESTÉTICA  AUTOMOTIVA VONIX
85703;"INTERFACE REDUTOR DE IMPACTO 6"" NEWPAD";RED 6 C/F;46;NEW PAD;473;NEWPAD PRODUTOS AUTOMOTIVOS LTDA;20028;APLICADORES / ADAPTADORES / ENGATES / SUPORTES
99999;ITEM ESPECIAL;;999999;.;99999999;FORNECEDOR CONVERSAO;999999;GRUPO CONVERSAO
24230;IZER 500ML SPRAY VONIXX;2011040;10;VONIXX;425;VONIXX INDUSTRIA E COMERCIO DE POLIDORES LTDA;20011;LINHA DE HIGENIZAÇÃO E ESTÉTICA  AUTOMOTIVA VONIX
83796;KAZAN BLUE 240ML VONIXX;2050020;10;VONIXX;425;VONIXX INDUSTRIA E COMERCIO DE POLIDORES LTDA;20011;LINHA DE HIGENIZAÇÃO E ESTÉTICA  AUTOMOTIVA VONIX
83797;KAZAN RED 240ML VONIXX;2050010;10;VONIXX;425;VONIXX INDUSTRIA E COMERCIO DE POLIDORES LTDA;20011;LINHA DE HIGENIZAÇÃO E ESTÉTICA  AUTOMOTIVA VONIX
83799;KIT 3 BOINAS POLIMENTO EM CONE VONIXX;2006001;10;VONIXX;425;VONIXX INDUSTRIA E COMERCIO DE POLIDORES LTDA;20010;BOINAS PARA POLIMENTO
83798;KIT 3 ESCOVAS DETALHAMENTO NYLON AÇO VONIXX;2005067;10;VONIXX;425;VONIXX INDUSTRIA E COMERCIO DE POLIDORES LTDA;20011;LINHA DE HIGENIZAÇÃO E ESTÉTICA  AUTOMOTIVA VONIX
83800;KIT 3 PINCEIS DETALHAMENTO ULTRA MACIO VONIXX;2005066;10;VONIXX;425;VONIXX INDUSTRIA E COMERCIO DE POLIDORES LTDA;20011;LINHA DE HIGENIZAÇÃO E ESTÉTICA  AUTOMOTIVA VONIX
87058;KIT 3 PINCEIS DETALHAMENTO VINTEX SUPER MACIO VONIXX;2050056;10;VONIXX;425;VONIXX INDUSTRIA E COMERCIO DE POLIDORES LTDA;20011;LINHA DE HIGENIZAÇÃO E ESTÉTICA  AUTOMOTIVA VONIX
83801;KIT 5 PINCEIS DETALHAMENTO EXTERNO VONIXX;2005064;10;VONIXX;425;VONIXX INDUSTRIA E COMERCIO DE POLIDORES LTDA;20011;LINHA DE HIGENIZAÇÃO E ESTÉTICA  AUTOMOTIVA VONIX
24386;KIT 5 PINCEIS DETALHAMENTO INTERNO VONIXX;2005065;10;VONIXX;425;VONIXX INDUSTRIA E COMERCIO DE POLIDORES LTDA;20011;LINHA DE HIGENIZAÇÃO E ESTÉTICA  AUTOMOTIVA VONIX
85184;KIT ANTI PICHACAO KIT 3,6LT BRASILUX;KT 150060926;67;BRASILUX;556;BRASILUX TINTAS TECNICAS LTDA;40001;ESMALTES
10277;KIT COLA PLASTICA BRANCA 1KG C/ CAT 12ML RETOQUE;58;27;RETOQUE;11000446;QUIMICA AMARO LTDA;20026;COLA  PLÁSTICA 
87323;KIT COPA DO MUNDO;21516;67;BRASILUX;556;BRASILUX TINTAS TECNICAS LTDA;40001;ESMALTES
85716;KIT DE PINTURA ANTIRESPINGO 3 PEÇAS 2003 ATLAS;2003;35;ATLAS;80000522;ATLAS S.A.;30028;ROLOS / TRINCHAS / PINCÉIS / ESPÁTULAS
85717;KIT DE PINTURA E ACABAMENTO 5 PEÇAS AT1002 ATLAS;AT1002;35;ATLAS;80000522;ATLAS S.A.;30028;ROLOS / TRINCHAS / PINCÉIS / ESPÁTULAS
84228;KIT EPOXI 100% SOLVENTE (0V.O.C.) ECOLUX BRASGLASS CRISTAL 3,6L BRASIL;KT 870058526;67;BRASILUX;556;BRASILUX TINTAS TECNICAS LTDA;40002;EPOXI
84110;KIT EPOXI AMARELO SEGURANÇA 5Y8/12 3,6L BRASILUX;KT 030205126;67;BRASILUX;556;BRASILUX TINTAS TECNICAS LTDA;40002;EPOXI
84114;KIT EPOXI AZUL 2.5PB4/10 3,6L BRASILUX;KT 030309026;67;BRASILUX;556;BRASILUX TINTAS TECNICAS LTDA;40002;EPOXI
84113;KIT EPOXI BRANCO PURO N9,5 3,6L BRASILUX;KT 030504726;67;BRASILUX;556;BRASILUX TINTAS TECNICAS LTDA;40002;EPOXI
84111;KIT EPOXI CINZA CLARO N 6,5 3,6L BRASILUX;KT 030601726;67;BRASILUX;556;BRASILUX TINTAS TECNICAS LTDA;40002;EPOXI
84762;KIT EPOXI CINZA N3,5 3,6L BRASILUX;KT 030601426;67;BRASILUX;556;BRASILUX TINTAS TECNICAS LTDA;40002;EPOXI
84767;KIT EPOXI CINZA N5 MEDIO 3,6L BRASILUX;KT 030605426;67;BRASILUX;556;BRASILUX TINTAS TECNICAS LTDA;40002;EPOXI
84925;KIT EPOXI LARANJA 2.5YR6/14 3,6L BRASILUX;KT 030901426;67;BRASILUX;556;BRASILUX TINTAS TECNICAS LTDA;40002;EPOXI
85188;KIT EPOXI MASSA BRANCA 3,6L BRASILUX;KT 330500726;67;BRASILUX;556;BRASILUX TINTAS TECNICAS LTDA;40002;EPOXI
84112;KIT EPOXI PRETO N1 3,6L BRASILUX;KT 031500126;67;BRASILUX;556;BRASILUX TINTAS TECNICAS LTDA;40002;EPOXI
84117;KIT EPOXI PRIMER CINZA CLARO 3,6L BRASILUX;KT 030651526;67;BRASILUX;556;BRASILUX TINTAS TECNICAS LTDA;40002;EPOXI
84785;KIT EPOXI PRIMER CINZA N6,5 P/ ADESAO 3,6L BRASILUX;KT 030688026;67;BRASILUX;556;BRASILUX TINTAS TECNICAS LTDA;40002;EPOXI
84817;KIT EPOXI PRIMER OXIDO P/ ADESAO 3,6L BRASILUX;KT 032346626;67;BRASILUX;556;BRASILUX TINTAS TECNICAS LTDA;40002;EPOXI
84116;KIT EPOXI VERDE 2,5G 5/10 3,6L BRASILUX;KT 032264126;67;BRASILUX;556;BRASILUX TINTAS TECNICAS LTDA;40002;EPOXI
84115;KIT EPOXI VERMELHO 5R4/14 3,6L BRASILUX;KT 032304526;67;BRASILUX;556;BRASILUX TINTAS TECNICAS LTDA;40002;EPOXI
85187;KIT EPOXI VERNIZ 3,6L BRASILUX;KT 030011526;67;BRASILUX;556;BRASILUX TINTAS TECNICAS LTDA;40002;EPOXI
85705;KIT MARCAÇÃO DE CHASSI EM VIDRO;1;800069;BJC GRAVAÇÕES;11000445;BJC GRAVAÇÕES LTDA;20061;MANTA 
87279;KIT PPS 2 STD 650ML 200U C/ 50UN 3M;HB004833172;4;3M;36;3M DO BRASIL LTDA;20028;APLICADORES / ADAPTADORES / ENGATES / SUPORTES
85409;KIT PRIMER 2500 E END 1091 112ML WANDA-21,46-ST;607011;1;WANDA;34;AKZO NOBEL LTDA;20035;PRIMER AUTOMOTIVO
23076;KIT PRIMER 3100 E END 3093 100ML WANDA-21,46-ST;544377;1;WANDA;34;AKZO NOBEL LTDA;20035;PRIMER AUTOMOTIVO
23073;KIT PRIMER 4100 E END 3093 100ML WANDA-21,46-ST;544382;1;WANDA;34;AKZO NOBEL LTDA;20035;PRIMER AUTOMOTIVO
23077;KIT PRIMER 5100 BRANCO E END 3093 150ML-21,46-ST;544371;1;WANDA;34;AKZO NOBEL LTDA;20035;PRIMER AUTOMOTIVO
23069;KIT PRIMER 5100 CINZA MEDIO E END 3093 150ML WANDA-21,46-ST;544372;1;WANDA;34;AKZO NOBEL LTDA;20035;PRIMER AUTOMOTIVO
85410;KIT PRIMER 5500 CINZA MEDIO E END 3093 150ML WANDA;607071;1;WANDA;34;AKZO NOBEL LTDA;20035;PRIMER AUTOMOTIVO
85456;KIT PRIMER A2810 CINZA 900ML RHAI;202810K09;69;RHAI;562;ALV INDUSTRIA E COMERCIO DE TINTAS LTDA;20035;PRIMER AUTOMOTIVO
83959;KIT PRIMER SK800 E END SK080 900ML SKY-21,94-ST;640SK80001L;57;SKY;521;SKYLACK TINTAS E VERNIZES LTDA;20035;PRIMER AUTOMOTIVO
23610;KIT PU BRANCO 9004 900ML WANDA;558299;1;WANDA;34;AKZO NOBEL LTDA;20003;TINTAS PU
23386;KIT PU BRANCO 9147 MB 1994 900ML WANDA-21,46-ST;558293;1;WANDA;34;AKZO NOBEL LTDA;20003;TINTAS PU
23385;KIT PU BRANCO BANCHISA FIAT 1996 900ML WANDA-21,67-ST;558291;1;WANDA;34;AKZO NOBEL LTDA;20003;TINTAS PU
23383;KIT PU BRANCO CRISTAL VW 1999 900ML WANDA-21,67-ST;558296;1;WANDA;34;AKZO NOBEL LTDA;20003;TINTAS PU
23387;KIT PU BRANCO GEADA VW 1995 900ML WANDA;558290;1;WANDA;34;AKZO NOBEL LTDA;20003;TINTAS PU
23388;KIT PU BRANCO MAHLER GM 1994 900ML WANDA-21,46-ST;558298;1;WANDA;34;AKZO NOBEL LTDA;20003;TINTAS PU
21842;KIT PU BRANCO PURO 900ML WANDA;609387;1;WANDA;34;AKZO NOBEL LTDA;20003;TINTAS PU
9785;KIT PU BRANCO SUMMIT GM 2011 900ML WANDA;609386;1;WANDA;34;AKZO NOBEL LTDA;20003;TINTAS PU
23384;KIT PU PRETO CADILLAC 900ML WANDA-21,46-ST;558294;1;WANDA;34;AKZO NOBEL LTDA;20003;TINTAS PU
23654;KIT PU PRETO EBONY FORD 98 900ML WANDA;609385;1;WANDA;34;AKZO NOBEL LTDA;20003;TINTAS PU
21010;KIT PU PRETO NINJA VW 1995 900ML WANDA;609384;1;WANDA;34;AKZO NOBEL LTDA;20003;TINTAS PU
22644;KIT PU PRETO VULCANO FIAT 99 900ML WANDA;609388;1;WANDA;34;AKZO NOBEL LTDA;20003;TINTAS PU
23257;KIT PU VERMELHO ALPINE FIAT 900ML WANDA;609389;1;WANDA;34;AKZO NOBEL LTDA;20003;TINTAS PU
87385;KIT REPARO ABC SLIM X-LIGTH HTE /HALO 1.3 (CAPA, BICO, AGULHA) MAXI RU;820013;6;MAXI RUBBER;29;MAXI RUBBER INDUSTRIAS QUIMICAS LTDA;20023;PISTOLAS
23567;KIT REPARO PARA PISTOLA SLIM TRADICIONAL MAXI RUBBER;40761;6;MAXI RUBBER;11000387;MAXI RUBBER INDUSTRIAS QUIMICAS LTDA;20023;PISTOLAS
20308;KIT REPARO PARA PISTOLA X-LIGTH/HALO WALCOM;40783;6;MAXI RUBBER;29;MAXI RUBBER INDUSTRIAS QUIMICAS LTDA;20023;PISTOLAS
23432;KIT REPARO PEÇAS PLÁSTICAS LAZZURIL 2 CARTUCHOS DE 75GR;05.00.0038-636;3;SHERWIN WILLIAMS;35;SHERWIN - WILLIAMS DO BRASIL IND. E COM. LTDA;20028;APLICADORES / ADAPTADORES / ENGATES / SUPORTES
23973;KIT REPOSIÇÃO 3000 REFIL 3M;HB004659858;4;3M;36;3M DO BRASIL LTDA;20027;EPI´S
23399;KIT RESPIRADOR 3M 6200;HB004586481;4;3M;11000485;3M DO BRASIL LT;20027;EPI´S
10270;KIT SUPORTE AVOS 115X22.23MM NORTON;5539544862;11;NORTON;21;SAINT- GOBAIN DO BRASIL PROD. IND. E CONSTR. LTDA;20028;APLICADORES / ADAPTADORES / ENGATES / SUPORTES
87347;KIT TRADE INSTITUCIONAL VONIXX;2026601118;10;VONIXX;425;VONIXX INDUSTRIA E COMERCIO DE POLIDORES LTDA;20011;LINHA DE HIGENIZAÇÃO E ESTÉTICA  AUTOMOTIVA VONIX
85143;KIT UNIDADE COMPRESSORA 60-80-120 PES 2 ESTAGIO MOTOMIL;00015432.3;999999;.;11000426;GARTHEN INDUSTRIA E COMERCIO DE MAQUINAS LTDA;20058;OUTRAS FERRAMENTAS / EQUIPAMENTOS
24063;KIT VERNIZ 10.000 BICOMP E END 100 900ML SKY-21,94-ST;2201000001L3;57;SKY;521;SKYLACK TINTAS E VERNIZES LTDA;20034;VERNIZ AUTOMOTIVO
21200;KIT VERNIZ 4100 E END 3093 150ML WANDA-21,46-ST;544369;1;WANDA;34;AKZO NOBEL LTDA;20034;VERNIZ AUTOMOTIVO
24064;KIT VERNIZ 5.000 BICOMP E END 050 900ML SKY-21,94-ST;2200500001L3;57;SKY;521;SKYLACK TINTAS E VERNIZES LTDA;20034;VERNIZ AUTOMOTIVO
23063;KIT VERNIZ 5100 E END 3093 150ML WANDA-21,46-ST;544368;1;WANDA;34;AKZO NOBEL LTDA;20034;VERNIZ AUTOMOTIVO
23690;KIT VERNIZ 5500 E END 3093 150ML WANDA-21,46-ST;575841;1;WANDA;34;AKZO NOBEL LTDA;20034;VERNIZ AUTOMOTIVO
20455;KIT VERNIZ 6100 E END 610 150ML LAZZURIL;04.50.06100-520;3;SHERWIN WILLIAMS;35;SHERWIN - WILLIAMS DO BRASIL IND. E COM. LTDA;20034;VERNIZ AUTOMOTIVO
23602;KIT VERNIZ 8000 E END 054 150ML LAZZURIL;04.5N.08000-520;3;SHERWIN WILLIAMS;35;SHERWIN - WILLIAMS DO BRASIL IND. E COM. LTDA;20034;VERNIZ AUTOMOTIVO
20431;KIT VERNIZ 8050 E END 058 150ML LAZZURIL;15.50.08050-520;3;SHERWIN WILLIAMS;35;SHERWIN - WILLIAMS DO BRASIL IND. E COM. LTDA;20034;VERNIZ AUTOMOTIVO
24067;KIT VERNIZ ALTO SOLIDO 13.000+130 900ML+450ML SKY-21,46-ST;2201300001L9;57;SKY;521;SKYLACK TINTAS E VERNIZES LTDA;20034;VERNIZ AUTOMOTIVO
20960;KIT VERNIZ FOSCO VF001 E END H0010 150ML LAZZURIL;75.50.VF001-520;3;SHERWIN WILLIAMS;35;SHERWIN - WILLIAMS DO BRASIL IND. E COM. LTDA;20034;VERNIZ AUTOMOTIVO
24196;KIT VERNIZ PU FOSCO 0,900ML SKY-21,46-ST;222SK28001L3;57;SKY;521;SKYLACK TINTAS E VERNIZES LTDA;20034;VERNIZ AUTOMOTIVO
87244;KIT VERNIZ PU P/ PISO BRILHANTE 5X1 GL 3,6L MAZA;251000;800053;MAZA;11000423;MAZA PRODUTOS QUIMICOS LTDA;40002;EPOXI
84895;KIT VERNIZ PU-ALIFAT. FOSCO P/ PISO 3,6L BRASILUX;KT 150010126;67;BRASILUX;556;BRASILUX TINTAS TECNICAS LTDA;40002;EPOXI
84896;KIT VERNIZ PU-ALIFATICO P/ PISO 3,6L BRASILUX;KT 150023126;67;BRASILUX;556;BRASILUX TINTAS TECNICAS LTDA;40002;EPOXI
87261;KIT VIBRALESS 3/8 CH VL-320 CHIAPERINI;4017;72;CHIAPERINI;571;CHIAPERINI INDUSTRIAL LTDA;20058;OUTRAS FERRAMENTAS / EQUIPAMENTOS
24417;KIT VX 45 VITRIFICADOR DE PINTURA 30ML ALCANCE;13;25;ALCANCE;387;ALCANCE TECNOLOGIA QUIMICA LTDA;20006;CERA  / LIMPEZA /  POLIMENTO VEICULAR
85498;LACA ALUMINIO P/ RODAS 900ML LAZZURIL;01.20.00908-004;3;SHERWIN WILLIAMS;35;SHERWIN - WILLIAMS DO BRASIL IND. E COM. LTDA;20002;TINTAS POLIÉSTER
24119;LACA NITRO BRANCO PURO 900ML SKY-21,45-ST;5,1001E+11;57;SKY;521;SKYLACK TINTAS E VERNIZES LTDA;20047;TINTAS LACA
87228;LACA NITRO ESPECIAL ALUMINIO OPAL P/ RODAS 900ML BRASILUX;BT 040100301;67;BRASILUX;556;BRASILUX TINTAS TECNICAS LTDA;20047;TINTAS LACA
118;LACA PRETO CADILLAC 3,600L SKY-21,94-ST;5,10009E+11;57;SKY;521;SKYLACK TINTAS E VERNIZES LTDA;20047;TINTAS LACA
109;LACA PRETO FOSCO 0,900ML SKY-21,94-ST;5120090001B8;57;SKY;521;SKYLACK TINTAS E VERNIZES LTDA;20047;TINTAS LACA
119;LACA PRETO FOSCO 3,600L SKY-21,94-ST;5,12009E+11;57;SKY;521;SKYLACK TINTAS E VERNIZES LTDA;20047;TINTAS LACA
23526;LACRE P/ MALOTE LMR 17 NUMERADO 23CM AZUL LACREPLAST;149284;100013;LACREPLAST;11000474;OMNI COMERCIO E SERVIÇOS LTDA;999999;GRUPO CONVERSAO
85476;LAMATO 20KG - BALDE;113417;800060;DÁVILA  INOVE;11000432;MARTELENA ALMEIDA INDUSTRIA E COMERCIO DE TINTAS EIRELI;40002;EPOXI
23971;LAMINA P/ ESTILETE LARGO 18MM;20484;800121;MASTERPRINT;11000474;OMNI COMERCIO E SERVIÇOS LTDA;999999;GRUPO CONVERSAO
24328;LANTERNA DE INSPEÇÃO DE COR RECARREGAVEL 6W VONDER;80.75.096.005;41;VONDER;502;O.V.D. IMPORTADORA E DISTRIBUIDORA LTDA;20058;OUTRAS FERRAMENTAS / EQUIPAMENTOS
23531;LAPIS PRETO N.2;197696;800121;MASTERPRINT;11000474;OMNI COMERCIO E SERVIÇOS LTDA;999999;GRUPO CONVERSAO
23959;LAVA A SECO HARTS BY HUNGRIA 500ML CARRO;10001000030;60;HUNGRIA;526;CARTS ESTETICA AUTOMOTIVA E RESIDENCIAL LTDA;20006;CERA  / LIMPEZA /  POLIMENTO VEICULAR
23960;LAVA A SECO HARTS BY HUNGRIA 500ML MOTO;259;60;HUNGRIA;526;CARTS ESTETICA AUTOMOTIVA E RESIDENCIAL LTDA;20006;CERA  / LIMPEZA /  POLIMENTO VEICULAR
23964;LAVA AUTO UTRA WASHING 5 LTS TRADICIONAL HUNGRIA;10001000034;60;HUNGRIA;526;CARTS ESTETICA AUTOMOTIVA E RESIDENCIAL LTDA;20006;CERA  / LIMPEZA /  POLIMENTO VEICULAR
23963;LAVA AUTO UTRA WASHING COM CERA 5 LTS HUNGRIA;10001000032;60;HUNGRIA;526;CARTS ESTETICA AUTOMOTIVA E RESIDENCIAL LTDA;20006;CERA  / LIMPEZA /  POLIMENTO VEICULAR
23483;LAVA AUTOS 5L VONIXX;2008019;10;VONIXX;425;VONIXX INDUSTRIA E COMERCIO DE POLIDORES LTDA;20011;LINHA DE HIGENIZAÇÃO E ESTÉTICA  AUTOMOTIVA VONIX
23733;LAVA AUTOS MONZA 500ML PEROLA-20,92-ST;80901;47;PEROLA;475;INDUSTRIA E COMERCIO DE POLIDORES PEROLA LTDA;20006;CERA  / LIMPEZA /  POLIMENTO VEICULAR
22982;LAVA LOUÇA 500ML-4,51-ST;10012;999999;.;452;LIMA & PERGHER INDUSTRIAL E COMERCIO;999999;GRUPO CONVERSAO
85408;LAVA LOUÇA NEUTRO 5L;11676;29;BRILHOMAX;112;COM.ALVORADA LIMPEZA E DESCARTAVEIS;999999;GRUPO CONVERSAO
166;LAVA LOUÇAS NEUTRO UZUCLEAN 5LTS-19,63-ST;308;999999;.;586;UZUCLEAN INS COM IMP EXP LTDA;999999;GRUPO CONVERSAO
86914;LAVADORA ALTA PRESSÃO HD 585 PROFISSIONAL 220V KARCHER;19742410;800099;KARCHER;11000456;KARCHER IND E COM LTDA;20011;LINHA DE HIGENIZAÇÃO E ESTÉTICA  AUTOMOTIVA VONIX
22598;LAVADORA ALTA PRESSAO PORTATIL 1400W 220V KARCHER;19943820;800099;KARCHER;11000456;KARCHER IND E COM LTDA;20011;LINHA DE HIGENIZAÇÃO E ESTÉTICA  AUTOMOTIVA VONIX
23734;LAVAGEM A SECO 500ML PEROLA-20,92-ST;81001;47;PEROLA;475;INDUSTRIA E COMERCIO DE POLIDORES PEROLA LTDA;20006;CERA  / LIMPEZA /  POLIMENTO VEICULAR
22956;LAZZUDUR ENDURECEDOR PU 900ML;55.66.00061-225;3;SHERWIN WILLIAMS;35;SHERWIN - WILLIAMS DO BRASIL IND. E COM. LTDA;20003;TINTAS PU
21819;LAZZUDUR POLIESTER BRANCO ARTICO LISA 900ML;04.00.03822-004;3;SHERWIN WILLIAMS;35;SHERWIN - WILLIAMS DO BRASIL IND. E COM. LTDA;20002;TINTAS POLIÉSTER
20318;LAZZUDUR POLIESTER BRANCO BANCHISA LISA 900ML;04.00.04049-004;3;SHERWIN WILLIAMS;35;SHERWIN - WILLIAMS DO BRASIL IND. E COM. LTDA;20002;TINTAS POLIÉSTER
20375;LAZZUDUR POLIESTER BRANCO CRISTAL LISA 900ML;04.00.01577-004;3;SHERWIN WILLIAMS;35;SHERWIN - WILLIAMS DO BRASIL IND. E COM. LTDA;20002;TINTAS POLIÉSTER
20374;LAZZUDUR POLIESTER BRANCO GEADA LISA 900ML;04.00.01142-004;3;SHERWIN WILLIAMS;35;SHERWIN - WILLIAMS DO BRASIL IND. E COM. LTDA;20002;TINTAS POLIÉSTER
20346;LAZZUDUR POLIESTER BRANCO MAHLER II LISA 900ML;04.00.02788-004;3;SHERWIN WILLIAMS;35;SHERWIN - WILLIAMS DO BRASIL IND. E COM. LTDA;20002;TINTAS POLIÉSTER
21782;LAZZUDUR POLIESTER BRANCO POLAR LISA 900ML;04.00.99073.004;3;SHERWIN WILLIAMS;35;SHERWIN - WILLIAMS DO BRASIL IND. E COM. LTDA;20002;TINTAS POLIÉSTER
22593;LAZZUDUR POLIESTER BRANCO PURO LISA LC9A/0Q0Q 900ML;04.00.10182-004;3;SHERWIN WILLIAMS;35;SHERWIN - WILLIAMS DO BRASIL IND. E COM. LTDA;999999;GRUPO CONVERSAO
21820;LAZZUDUR POLIESTER BRANCO SUMMIT LISA 900ML;04.00.20094-004;3;SHERWIN WILLIAMS;35;SHERWIN - WILLIAMS DO BRASIL IND. E COM. LTDA;20002;TINTAS POLIÉSTER
23045;LAZZUDUR POLIESTER BRIGHT SILVER MET 3D;04.20.87774-004;3;SHERWIN WILLIAMS;35;SHERWIN - WILLIAMS DO BRASIL IND. E COM. LTDA;20002;TINTAS POLIÉSTER
21553;LAZZUDUR POLIESTER CINZA PALADIUM MET NH737M 900ML;04.20.85462-004;3;SHERWIN WILLIAMS;35;SHERWIN - WILLIAMS DO BRASIL IND. E COM. LTDA;20002;TINTAS POLIÉSTER
20321;LAZZUDUR POLIESTER CINZA SCANDIUM MET 900ML;04.20.04764-004;3;SHERWIN WILLIAMS;35;SHERWIN - WILLIAMS DO BRASIL IND. E COM. LTDA;20002;TINTAS POLIÉSTER
85587;LAZZUDUR POLIESTER CINZA TRANCOSO MET 900ML;04.20.03888-004;3;SHERWIN WILLIAMS;35;SHERWIN - WILLIAMS DO BRASIL IND. E COM. LTDA;20002;TINTAS POLIÉSTER
20325;LAZZUDUR POLIESTER PRATA BARI MET 900ML;04.20.04747-004;3;SHERWIN WILLIAMS;35;SHERWIN - WILLIAMS DO BRASIL IND. E COM. LTDA;20002;TINTAS POLIÉSTER
23760;LAZZUDUR POLIESTER PRATA BARI V MET 619A 900ML;04.20.04153-004;3;SHERWIN WILLIAMS;35;SHERWIN - WILLIAMS DO BRASIL IND. E COM. LTDA;20002;TINTAS POLIÉSTER
20352;LAZZUDUR POLIESTER PRATA ESCUNA III MET 900ML;04.20.02903-004;3;SHERWIN WILLIAMS;35;SHERWIN - WILLIAMS DO BRASIL IND. E COM. LTDA;20002;TINTAS POLIÉSTER
20936;LAZZUDUR POLIESTER PRATA ETOILE MET KNH 900ML;04.20.88991-004;3;SHERWIN WILLIAMS;35;SHERWIN - WILLIAMS DO BRASIL IND. E COM. LTDA;20002;TINTAS POLIÉSTER
20339;LAZZUDUR POLIESTER PRATA GEADA III MET 900ML;04.20.03915-004;3;SHERWIN WILLIAMS;35;SHERWIN - WILLIAMS DO BRASIL IND. E COM. LTDA;999999;GRUPO CONVERSAO
20472;LAZZUDUR POLIESTER PRATA GLOBAL MET NH700M 900ML;04.20.86840-004;3;SHERWIN WILLIAMS;35;SHERWIN - WILLIAMS DO BRASIL IND. E COM. LTDA;20002;TINTAS POLIÉSTER
20382;LAZZUDUR POLIESTER PRATA LUNAR MET 900ML;04.20.01542-004;3;SHERWIN WILLIAMS;35;SHERWIN - WILLIAMS DO BRASIL IND. E COM. LTDA;20002;TINTAS POLIÉSTER
20354;LAZZUDUR POLIESTER PRATA POLARIS MET 900ML;04.20.02863-004;3;SHERWIN WILLIAMS;35;SHERWIN - WILLIAMS DO BRASIL IND. E COM. LTDA;20002;TINTAS POLIÉSTER
20383;LAZZUDUR POLIESTER PRATA REFLEX MET 900ML;04.20.01937-004;3;SHERWIN WILLIAMS;35;SHERWIN - WILLIAMS DO BRASIL IND. E COM. LTDA;20002;TINTAS POLIÉSTER
23616;LAZZUDUR POLIESTER PRATA SAND MET 900ML;04.20.83069-004;3;SHERWIN WILLIAMS;35;SHERWIN - WILLIAMS DO BRASIL IND. E COM. LTDA;20002;TINTAS POLIÉSTER
20846;LAZZUDUR POLIESTER PRATA SIRIUS MET;04.20.01349-004;3;SHERWIN WILLIAMS;35;SHERWIN - WILLIAMS DO BRASIL IND. E COM. LTDA;999999;GRUPO CONVERSAO
21548;LAZZUDUR POLIESTER PRETO BRISTOL MET- UH 900ML;04.20.03221-004;3;SHERWIN WILLIAMS;35;SHERWIN - WILLIAMS DO BRASIL IND. E COM. LTDA;20002;TINTAS POLIÉSTER
20384;LAZZUDUR POLIESTER PRETO NINJA LISA 900ML;04.00.01576-004;3;SHERWIN WILLIAMS;35;SHERWIN - WILLIAMS DO BRASIL IND. E COM. LTDA;20002;TINTAS POLIÉSTER
87111;LAZZUDUR POLIESTER PRETO VESUVIO 900ML;04.00.04721-004;3;SHERWIN WILLIAMS;35;SHERWIN - WILLIAMS DO BRASIL IND. E COM. LTDA;20002;TINTAS POLIÉSTER
20327;LAZZUDUR POLIESTER PRETO VESUVIO MET 900ML;04.20.04721-004;3;SHERWIN WILLIAMS;35;SHERWIN - WILLIAMS DO BRASIL IND. E COM. LTDA;20002;TINTAS POLIÉSTER
20333;LAZZUDUR POLIESTER VERMELHO ALPINE LISA 900ML;04.00.04053-004;3;SHERWIN WILLIAMS;35;SHERWIN - WILLIAMS DO BRASIL IND. E COM. LTDA;20002;TINTAS POLIÉSTER
23718;LAZZUDUR POLIESTER VERMELHO BARI LISA 900ML;04.00.03810-004;3;SHERWIN WILLIAMS;35;SHERWIN - WILLIAMS DO BRASIL IND. E COM. LTDA;20002;TINTAS POLIÉSTER
20570;LAZZUDUR POLIESTER VERMELHO BARROCO PEROL 900ML;04.20.04729-004;3;SHERWIN WILLIAMS;35;SHERWIN - WILLIAMS DO BRASIL IND. E COM. LTDA;20002;TINTAS POLIÉSTER
21215;LAZZUDUR POLIESTER VERMELHO FLASH IV LISA 900ML;04.00.01352-004;3;SHERWIN WILLIAMS;35;SHERWIN - WILLIAMS DO BRASIL IND. E COM. LTDA;20002;TINTAS POLIÉSTER
21418;LAZZUDUR POLIESTER VERMELHO LISA 900ML;04.00.01197-004;3;SHERWIN WILLIAMS;35;SHERWIN - WILLIAMS DO BRASIL IND. E COM. LTDA;20002;TINTAS POLIÉSTER
20363;LAZZUDUR POLIESTER VERMELHO LUCIFER PEROL 900ML;04.20.83510-004;3;SHERWIN WILLIAMS;35;SHERWIN - WILLIAMS DO BRASIL IND. E COM. LTDA;999999;GRUPO CONVERSAO
85297;LAZZUDUR POLIESTER VERMELHO MONTECARLO L.VR978/A 900ML;04.00.04173-004;3;SHERWIN WILLIAMS;35;SHERWIN - WILLIAMS DO BRASIL IND. E COM. LTDA;20002;TINTAS POLIÉSTER
21451;LAZZUDUR PONTE ADERENTE 83405 900ML;05.00.83405-224;3;SHERWIN WILLIAMS;35;SHERWIN - WILLIAMS DO BRASIL IND. E COM. LTDA;1039;..............................................
21822;LAZZUDUR PRETO ECLIPSE PEROL. 900ML;7,89145E+12;3;SHERWIN WILLIAMS;35;SHERWIN - WILLIAMS DO BRASIL IND. E COM. LTDA;20002;TINTAS POLIÉSTER
87112;LAZZUDUR PU AMARELO INDIANAPOLIS 258A 675ML;55.00.04094-244;3;SHERWIN WILLIAMS;35;SHERWIN - WILLIAMS DO BRASIL IND. E COM. LTDA;20003;TINTAS PU
87113;LAZZUDUR PU AMARELO OURO 1900 675ML;55.00.00513-244;3;SHERWIN WILLIAMS;35;SHERWIN - WILLIAMS DO BRASIL IND. E COM. LTDA;20003;TINTAS PU
23122;LAZZUDUR PU AZUL BUZIOS 675ML;55.00.04711-244;3;SHERWIN WILLIAMS;35;SHERWIN - WILLIAMS DO BRASIL IND. E COM. LTDA;20003;TINTAS PU
22594;LAZZUDUR PU BRANCO ARTICO 675ML;55.00.03822-244;3;SHERWIN WILLIAMS;35;SHERWIN - WILLIAMS DO BRASIL IND. E COM. LTDA;20003;TINTAS PU
21036;LAZZUDUR PU BRANCO BANCHISA 675ML;05.00.04049-244;3;SHERWIN WILLIAMS;35;SHERWIN - WILLIAMS DO BRASIL IND. E COM. LTDA;20003;TINTAS PU
21856;LAZZUDUR PU BRANCO CRISTAL 675ML;55.00.01577-244;3;SHERWIN WILLIAMS;35;SHERWIN - WILLIAMS DO BRASIL IND. E COM. LTDA;20003;TINTAS PU
21034;LAZZUDUR PU BRANCO GEADA I 675ML;05.00.01142-244;3;SHERWIN WILLIAMS;35;SHERWIN - WILLIAMS DO BRASIL IND. E COM. LTDA;20003;TINTAS PU
21035;LAZZUDUR PU BRANCO MAHLER 675ML;55.00.02618-244;3;SHERWIN WILLIAMS;35;SHERWIN - WILLIAMS DO BRASIL IND. E COM. LTDA;20003;TINTAS PU
87105;LAZZUDUR PU BRANCO PURO II 675ML;55.00.00990-244;3;SHERWIN WILLIAMS;35;SHERWIN - WILLIAMS DO BRASIL IND. E COM. LTDA;20003;TINTAS PU
87106;LAZZUDUR PU BRANCO SUMMIT WA8624 675ML;55.00.20094-244;3;SHERWIN WILLIAMS;35;SHERWIN - WILLIAMS DO BRASIL IND. E COM. LTDA;20003;TINTAS PU
21033;LAZZUDUR PU PRETO CADILAC 675ML;55.00.00901-244;3;SHERWIN WILLIAMS;35;SHERWIN - WILLIAMS DO BRASIL IND. E COM. LTDA;20003;TINTAS PU
87107;LAZZUDUR PU PRETO EBONY 675ML;55.00.03739-244;3;SHERWIN WILLIAMS;35;SHERWIN - WILLIAMS DO BRASIL IND. E COM. LTDA;20003;TINTAS PU
22031;LAZZUDUR PU PRETO LISZT II 675ML;55.00.02673-244;3;SHERWIN WILLIAMS;35;SHERWIN - WILLIAMS DO BRASIL IND. E COM. LTDA;20003;TINTAS PU
87108;LAZZUDUR PU PRETO NINJA 675ML;55.00.01576-244;3;SHERWIN WILLIAMS;35;SHERWIN - WILLIAMS DO BRASIL IND. E COM. LTDA;20003;TINTAS PU
87109;LAZZUDUR PU PRETO VULCANO 675ML;55.00.04646-244;3;SHERWIN WILLIAMS;35;SHERWIN - WILLIAMS DO BRASIL IND. E COM. LTDA;20003;TINTAS PU
23354;LAZZUDUR PU VERMELHO ALPINE 675ML;55.00.04053-244;3;SHERWIN WILLIAMS;35;SHERWIN - WILLIAMS DO BRASIL IND. E COM. LTDA;20003;TINTAS PU
23054;LAZZUDUR PU VERMELHO FLASH IV 675ML;55.00.01352-244;3;SHERWIN WILLIAMS;35;SHERWIN - WILLIAMS DO BRASIL IND. E COM. LTDA;20003;TINTAS PU
87110;LAZZUDUR PU VERMELHO LYRA 675ML;55.00.02898-244;3;SHERWIN WILLIAMS;35;SHERWIN - WILLIAMS DO BRASIL IND. E COM. LTDA;20003;TINTAS PU
23976;LEITOR COD BARRAS C3 TECH LASE SEM FIO;227225;999999;.;381;ETITEC SOLUCOES INTELIGENTES;999999;GRUPO CONVERSAO
86959;LEQUE COR RODOAGRO BRASILUX;4201;67;BRASILUX;556;BRASILUX TINTAS TECNICAS LTDA;20063;TINTA DE LABORATÓRIO
21491;LIMA FUNILEIRO CORTE FINO 299B 350 H1 PFERD;14101351;800114;PFERD;11000472;PFERD RUGGEBERG DO BRASIL LTDA;20058;OUTRAS FERRAMENTAS / EQUIPAMENTOS
22219;LIMA FUNILEIRO CORTE GROSSO 299B 350 H3 PFERD;14101353;800114;PFERD;11000472;PFERD RUGGEBERG DO BRASIL LTDA;20058;OUTRAS FERRAMENTAS / EQUIPAMENTOS
24334;LIMPA AR CONDICIONADO GRANADA CARRO NOVO 200ML ORBI AIR-20,92-ST;5977;68;ORBI;558;ORBI QUIMICA S/A;20057;LIMPA AR CONDICIONADO
24380;LIMPA AR CONDICIONADO GRANADA CLASSIC 200ML ORBI AIR-20,92-ST;5979;68;ORBI;558;ORBI QUIMICA S/A;20057;LIMPA AR CONDICIONADO
24378;LIMPA AR CONDICIONADO GRANADA FLORAL 200ML ORBI-20,92-ST;5976;68;ORBI;558;ORBI QUIMICA S/A;20057;LIMPA AR CONDICIONADO
24379;LIMPA AR CONDICIONADO GRANADA LAVANDA 200ML ORBI-20,92-ST;5978;68;ORBI;558;ORBI QUIMICA S/A;20057;LIMPA AR CONDICIONADO
85637;LIMPA CONTATO LATA 300ML/170G UNIPEGA;AES0534.0012;800067;UNIPEGA;11000443;A&S TECHNOLOGIES INDUSTRIA E COMERCIO LTDA;20062;DESENGRIPANTE
24207;LIMPA PEDRAS PEDREX 5L;1172;51;START;452;LIMA & PERGHER INDUSTRIAL E COMERCIO;999999;GRUPO CONVERSAO
23745;LIMPA PLASTICOS 500ML PEROLA-20,92-ST;60608;47;PEROLA;475;INDUSTRIA E COMERCIO DE POLIDORES PEROLA LTDA;20006;CERA  / LIMPEZA /  POLIMENTO VEICULAR
23558;LIMPA TELA 100ML KIT COM FLANELA 3M;HB004461479;4;3M;36;3M DO BRASIL LTDA;20020;FLANELAS / PANOS
23593;LIMPA VIDROS 500ML JET STREET;7,89863E+12;40;JET STREET;441;JET STREET PRODUTOS AUTOMOTIVOS LTDA;20006;CERA  / LIMPEZA /  POLIMENTO VEICULAR
23736;LIMPA VIDROS 500ML PEROLA-20,92-ST;131301;47;PEROLA;475;INDUSTRIA E COMERCIO DE POLIDORES PEROLA LTDA;20006;CERA  / LIMPEZA /  POLIMENTO VEICULAR
24302;LIMPA VIDROS ANTI-EMBAÇAMENTO 500ML HUNGRIA;10001000036;60;HUNGRIA;550;HARTS DISTRIBUIDORA II LTDA;20006;CERA  / LIMPEZA /  POLIMENTO VEICULAR
23538;LIMPA VIDROS BRINDEX C/ GATILHO 500ML;6346;29;BRILHOMAX;112;COM.ALVORADA LIMPEZA E DESCARTAVEIS;999999;GRUPO CONVERSAO
83965;LIMPADOR DE PISTOLA 3M 26689;UN-001;4;3M;36;3M DO BRASIL LTDA;20023;PISTOLAS
83808;LIMPADOR GEL AZULIM 5KG-5,13-ST;45455;999999;.;454;LIMA & PERGHERN INDUSTRIA E COMERCIO;999999;GRUPO CONVERSAO
23541;LIMPADOR GEL AZULIM LAVANDA 4 EM 1 5LT;287;800092;LAVANDA;112;COM.ALVORADA LIMPEZA E DESCARTAVEIS;999999;GRUPO CONVERSAO
87024;LIMPADOR VEJA MULTIUSO 500ML;11408;800092;LAVANDA;112;COM.ALVORADA LIMPEZA E DESCARTAVEIS;999999;GRUPO CONVERSAO
22258;LIMPEZA FINAL 500ML (PERFECT IT) 3M;HB004316525;4;3M;36;3M DO BRASIL LTDA;20018;LÍQUIDOS P/ POLIMENTO 
87161;LIQUIBRILHO INCOLOR LATA 18LT MISTERCRYL;;800113;MISTERCRYL;11000468;DURACOLOR INDUSTRIA E COMERCIO DE TINTAS;30001;TINTA PAREDE
87162;LIQUIBRILHO INCOLOR LATA 3,6LT MISTERCRYL;;800113;MISTERCRYL;11000468;DURACOLOR INDUSTRIA E COMERCIO DE TINTAS;30001;TINTA PAREDE
23000;LIQUID ICE CERA P/ LIMPEZA SPRAY NORTON;66261070205;11;NORTON;21;SAINT- GOBAIN DO BRASIL PROD. IND. E CONSTR. LTDA;20006;CERA  / LIMPEZA /  POLIMENTO VEICULAR
10070;LIQUID ICE ULTRA STEP 2 REFINO E LUSTRO NORTON;4152;11;NORTON;21;SAINT- GOBAIN DO BRASIL PROD. IND. E CONSTR. LTDA;20006;CERA  / LIMPEZA /  POLIMENTO VEICULAR
24256;LIQUIDO DE ACABAMENTO 2EM1 500ML 3M;HB004674535;4;3M;36;3M DO BRASIL LTDA;20018;LÍQUIDOS P/ POLIMENTO 
85509;LIQUIDO DE CORTE ROTO 3M 34130;HB004790141;4;3M;36;3M DO BRASIL LTDA;20018;LÍQUIDOS P/ POLIMENTO 
85510;LIQUIDO DE FINALIZADOR ROTO 34133 3M;HB004790166;4;3M;36;3M DO BRASIL LTDA;20018;LÍQUIDOS P/ POLIMENTO 
10342;LIQUIDO DE MASCARAMENTO 20L LAZZURIL;05.00.00085-127;3;SHERWIN WILLIAMS;35;SHERWIN - WILLIAMS DO BRASIL IND. E COM. LTDA;20017;MASCARAMENTO 
21721;LIQUIDO DE MASCARAMENTO 5L WANDA-20,56-ST;529474;1;WANDA;34;AKZO NOBEL LTDA;20017;MASCARAMENTO 
23458;LIQUIDO LUSTRADOR 500ML 3M;HB004584429;4;3M;36;3M DO BRASIL LTDA;20018;LÍQUIDOS P/ POLIMENTO 
22961;LIVRO PROTOCOLO DE CORRESPONDENCIA 104 FLS;17065;999999;.;522;DJF Comercial de Papelaria Ltda. - ME;999999;GRUPO CONVERSAO
87123;LIXA AGUA T499 Nº 2000 DI 152X0X0MM NORTON;78072755412;11;NORTON;21;SAINT- GOBAIN DO BRASIL PROD. IND. E CONSTR. LTDA;20007;DISCOS / LIXAS / ABRASIVOS 
23100;LIXA BLUE 080 225X275MM 338U 3M;HB004532634;4;3M;36;3M DO BRASIL LTDA;20007;DISCOS / LIXAS / ABRASIVOS 
23098;LIXA BLUE 120 225X275MM 338U 3M;HB004532642;4;3M;36;3M DO BRASIL LTDA;20007;DISCOS / LIXAS / ABRASIVOS 
23101;LIXA BLUE 150 225X275MM 338U 3M;HB004532675;4;3M;36;3M DO BRASIL LTDA;20007;DISCOS / LIXAS / ABRASIVOS 
23128;LIXA BLUE 180 225X275MM 338U 3M;HB004532683;4;3M;36;3M DO BRASIL LTDA;20007;DISCOS / LIXAS / ABRASIVOS 
23099;LIXA BLUE 220 225X275MM 338U 3M;HB004532691;4;3M;36;3M DO BRASIL LTDA;20007;DISCOS / LIXAS / ABRASIVOS 
23096;LIXA BLUE 320 225X275MM 338U 3M;HB004619233;4;3M;36;3M DO BRASIL LTDA;20007;DISCOS / LIXAS / ABRASIVOS 
23097;LIXA BLUE 400 225X275MM 338U 3M;HB004661870;4;3M;36;3M DO BRASIL LTDA;20007;DISCOS / LIXAS / ABRASIVOS 
23102;LIXA BLUE 600 225X275MM 338U 3M;HB004532725;4;3M;36;3M DO BRASIL LTDA;20007;DISCOS / LIXAS / ABRASIVOS 
23103;LIXA BLUE 800 225X275MM 338U 3M;HB004532733;4;3M;36;3M DO BRASIL LTDA;20007;DISCOS / LIXAS / ABRASIVOS 
13;LIXA DAGUA FOLHA INTEIRA Nº 1200 401Q 3M;HC000657136;4;3M;36;3M DO BRASIL LTDA;20009;LIXA DÁGUA
15;LIXA DAGUA FOLHA INTEIRA Nº 1500 401Q 3M;HC000657144;4;3M;36;3M DO BRASIL LTDA;20009;LIXA DÁGUA
87249;LIXA DAGUA FOLHA INTEIRA Nº 2000 401Q 3M;HC000674198;4;3M;36;3M DO BRASIL LTDA;20009;LIXA DÁGUA
16;LIXA DAGUA MEIA FOLHA Nº 2000 401Q 3M;HC000657219;4;3M;36;3M DO BRASIL LTDA;20009;LIXA DÁGUA
20021;LIXA DAGUA MEIA FOLHA Nº 2500 401Q 3M;HC000657227;4;3M;36;3M DO BRASIL LTDA;20009;LIXA DÁGUA
83819;LIXA DAGUA MEIA FOLHA Nº 3000 401Q 3M;HC000657235;4;3M;36;3M DO BRASIL LTDA;20009;LIXA DÁGUA
56;LIXA DAGUA Nº 080 331Q 3M;HB004688030;4;3M;36;3M DO BRASIL LTDA;20009;LIXA DÁGUA
60;LIXA DAGUA Nº 100 331Q 3M;HB004688048;4;3M;36;3M DO BRASIL LTDA;20009;LIXA DÁGUA
10014;LIXA DAGUA Nº 100 3M;HB004072854;4;3M;36;3M DO BRASIL LTDA;20009;LIXA DÁGUA
61;LIXA DAGUA Nº 120 331Q 3M;HB004688063;4;3M;36;3M DO BRASIL LTDA;20009;LIXA DÁGUA
62;LIXA DAGUA Nº 150 331Q 3M;HB004688055;4;3M;36;3M DO BRASIL LTDA;20009;LIXA DÁGUA
10016;LIXA DAGUA Nº 150 3M;HB004072920;4;3M;36;3M DO BRASIL LTDA;20009;LIXA DÁGUA
54;LIXA DAGUA Nº 180 331Q 3M;HB004688071;4;3M;36;3M DO BRASIL LTDA;20009;LIXA DÁGUA
10017;LIXA DAGUA Nº 180 3M;HC000657045;4;3M;36;3M DO BRASIL LTDA;20009;LIXA DÁGUA
55;LIXA DAGUA Nº 220 331Q 3M;HB004688089;4;3M;36;3M DO BRASIL LTDA;20009;LIXA DÁGUA
57;LIXA DAGUA Nº 320 331Q 3M;HB004688113;4;3M;36;3M DO BRASIL LTDA;20009;LIXA DÁGUA
10019;LIXA DAGUA Nº 320 3M;"HB004072896			";4;3M;36;3M DO BRASIL LTDA;20009;LIXA DÁGUA
58;LIXA DAGUA Nº 400 331Q 3M;HB004688139;4;3M;36;3M DO BRASIL LTDA;20009;LIXA DÁGUA
59;LIXA DAGUA Nº 600 331Q 3M;HB004688147;4;3M;36;3M DO BRASIL LTDA;20009;LIXA DÁGUA
10021;LIXA DAGUA Nº 600 3M;HC000657128;4;3M;36;3M DO BRASIL LTDA;20009;LIXA DÁGUA
20633;LIXA DAGUA T277 Nº 060 NORTON;5539541820;11;NORTON;21;SAINT- GOBAIN DO BRASIL PROD. IND. E CONSTR. LTDA;20009;LIXA DÁGUA
20157;LIXA DAGUA T277 Nº 1200 NORTON;63642558642;11;NORTON;21;SAINT- GOBAIN DO BRASIL PROD. IND. E CONSTR. LTDA;20009;LIXA DÁGUA
20174;LIXA DAGUA T277 Nº 150 NORTON;5539541824;11;NORTON;21;SAINT- GOBAIN DO BRASIL PROD. IND. E CONSTR. LTDA;20009;LIXA DÁGUA
20158;LIXA DAGUA T277 Nº 1500 NORTON;6364258643;11;NORTON;21;SAINT- GOBAIN DO BRASIL PROD. IND. E CONSTR. LTDA;20009;LIXA DÁGUA
20178;LIXA DAGUA T277 Nº 400 NORTON;5539541831;11;NORTON;21;SAINT- GOBAIN DO BRASIL PROD. IND. E CONSTR. LTDA;20009;LIXA DÁGUA
20177;LIXA DAGUA T277 Nº 600 NORTON;5539541833;11;NORTON;21;SAINT- GOBAIN DO BRASIL PROD. IND. E CONSTR. LTDA;20009;LIXA DÁGUA
85457;LIXA FERRO K246 225X275 Nº 040 NORTON;5539503244;11;NORTON;21;SAINT- GOBAIN DO BRASIL PROD. IND. E CONSTR. LTDA;30025;LIXA FERRO
10257;LIXA FERRO Nº 036 NORTON;66261199783;11;NORTON;21;SAINT- GOBAIN DO BRASIL PROD. IND. E CONSTR. LTDA;30025;LIXA FERRO
83992;LIXA FERRO Nº 080 3M;HB004602817;4;3M;36;3M DO BRASIL LTDA;30025;LIXA FERRO
84838;LIXA FERRO Nº 080 HEAVY DUTY;1;800079;HEAVY DUTY;11000420;HEAVY DUTY COMERCIAL IMPORTADORA LTDA;30025;LIXA FERRO
84014;LIXA FERRO Nº 100 3M;HB004602684;4;3M;36;3M DO BRASIL LTDA;30025;LIXA FERRO
84009;LIXA FERRO Nº 120 3M;HB004602700;4;3M;36;3M DO BRASIL LTDA;30025;LIXA FERRO
84010;LIXA FERRO Nº 150 3M;HB004602718;4;3M;36;3M DO BRASIL LTDA;30025;LIXA FERRO
84011;LIXA FERRO Nº 180 3M;HB004602726;4;3M;36;3M DO BRASIL LTDA;30025;LIXA FERRO
84012;LIXA FERRO Nº 220 3M;HB004602734;4;3M;36;3M DO BRASIL LTDA;30025;LIXA FERRO
20577;LIXA FERRO Nº 36 3M;HB004602650;4;3M;36;3M DO BRASIL LTDA;30025;LIXA FERRO
84013;LIXA FERRO Nº 40 3M;HB004602692;4;3M;36;3M DO BRASIL LTDA;30025;LIXA FERRO
84019;LIXA SECO 230U MASSA/MADEIRA Nº 060 3M;HB004602742;4;3M;36;3M DO BRASIL LTDA;30026;LIXA MASSA  /MADEIRA / PAREDE
84020;LIXA SECO 230U MASSA/MADEIRA Nº 080 3M;HB004602759;4;3M;36;3M DO BRASIL LTDA;30026;LIXA MASSA  /MADEIRA / PAREDE
84015;LIXA SECO 230U MASSA/MADEIRA Nº 100 3M;HB004602809;4;3M;36;3M DO BRASIL LTDA;30026;LIXA MASSA  /MADEIRA / PAREDE
84016;LIXA SECO 230U MASSA/MADEIRA Nº 120 3M;HB004602791;4;3M;36;3M DO BRASIL LTDA;30026;LIXA MASSA  /MADEIRA / PAREDE
84021;LIXA SECO 230U MASSA/MADEIRA Nº 150 3M;HB004602783;4;3M;36;3M DO BRASIL LTDA;30026;LIXA MASSA  /MADEIRA / PAREDE
84017;LIXA SECO 230U MASSA/MADEIRA Nº 180 3M;HB004602775;4;3M;36;3M DO BRASIL LTDA;30026;LIXA MASSA  /MADEIRA / PAREDE
84018;LIXA SECO 230U MASSA/MADEIRA Nº 220 3M;HB004602767;4;3M;36;3M DO BRASIL LTDA;30026;LIXA MASSA  /MADEIRA / PAREDE
10238;LIXA SECO A275 Nº 080 NORTON;5539534932;11;NORTON;21;SAINT- GOBAIN DO BRASIL PROD. IND. E CONSTR. LTDA;20007;DISCOS / LIXAS / ABRASIVOS 
20224;LIXA SECO A275 Nº 1000 NORTON;5539534957;11;NORTON;21;SAINT- GOBAIN DO BRASIL PROD. IND. E CONSTR. LTDA;20007;DISCOS / LIXAS / ABRASIVOS 
10239;LIXA SECO A275 Nº 120 NORTON;5539534934;11;NORTON;21;SAINT- GOBAIN DO BRASIL PROD. IND. E CONSTR. LTDA;20007;DISCOS / LIXAS / ABRASIVOS 
10240;LIXA SECO A275 Nº 150 NORTON;5539534938;11;NORTON;21;SAINT- GOBAIN DO BRASIL PROD. IND. E CONSTR. LTDA;20007;DISCOS / LIXAS / ABRASIVOS 
10241;LIXA SECO A275 Nº 180 NORTON;5539534940;11;NORTON;21;SAINT- GOBAIN DO BRASIL PROD. IND. E CONSTR. LTDA;20007;DISCOS / LIXAS / ABRASIVOS 
10242;LIXA SECO A275 Nº 220 NORTON;5539534941;11;NORTON;21;SAINT- GOBAIN DO BRASIL PROD. IND. E CONSTR. LTDA;20007;DISCOS / LIXAS / ABRASIVOS 
21173;LIXA SECO A275 Nº 280 NORTON;5539534947;11;NORTON;21;SAINT- GOBAIN DO BRASIL PROD. IND. E CONSTR. LTDA;20007;DISCOS / LIXAS / ABRASIVOS 
10243;LIXA SECO A275 Nº 320 NORTON;5539534950;11;NORTON;21;SAINT- GOBAIN DO BRASIL PROD. IND. E CONSTR. LTDA;20007;DISCOS / LIXAS / ABRASIVOS 
10244;LIXA SECO A275 Nº 400 NORTON;5539534931;11;NORTON;21;SAINT- GOBAIN DO BRASIL PROD. IND. E CONSTR. LTDA;20007;DISCOS / LIXAS / ABRASIVOS 
10245;LIXA SECO A275 Nº 600 NORTON;5539534960;11;NORTON;21;SAINT- GOBAIN DO BRASIL PROD. IND. E CONSTR. LTDA;20007;DISCOS / LIXAS / ABRASIVOS 
10246;LIXA SECO A275 Nº 800 NORTON;5539534961;11;NORTON;21;SAINT- GOBAIN DO BRASIL PROD. IND. E CONSTR. LTDA;20007;DISCOS / LIXAS / ABRASIVOS 
23268;LIXA SECO A396 Nº 040 NORTON;78072770612;11;NORTON;21;SAINT- GOBAIN DO BRASIL PROD. IND. E CONSTR. LTDA;20007;DISCOS / LIXAS / ABRASIVOS 
23052;LIXA SECO OURO 060 326U 3M;HC000622031;4;3M;36;3M DO BRASIL LTDA;20007;DISCOS / LIXAS / ABRASIVOS 
10022;LIXA SECO OURO 080 326U 3M;HC000656906;4;3M;36;3M DO BRASIL LTDA;20007;DISCOS / LIXAS / ABRASIVOS 
10023;LIXA SECO OURO 120 326U 3M;HC000656914;4;3M;36;3M DO BRASIL LTDA;20007;DISCOS / LIXAS / ABRASIVOS 
10026;LIXA SECO OURO 220 326U 3M;HC000656948;4;3M;36;3M DO BRASIL LTDA;20007;DISCOS / LIXAS / ABRASIVOS 
10027;LIXA SECO OURO 320 326U 3M;HC000656963;4;3M;36;3M DO BRASIL LTDA;20007;DISCOS / LIXAS / ABRASIVOS 
10028;LIXA SECO OURO 400 326U 3M;HC000656971;4;3M;36;3M DO BRASIL LTDA;20007;DISCOS / LIXAS / ABRASIVOS 
10029;LIXA SECO OURO 600 326U 3M;HC000656989;999999;.;36;3M DO BRASIL LTDA;20007;DISCOS / LIXAS / ABRASIVOS 
10030;LIXA SECO OURO 800 326U 3M;HC000656997;999999;.;36;3M DO BRASIL LTDA;20007;DISCOS / LIXAS / ABRASIVOS 
23086;LIXA TIRA BLUE 080 70X410MM 321U 3M;HB004520274;4;3M;36;3M DO BRASIL LTDA;20007;DISCOS / LIXAS / ABRASIVOS 
23115;LIXA TIRA BLUE 220 70X410MM 321U 3M;HB004520290;4;3M;36;3M DO BRASIL LTDA;20007;DISCOS / LIXAS / ABRASIVOS 
23088;LIXA TIRA BLUE 80 321U 115X225MM 3M;HB004520555;4;3M;36;3M DO BRASIL LTDA;20007;DISCOS / LIXAS / ABRASIVOS 
21646;LIXADEIRA 6 3/16 MULTIFUNCIONAL NORTON;66623347591;11;NORTON;21;SAINT- GOBAIN DO BRASIL PROD. IND. E CONSTR. LTDA;20024;LIXADEIRAS
24279;"LIXADEIRA A SECO 6"" COM COLETOR WIMPEL";890;64;WINPEL;78;WIMPEL EQUIPAMENTOS LTDA;20024;LIXADEIRAS
22934;LIXADEIRA CORREIAS 18 3M;HB004495212;4;3M;36;3M DO BRASIL LTDA;20024;LIXADEIRAS
85565;LIXADEIRA ELETRICA DE PAREDE E TETO 800W 220V SGT4300 SIGMA;702430000;54;SIGMA;227;SIGMA TOOLS COM. MAQUINAS EQUIP. E ACE;20024;LIXADEIRAS
87275;LIXADEIRA ELETRICA TELESCOPICA DE PAREDE E TETO 750W 220W AT1740/2 ATL;AT1740/2;35;ATLAS;80000522;ATLAS S.A.;20024;LIXADEIRAS
23688;LIXADEIRA MAXX TOOLS 6 SIGMA;701031206;54;SIGMA;227;SIGMA TOOLS COM. MAQUINAS EQUIP. E ACE;20024;LIXADEIRAS
23400;LIXADEIRA ORBITAL 6IN SGV 3/16 PN20327 3M;HC000658159;4;3M;36;3M DO BRASIL LTDA;20024;LIXADEIRAS
83913;"LIXADEIRA ORBITAL DISCO DE 6"" COM ASPIRAÇÃO 12000 RPM YANGUI";YGL128;800058;YANGUI;11000406;ONIRE COMERCIO IMPORTACAO E EXPORTACAO;20024;LIXADEIRAS
83783;LIXADEIRA ORBITAL PN CV 6 3/16 PN33628 3M;HB004718936;4;3M;36;3M DO BRASIL LTDA;20024;LIXADEIRAS
23473;LIXADEIRA ORBITAL SGV 6IN 3/32 PRO 3M;HC000664017;4;3M;36;3M DO BRASIL LTDA;20024;LIXADEIRAS
87284;"LIXADEIRA PAREDE BLACK ROTO ORBITAL 6"" 150MM 350W 220V STONE HAMMER";86696;100020;STONE HAMMER;80000529;CARLOS VITOR BAQUIAO MARTINS LTDA;20058;OUTRAS FERRAMENTAS / EQUIPAMENTOS
87002;LIXADEIRA ROLOC 2IN 50,8MM 0,5HP 3M;HC000601852;4;3M;36;3M DO BRASIL LTDA;20024;LIXADEIRAS
21577;"LIXADEIRA ROTO ORBITAL 5"" 125MM 280W 220V DEWALT";DWE6421-B2;800070;DEWALT;11000477;BLACK & DECKER DO BRASIL LTDA;20058;OUTRAS FERRAMENTAS / EQUIPAMENTOS
84819;"LIXADEIRA ROTO ORBITAL 6"" SEM ASPIRAÇÃO PDR";PRO406;800056;PDR;11000416;BERLINER DO BRASIL MOTORES LTDA;20024;LIXADEIRAS
85273;"LIXADEIRA ROTO ORBITAL CV 6"" 5/16 PN33629 3M";HB004718886;4;3M;36;3M DO BRASIL LTDA;20024;LIXADEIRAS
20821;"LIXADEIRA/POLITRIZ 7""/9"" 180MM-230MM 1250W VV 0-600/3500 RPM 220V DEWA";DWP849XB2;800070;DEWALT;11000477;BLACK & DECKER DO BRASIL LTDA;20058;OUTRAS FERRAMENTAS / EQUIPAMENTOS
21125;LIXADOR MANUAL GRANDE C/ PRESILHA 243X105MM PURPLEX;1;48;PURPLEX;179;INDUSTRIA DE LIXADORES PURPER LTDA;20022;TACO LIXADOR
21130;LIXADOR MANUAL PEQUENO C/ PRESILHA 204MMX68MM PURPLEX;2;48;PURPLEX;179;INDUSTRIA DE LIXADORES PURPER LTDA;20022;TACO LIXADOR
24347;LIXEIRA 100L;;51;START;112;COM.ALVORADA LIMPEZA E DESCARTAVEIS;999999;GRUPO CONVERSAO
24348;LIXEIRA C/ PEDAL PRETA 14L;5244;51;START;112;COM.ALVORADA LIMPEZA E DESCARTAVEIS;999999;GRUPO CONVERSAO
83941;LIXEIRA PLASTICA 93LTS PRETO C/ TAMPA;11242;29;BRILHOMAX;112;COM.ALVORADA LIMPEZA E DESCARTAVEIS;999999;GRUPO CONVERSAO
87190;LIXEIRA PLASTICA C/ TAMPA E PEDAL 100LTS BRANCA;126586;29;BRILHOMAX;11000474;OMNI COMERCIO E SERVIÇOS LTDA;999999;GRUPO CONVERSAO
87103;LIXEIRA PVC COPO AGUA BRANCO PREMISSE;10389;800129;PREMISSE;112;COM.ALVORADA LIMPEZA E DESCARTAVEIS;20028;APLICADORES / ADAPTADORES / ENGATES / SUPORTES
87280;LIXEIRA PVC COPO DUPLA AGUA/CAFE BRANCO PREMISSE;10390;800129;PREMISSE;112;COM.ALVORADA LIMPEZA E DESCARTAVEIS;20028;APLICADORES / ADAPTADORES / ENGATES / SUPORTES
85138;LONA PLASTICA PRETA 4X100 15KG 41MC MAXILONA/INFINITY;01.01.0004/PR4115;100005;INFINITY;80000526;INFINITY INDUSTRIAL LTDA;30029;LONAS
85140;LONA PLASTICA PRETA 4X100 20KG 54MC MAXILONA/INFINITY;01/PR4120;100005;INFINITY;80000526;INFINITY INDUSTRIAL LTDA;30029;LONAS
85707;LONA PLASTICA PRETA 4X100 30KG 82MC MAXILONA;1.01.0010;100005;INFINITY;80000526;INFINITY INDUSTRIAL LTDA;30029;LONAS
85141;LONA PLASTICA PRETA 4X100 40KG 109MC MAXILONA;12/PR4140;100005;INFINITY;80000526;INFINITY INDUSTRIAL LTDA;30029;LONAS
85139;LONA PLASTICA PRETA 4X50 10KG 54MC MAXILONA;29/PR4510;100005;INFINITY;80000526;INFINITY INDUSTRIAL LTDA;30029;LONAS
85710;LONA PLASTICA PRETA 6X100 30KG 54MC MAXILONA;1.01.0020;800115;MAXILONA;11000425;MULTILONAS LTDA;30029;LONAS
85708;LONA PLASTICA PRETA 6X50 15KG 54MC MAXILONA;1.01.0026;800115;MAXILONA;11000425;MULTILONAS LTDA;30029;LONAS
85709;LONA PLASTICA PRETA 6X50 27KG 98MC MAXILONA;1.01.0028;800115;MAXILONA;11000425;MULTILONAS LTDA;30029;LONAS
85714;LONA PLASTICA PRETA 8X100 40KG 54MC MAXILONA;1.01.0030;800115;MAXILONA;11000425;MULTILONAS LTDA;30029;LONAS
85715;LONA PLASTICA PRETA 8X100 80KG 109MC MAXILONA;1.01.0036;800115;MAXILONA;11000425;MULTILONAS LTDA;30029;LONAS
85711;LONA PLASTICA PRETA 8X50 20KG 54MC MAXILONA;1.01.0040;800115;MAXILONA;11000425;MULTILONAS LTDA;30029;LONAS
85712;LONA PLASTICA PRETA 8X50 40KG 109MC MAXILONA;1.01.0044;800115;MAXILONA;11000425;MULTILONAS LTDA;30029;LONAS
85713;LONA PLASTICA PRETA 8X50 60KG 163MC MAXILONA;1.01.0047;800115;MAXILONA;11000425;MULTILONAS LTDA;30029;LONAS
23542;LUSTRADOR DE MOVEIS LUSTRAL 200ML LAVANDA YPE;3472;29;BRILHOMAX;112;COM.ALVORADA LIMPEZA E DESCARTAVEIS;999999;GRUPO CONVERSAO
23461;LUSTRADOR FINALIZADOR 500ML 3M;HB004584379;4;3M;36;3M DO BRASIL LTDA;20018;LÍQUIDOS P/ POLIMENTO 
84446;LUSTRO FINAL FINISH 3000 500ML AUTOAMERICA;304035083;17;AUTO AMERICA;30;AUTOAMERICA IMP.EXP. DE PROD. AUTO. LTDA;20006;CERA  / LIMPEZA /  POLIMENTO VEICULAR
29;LUVA LATEX FORRADA AZUL TAM G;17617;800111;VOLK;112;COM.ALVORADA LIMPEZA E DESCARTAVEIS;20027;EPI´S
23515;LUVA LATEX FORRADA AZUL TAM M;17618;800111;VOLK;112;COM.ALVORADA LIMPEZA E DESCARTAVEIS;20027;EPI´S
22944;LUVA LATEX FORRADA AZUL TAM P;1920;800111;VOLK;112;COM.ALVORADA LIMPEZA E DESCARTAVEIS;999999;GRUPO CONVERSAO
24264;LUVA MICROFIBRA TENTACULOS VONIXX;2005023;10;VONIXX;425;VONIXX INDUSTRIA E COMERCIO DE POLIDORES LTDA;20011;LINHA DE HIGENIZAÇÃO E ESTÉTICA  AUTOMOTIVA VONIX
24205;LUVA POLY PU BLACK G;1106;55;MARLUVAS;468;REDE EPI EQUIPAMENTOS DE SEGURANÇA LTDA;20027;EPI´S
24204;LUVA POLY PU BLACK M;966990008;55;MARLUVAS;532;MARLUVAS EQUIPAMENTOS DE SEGURANÇA LTDA;20027;EPI´S
24203;LUVA POLY PU BLACK P;966990007;55;MARLUVAS;11000394;MARLUVAS EQUIPAMENTOS DE SEGURANCA LTDA;20027;EPI´S
24206;LUVA POLY PU BLACK XG;914;55;MARLUVAS;468;REDE EPI EQUIPAMENTOS DE SEGURANÇA LTDA;20027;EPI´S
87333;LUVA PU PRETA G INOVEN;3049;100021;INOVEN;80000532;INOVEN INDUSTRIA, COMERCIO E IMPORTACAO LTDA;20067;LUVA PU
87334;LUVA PU PRETA GG INOVEN;3050;100021;INOVEN;80000532;INOVEN INDUSTRIA, COMERCIO E IMPORTACAO LTDA;20067;LUVA PU
87332;LUVA PU PRETA M INOVEN;3048;100021;INOVEN;80000532;INOVEN INDUSTRIA, COMERCIO E IMPORTACAO LTDA;20067;LUVA PU
86777;M1 ACQUAFORT FACHADA 3,6L;5859555;800076;MACTRA;534;AKZO NOBEL LTDA;30002;IMPERMEABILIZANTES
86776;M1 ACQUAFORT FACHADA BALDE 18L;5859554;800076;MACTRA;534;AKZO NOBEL LTDA;30002;IMPERMEABILIZANTES
86790;M1 ANTI FERRUGEM 500ML;5859580;800076;MACTRA;534;AKZO NOBEL LTDA;30002;IMPERMEABILIZANTES
86761;M1 BETOL ECOLOGICO 0,9L;5859528;800076;MACTRA;34;AKZO NOBEL LTDA;30002;IMPERMEABILIZANTES
86759;M1 BETOL ECOLOGICO 12L;5859526;800076;MACTRA;34;AKZO NOBEL LTDA;30002;IMPERMEABILIZANTES
86841;M1 BETOL ECOLOGICO 18L;5906029;800076;MACTRA;34;AKZO NOBEL LTDA;30002;IMPERMEABILIZANTES
86762;M1 BETOL ECOLOGICO 200L;5859529;800076;MACTRA;34;AKZO NOBEL LTDA;30002;IMPERMEABILIZANTES
86760;M1 BETOL ECOLOGICO 3,6L;5859527;800076;MACTRA;34;AKZO NOBEL LTDA;30002;IMPERMEABILIZANTES
86799;M1 COMPOXI-ADESIVO ESTRUTURAL 1KG;5859592;800076;MACTRA;34;AKZO NOBEL LTDA;30002;IMPERMEABILIZANTES
86816;M1 DESFORMACTRA 180L;5859615;800076;MACTRA;34;AKZO NOBEL LTDA;30002;IMPERMEABILIZANTES
86815;M1 DESFORMACTRA 18L;5859614;800076;MACTRA;34;AKZO NOBEL LTDA;30002;IMPERMEABILIZANTES
86801;M1 ELASTIQUE ADESIVO SELANTE PU;5859595;800076;MACTRA;34;AKZO NOBEL LTDA;30032;PU 40
86852;M1 FITA VEDATRINCA 5X10M;6440523;800076;MACTRA;34;AKZO NOBEL LTDA;30002;IMPERMEABILIZANTES
86851;M1 FITA VEDATRINCA 5X3M;6440522;800076;MACTRA;34;AKZO NOBEL LTDA;30002;IMPERMEABILIZANTES
86850;M1 FITA VEDATRINCA 5X5M;6440521;800076;MACTRA;34;AKZO NOBEL LTDA;30002;IMPERMEABILIZANTES
86847;M1 FITA VEDBEM 10CMX10M;6440508;800076;MACTRA;34;AKZO NOBEL LTDA;30002;IMPERMEABILIZANTES
86848;M1 FITA VEDBEM 20CMX10M;6440509;800076;MACTRA;34;AKZO NOBEL LTDA;30002;IMPERMEABILIZANTES
86849;M1 FITA VEDBEM 30CMX10M;6440510;800076;MACTRA;34;AKZO NOBEL LTDA;30002;IMPERMEABILIZANTES
86802;M1 FIXMASSA FRASCO 50ML;5859598;800076;MACTRA;34;AKZO NOBEL LTDA;30002;IMPERMEABILIZANTES
86798;M1 KIT VEDATRINCA MASSA + TELA;5859591;800076;MACTRA;34;AKZO NOBEL LTDA;30002;IMPERMEABILIZANTES
86813;M1 LIGMASSA 0,9L;5859611;800076;MACTRA;34;AKZO NOBEL LTDA;30002;IMPERMEABILIZANTES
86811;M1 LIGMASSA 12L;5859609;800076;MACTRA;34;AKZO NOBEL LTDA;30002;IMPERMEABILIZANTES
86844;M1 LIGMASSA 18L;5906032;800076;MACTRA;34;AKZO NOBEL LTDA;30002;IMPERMEABILIZANTES
86810;M1 LIGMASSA 200L;5859608;800076;MACTRA;34;AKZO NOBEL LTDA;30002;IMPERMEABILIZANTES
86812;M1 LIGMASSA 3,6L;5859610;800076;MACTRA;34;AKZO NOBEL LTDA;30002;IMPERMEABILIZANTES
86808;M1 LIGMASSA 5L;5859605;800076;MACTRA;34;AKZO NOBEL LTDA;30002;IMPERMEABILIZANTES
86809;M1 LIGMASSA CX C/180 SACHES 50 ML;5859606;800076;MACTRA;34;AKZO NOBEL LTDA;30002;IMPERMEABILIZANTES
86763;M1 MACTRA 2000 200L;5859533;800076;MACTRA;34;AKZO NOBEL LTDA;30002;IMPERMEABILIZANTES
86764;M1 MACTRA 2000 5L;5859534;800076;MACTRA;34;AKZO NOBEL LTDA;30002;IMPERMEABILIZANTES
86765;M1 MACTRA 2000 POTE 1L;5859535;800076;MACTRA;34;AKZO NOBEL LTDA;30002;IMPERMEABILIZANTES
86766;M1 MACTRA 2000 PR C/9 SACHES 18L;5859536;800076;MACTRA;34;AKZO NOBEL LTDA;30002;IMPERMEABILIZANTES
86804;M1 MACTRACOL 200L;5859601;800076;MACTRA;34;AKZO NOBEL LTDA;30002;IMPERMEABILIZANTES
86805;M1 MACTRACOL 3,6L;5859602;800076;MACTRA;34;AKZO NOBEL LTDA;30002;IMPERMEABILIZANTES
86806;M1 MACTRACOL 900ML;5859603;800076;MACTRA;34;AKZO NOBEL LTDA;30002;IMPERMEABILIZANTES
86803;M1 MACTRACOL BALDE 18L;5859599;800076;MACTRA;34;AKZO NOBEL LTDA;30002;IMPERMEABILIZANTES
86807;M1 MACTRACOL PR CX/9 SACHES BALDE 18L;5859604;800076;MACTRA;34;AKZO NOBEL LTDA;30002;IMPERMEABILIZANTES
86754;M1 MACTRASET PROFISSIONAL 18KG;5859521;800076;MACTRA;534;AKZO NOBEL LTDA;30002;IMPERMEABILIZANTES
86755;M1 MACTRASET PROFISSIONAL 9KG;5859522;800076;MACTRA;34;AKZO NOBEL LTDA;30002;IMPERMEABILIZANTES
86758;M1 MACTRASET PROFISSIONAL BRANCO 18KG;5859525;800076;MACTRA;34;AKZO NOBEL LTDA;30002;IMPERMEABILIZANTES
86775;M1 MANTA LIQUIDA PREMIUM 5KG;5859550;800076;MACTRA;534;AKZO NOBEL LTDA;30002;IMPERMEABILIZANTES
86842;M1 MASSA SECA PAREDE BALDE 18KG;5906030;800076;MACTRA;534;AKZO NOBEL LTDA;30002;IMPERMEABILIZANTES
86791;M1 MASSA VEDATRINCA 1,2KG;5859582;800076;MACTRA;34;AKZO NOBEL LTDA;30002;IMPERMEABILIZANTES
86792;M1 MASSA VEDATRINCA 25KG;5859583;800076;MACTRA;34;AKZO NOBEL LTDA;30002;IMPERMEABILIZANTES
86772;M1 MCOL SUPER COLA PVA EXTRA 1KG;5859544;800076;MACTRA;34;AKZO NOBEL LTDA;30031;COLA  INST. / COLA  ADESIVA
86771;M1 MCOL SUPER COLA PVA EXTRA 500G;5859543;800076;MACTRA;34;AKZO NOBEL LTDA;30031;COLA  INST. / COLA  ADESIVA
86814;M1 MEGA BLOCK 200KG;5859613;800076;MACTRA;34;AKZO NOBEL LTDA;30002;IMPERMEABILIZANTES
86793;M1 SPRAY SECA PAREDE 750ML;5859585;800076;MACTRA;34;AKZO NOBEL LTDA;30002;IMPERMEABILIZANTES
86800;M1 SPUMIX 0,5L;5859593;800076;MACTRA;34;AKZO NOBEL LTDA;30033;ESPUMA EXPANSIVA
86854;M1 TELA VEDATRINCA 0,10X3M;6440525;800076;MACTRA;34;AKZO NOBEL LTDA;30002;IMPERMEABILIZANTES
86853;M1 TELA VEDATRINCA 0,25X5M;6440524;800076;MACTRA;34;AKZO NOBEL LTDA;30002;IMPERMEABILIZANTES
86855;M1 TELA VEDATRINCA 1X50M;6440526;800076;MACTRA;34;AKZO NOBEL LTDA;30002;IMPERMEABILIZANTES
86789;M1 TELHA FRIA BALDE 18KG;5859573;800076;MACTRA;534;AKZO NOBEL LTDA;30002;IMPERMEABILIZANTES
86756;M1 VEDATELHA VEDAPAREDE 18KG;5859523;800076;MACTRA;34;AKZO NOBEL LTDA;30002;IMPERMEABILIZANTES
86757;M1 VEDATELHA VEDAPAREDE 3,6KG;5859524;800076;MACTRA;34;AKZO NOBEL LTDA;30002;IMPERMEABILIZANTES
86770;M1 VEDBEM FIBRAS 18KG;5859542;800076;MACTRA;34;AKZO NOBEL LTDA;30002;IMPERMEABILIZANTES
86845;M1 VEDBEM IMPERALL BASE 3,6KG;5909339;800076;MACTRA;34;AKZO NOBEL LTDA;30002;IMPERMEABILIZANTES
86785;M1 VEDBEM IMPERALL PREMIUM 10 EM 1 BRANCO 3,6KG;5859569;800076;MACTRA;534;AKZO NOBEL LTDA;30002;IMPERMEABILIZANTES
86784;M1 VEDBEM IMPERALL PREMIUM 10 EM 1 BRANCO LATA 18KG;5859567;800076;MACTRA;534;AKZO NOBEL LTDA;30002;IMPERMEABILIZANTES
86788;M1 VEDBEM IMPERALL PREMIUM 10 EM 1 CERAMICA 18KG;5859572;800076;MACTRA;34;AKZO NOBEL LTDA;30002;IMPERMEABILIZANTES
86787;M1 VEDBEM IMPERALL PREMIUM 10 EM 1 CINZA 18KG;5859571;800076;MACTRA;34;AKZO NOBEL LTDA;30002;IMPERMEABILIZANTES
86786;M1 VEDBEM IMPERALL PREMIUM 10 EM 1 PONCHO 18KG;5859570;800076;MACTRA;34;AKZO NOBEL LTDA;30002;IMPERMEABILIZANTES
86843;M1 VEDBEM MANTA LIQUIDA BRANCA 18KG;5906031;800076;MACTRA;34;AKZO NOBEL LTDA;30002;IMPERMEABILIZANTES
86774;M1 VEDBEM MANTA LIQUIDA BRANCA 1KG;5859547;800076;MACTRA;534;AKZO NOBEL LTDA;30002;IMPERMEABILIZANTES
86773;M1 VEDBEM MANTA LIQUIDA BRANCA 4,5KG;5859546;800076;MACTRA;34;AKZO NOBEL LTDA;30002;IMPERMEABILIZANTES
86840;M1 VEDBEM MANTA LIQUIDA RÁPIDA 18KG;5906027;800076;MACTRA;34;AKZO NOBEL LTDA;30002;IMPERMEABILIZANTES
86782;M1 VEDBEM PAREDE AREIA DO SAARA 18KG;5859564;800076;MACTRA;34;AKZO NOBEL LTDA;30002;IMPERMEABILIZANTES
86781;M1 VEDBEM PAREDE BRANCO 3,6KG;5859563;800076;MACTRA;534;AKZO NOBEL LTDA;30002;IMPERMEABILIZANTES
86778;M1 VEDBEM PAREDE BRANCO BALDE 18KG;5859560;800076;MACTRA;534;AKZO NOBEL LTDA;30002;IMPERMEABILIZANTES
86779;M1 VEDBEM PAREDE CAMURCA DOS ANDES 18KG;5859561;800076;MACTRA;34;AKZO NOBEL LTDA;30002;IMPERMEABILIZANTES
86783;M1 VEDBEM PAREDE CONCRETO URBANO 18KG;5859565;800076;MACTRA;34;AKZO NOBEL LTDA;30002;IMPERMEABILIZANTES
86780;M1 VEDBEM PAREDE MARROM SHITAKE 18KG;5859562;800076;MACTRA;34;AKZO NOBEL LTDA;30002;IMPERMEABILIZANTES
86769;M1 VEDBEM PISCINA 18KG;5859541;800076;MACTRA;34;AKZO NOBEL LTDA;30002;IMPERMEABILIZANTES
86795;M1 VEDBEM TRINCA 1,2KG;5859587;800076;MACTRA;34;AKZO NOBEL LTDA;30002;IMPERMEABILIZANTES
86797;M1 VEDBEM TRINCA 24KG;5859589;800076;MACTRA;34;AKZO NOBEL LTDA;30002;IMPERMEABILIZANTES
86794;M1 VEDBEM TRINCA 280G;5859586;800076;MACTRA;34;AKZO NOBEL LTDA;30002;IMPERMEABILIZANTES
86796;M1 VEDBEM TRINCA 4,5KG;5859588;800076;MACTRA;34;AKZO NOBEL LTDA;30002;IMPERMEABILIZANTES
86767;M1 VEDMUR 5L;5859538;800076;MACTRA;534;AKZO NOBEL LTDA;30002;IMPERMEABILIZANTES
86768;M1 VEDMUR 900ML;5859539;800076;MACTRA;34;AKZO NOBEL LTDA;30002;IMPERMEABILIZANTES
23072;MACACAO DE SEGURANCA BRANCO G;13676;800133;ANSELL;468;REDE EPI EQUIPAMENTOS DE SEGURANÇA LTDA;20027;EPI´S
83936;MACACAO DE SEGURANCA BRANCO GG;;800133;ANSELL;468;REDE EPI EQUIPAMENTOS DE SEGURANÇA LTDA;20027;EPI´S
23071;MACACAO DE SEGURANCA BRANCO M;896572;800133;ANSELL;468;REDE EPI EQUIPAMENTOS DE SEGURANÇA LTDA;20027;EPI´S
23496;MACACAO DE SEGURANCA BRANCO XG;861261;800133;ANSELL;468;REDE EPI EQUIPAMENTOS DE SEGURANÇA LTDA;1015;............
20034;MACACAO DESCARTAVEL TAM. G;;800133;ANSELL;468;REDE EPI EQUIPAMENTOS DE SEGURANÇA LTDA;999999;GRUPO CONVERSAO
20210;MACACAO DESCARTAVEL TAM. GG;151Z3;800133;ANSELL;468;REDE EPI EQUIPAMENTOS DE SEGURANÇA LTDA;999999;GRUPO CONVERSAO
22304;MACACO HIDRAULICO JACARE LONGO 2TON RODA DE FERRO;301160029;999999;.;260;MARCON INDUSTRIA METALURGICA LTDA;999999;GRUPO CONVERSAO
87369;MACACO HIDRAULICO JACARE REBAIXADO 2,5TON RODA DE FERRO;;100025;ROCAST;11000447;BAIFER DISTRIBUIDORA DE FERRAMENTAS LTDA;999999;GRUPO CONVERSAO
87370;MACACO HIDRAULICO JACARE REBAIXADO 3,5TON PISTAO DUPLO RODA DE FERRO;;41;VONDER;11000447;BAIFER DISTRIBUIDORA DE FERRAMENTAS LTDA;999999;GRUPO CONVERSAO
83820;MAKKER 2.0 FINALIZADOR 500ML VONIXX;2026027;10;VONIXX;425;VONIXX INDUSTRIA E COMERCIO DE POLIDORES LTDA;20011;LINHA DE HIGENIZAÇÃO E ESTÉTICA  AUTOMOTIVA VONIX
23586;MALOTE CLASSIC;52937;31;UTILER;295;UTILER - UTILIDADES DE LEITURA E ESCRITA LTDA;999999;GRUPO CONVERSAO
24300;MANGUEIRA AR/AGUA 300LB 5/16 PRETA VONDER;8006100516;41;VONDER;502;O.V.D. IMPORTADORA E DISTRIBUIDORA LTDA;20028;APLICADORES / ADAPTADORES / ENGATES / SUPORTES
24171;MANGUEIRA ASPIRAL POLIURETANO + PVC AMARELO 15M VONDER;3695;41;VONDER;502;O.V.D. IMPORTADORA E DISTRIBUIDORA LTDA;20028;APLICADORES / ADAPTADORES / ENGATES / SUPORTES
87358;MANGUEIRA C/ CONEXÃO P/ LIXADOR ASPIRADO;6028;35;ATLAS;11000389;CARVIC COM VER DE PROD E EQ P/ REP AUTO LTDA;20028;APLICADORES / ADAPTADORES / ENGATES / SUPORTES
23756;MANGUEIRA ESPIRAL PU 8 X 5,5 MM 10 METROS SCHWEERS;ESPU 100;50;SCHWEERS;492;SCHWEERS METALURGICA EIRELI;20028;APLICADORES / ADAPTADORES / ENGATES / SUPORTES
87362;MANGUEIRA JARDIM TRANÇADA 3 CAMADAS PVC C/ ENGATE 1/2 30MTS;25826;29;BRILHOMAX;112;COM.ALVORADA LIMPEZA E DESCARTAVEIS;20028;APLICADORES / ADAPTADORES / ENGATES / SUPORTES
87248;MANGUEIRA PNEUMATICA P/ EXTRATORA DE PÓ 5 METROS PN33645 3M;HB004832836;4;3M;36;3M DO BRASIL LTDA;20028;APLICADORES / ADAPTADORES / ENGATES / SUPORTES
24276;"MANGUEIRA POLIURETANO 8,0X12MM 1/4""10M VONDER";6220812010;41;VONDER;502;O.V.D. IMPORTADORA E DISTRIBUIDORA LTDA;20028;APLICADORES / ADAPTADORES / ENGATES / SUPORTES
87327;MANGUEIRA UNIVERSAL P/ LIXADEIRAS COM SUCÇÃO 4 METROS AT200/5 ATLAS;848692;35;ATLAS;80000530;VGS COMERCIO VAREJISTA DE MATERIAL DE CONSTRUÇÃO;20028;APLICADORES / ADAPTADORES / ENGATES / SUPORTES
87285;MANOMETRO ANALOGICO PADRAO 90105/W WALCON MAXI RUBBER;90105/W;6;MAXI RUBBER;11000387;MAXI RUBBER INDUSTRIAS QUIMICAS LTDA;20005;MASSA DE POLIR
23403;MANOMETRO COM REGULADOR DE AR;AJR-02S-VG;20;ANEST;11000396;AIRZAP - ANEST IWATA IND. E COM. LTDA;20058;OUTRAS FERRAMENTAS / EQUIPAMENTOS
87354;MANOMETRO PSG PN26573 3M;HB004826218;4;3M;36;3M DO BRASIL LTDA;20023;PISTOLAS
84542;MANTA DE FIBRA DE VIDRO MEDIDA 1,40MX0,33M CARPLAST MAXI RUBBER;CA253;6;MAXI RUBBER;11000387;MAXI RUBBER INDUSTRIAS QUIMICAS LTDA;20060;LAMINAÇÃO / PROTEÇÃO
83923;MANTA DE FIBRA DE VIDRO MEDIDA 1,40MX0,50M CARPLAST MAXI RUBBER;CA049;6;MAXI RUBBER;11000387;MAXI RUBBER INDUSTRIAS QUIMICAS LTDA;20060;LAMINAÇÃO / PROTEÇÃO
21492;MANTA EM FIBRA VIDRO (PISO);MVP190;70;YVYTU;11000389;CARVIC COM VER DE PROD E EQ P/ REP AUTO LTDA;20061;MANTA 
21438;MANTA FILTRANTE EM FIBRA - BRANCA (TETO);MSPR;70;YVYTU;11000389;CARVIC COM VER DE PROD E EQ P/ REP AUTO LTDA;20061;MANTA 
22601;MANTA FILTRANTE TETO;24;999999;.;11000389;CARVIC COM VER DE PROD E EQ P/ REP AUTO LTDA;20028;APLICADORES / ADAPTADORES / ENGATES / SUPORTES
23500;MANTA MULTIFLEX FOLHA ACAB SBRITE 3M ROXA;HC000629358;4;3M;36;3M DO BRASIL LTDA;20007;DISCOS / LIXAS / ABRASIVOS 
85481;MANTA PEBD EUCAFLOOR 2,0MM X 1,20M X 50M;7966002;999999;.;11000436;EUCATEX INDUSTRIA E COMERCIO LTDA;999999;GRUPO CONVERSAO
86955;MAQ. REPUXADORA ELETRICA SPOTCAR 3000E 220V MON 60HZ C/ TOCHA V8;20154;59;V8;11000431;ATLANTA INDUSTRIA, IMPORTACAO E COMERCIO LTDA;20028;APLICADORES / ADAPTADORES / ENGATES / SUPORTES
83844;MAQ. REPUXADORA SPOTTER MOD. 9000 DIGITAL BAND;5637;800082;BAND EQUIPAMENTOS;71;BAND EQUIPAMENTOS E MAQUINAS REPUXADORAS LTDA EPP;20058;OUTRAS FERRAMENTAS / EQUIPAMENTOS
87272;MAQUINA DE PINTURA AIRLESS CPA-2400 2.4HP 1800W 220V CHIAPERINI;32119;72;CHIAPERINI;571;CHIAPERINI INDUSTRIAL LTDA;20058;OUTRAS FERRAMENTAS / EQUIPAMENTOS
87282;MAQUINA DE PINTURA AIRLESS X-3800 2HP 1500W 220V STONE HAMMER;88805;100020;STONE HAMMER;80000529;CARLOS VITOR BAQUIAO MARTINS LTDA;20058;OUTRAS FERRAMENTAS / EQUIPAMENTOS
87101;MAQUINA DE SOLDA MIG MULTIPROCESSO MIGFLEX250 220A 220V BOXER;2005026;800127;BOXER;11000484;TEKWELD IMPORTACAO E COMERCIO DE MAQUINAS INDUSTRIAIS LTDA.;20028;APLICADORES / ADAPTADORES / ENGATES / SUPORTES
84443;MAQUINA DE SOLDA MULTIPROCESSO 250I MIG COM GÁS V8;20201;59;V8;11000431;ATLANTA INDUSTRIA, IMPORTACAO E COMERCIO LTDA;20028;APLICADORES / ADAPTADORES / ENGATES / SUPORTES
85198;MAQUINA DE TINTA AKZO;2010250;1;WANDA;534;AKZO NOBEL LTDA;20058;OUTRAS FERRAMENTAS / EQUIPAMENTOS
23044;MAQUINA ENVASE SPRAY COLOR;8047;3;SHERWIN WILLIAMS;11000476;PAINT COMERCIO ATACADISTA DE TINTAS LTDA;999999;GRUPO CONVERSAO
83855;MAQUINA FLEX220 (SEM MEXEDOR) (5PTQ+2PTG)(ESTR+MOTOR) SKY;9009000001Q1;57;SKY;521;SKYLACK TINTAS E VERNIZES LTDA;20058;OUTRAS FERRAMENTAS / EQUIPAMENTOS
23980;MAQUINA FLEX220(84Q+18G)(5PTQ+2PTG)(ESTR+MOTOR) SKY;9009841801Q8;57;SKY;521;SKYLACK TINTAS E VERNIZES LTDA;20058;OUTRAS FERRAMENTAS / EQUIPAMENTOS
87365;MARCADOR PERMANENTE CHANFRADO MASTERPRINT PRETO;197319;800121;MASTERPRINT;11000474;OMNI COMERCIO E SERVIÇOS LTDA;999999;GRUPO CONVERSAO
24179;MARCADOR PERMANENTE FABER CASTELL VERMELHO;58885;31;UTILER;295;UTILER - UTILIDADES DE LEITURA E ESCRITA LTDA;999999;GRUPO CONVERSAO
85180;MARTELADO-AZUL DEL REY 3,6L BRASILUX;BT 110320002;67;BRASILUX;556;BRASILUX TINTAS TECNICAS LTDA;40001;ESMALTES
85179;MARTELADO-AZUL DEL REY 900ML BRASILUX;BT 110320001;67;BRASILUX;556;BRASILUX TINTAS TECNICAS LTDA;40001;ESMALTES
84180;MARTELADO-AZUL REAL 3,6L BRASILUX;BT 110311902;67;BRASILUX;556;BRASILUX TINTAS TECNICAS LTDA;40001;ESMALTES
84183;MARTELADO-AZUL REAL 900ML BRASILUX;BT 110311901;67;BRASILUX;556;BRASILUX TINTAS TECNICAS LTDA;40001;ESMALTES
84462;MARTELADO-CINZA CLARO 3,6L BRASILUX;BT 110613302;67;BRASILUX;556;BRASILUX TINTAS TECNICAS LTDA;40001;ESMALTES
86998;MARTELADO-CINZA CLARO 900L BRASILUX;BT 110613301;67;BRASILUX;556;BRASILUX TINTAS TECNICAS LTDA;40001;ESMALTES
84181;MARTELADO-CINZA TORNADO 3,6L BRASILUX;BT 110617302;67;BRASILUX;556;BRASILUX TINTAS TECNICAS LTDA;40001;ESMALTES
84184;MARTELADO-CINZA TORNADO 900ML BRASILUX;BT 110617301;67;BRASILUX;556;BRASILUX TINTAS TECNICAS LTDA;40001;ESMALTES
84931;MARTELADO-PRETO 3,6L BRASILUX;BT 111500102;67;BRASILUX;556;BRASILUX TINTAS TECNICAS LTDA;40001;ESMALTES
84182;MARTELADO-VERDE BRASIL 3,6L BRASILUX;BT 112206302;67;BRASILUX;556;BRASILUX TINTAS TECNICAS LTDA;40001;ESMALTES
84185;MARTELADO-VERDE BRASIL 900ML BRASILUX;BT 112206301;67;BRASILUX;556;BRASILUX TINTAS TECNICAS LTDA;40001;ESMALTES
85265;MARTELADO-VERDE ESMERALDA 3,6L BRASILUX;BT 112215602;67;BRASILUX;556;BRASILUX TINTAS TECNICAS LTDA;40001;ESMALTES
85264;MARTELADO-VERDE ESMERALDA 900ML BRASILUX;BT 112215601;67;BRASILUX;556;BRASILUX TINTAS TECNICAS LTDA;40001;ESMALTES
23504;MÁSCARA DE PROTEÇÃO RESPIRATÓRIA COM VÁLVULA 9822 PFF-2 3M;HB004836886 ;4;3M;36;3M DO BRASIL LTDA;20027;EPI´S
23465;MÁSCARA DE PROTEÇÃO RESPIRATÓRIA SEM VÁLVULA 9820 PFF-2 3M;HB004541296;4;3M;11000485;3M DO BRASIL LT;20027;EPI´S
23704;MASCARA DE TECIDO DAUTO;123456;999999;.;99999999;FORNECEDOR CONVERSAO;20027;EPI´S
24246;MASCARA DESCARTAVEL TNT NORTON - PCT10;78072724012;11;NORTON;21;SAINT- GOBAIN DO BRASIL PROD. IND. E CONSTR. LTDA;20027;EPI´S
87176;MÁSCARA/RESPIRADOR FACIAL COMPLETA 6800 CA 7298 TAMANHO G 3M;;4;3M;11000485;3M DO BRASIL LT;20027;EPI´S
84034;MASSA ACRILICA 5,5KG BRASILUX;MS 460000146;67;BRASILUX;556;BRASILUX TINTAS TECNICAS LTDA;30020;MASSA CORRIDA / ACRÍLICA
84032;MASSA ACRILICA BALDE 25KG BRASILUX;MS 460000190;67;BRASILUX;556;BRASILUX TINTAS TECNICAS LTDA;30020;MASSA CORRIDA / ACRÍLICA
85217;MASSA ACRILICA EXTERIOR E INTERIOR 25KG SUVINIL;113498;999999;.;11000427;CAPITAL ATACADISTA DA CONSTRUCAO LTDA;30003;TINTA PARA PISO
84035;MASSA ACRILICA LITRO 1,450KG BRASILUX;MS 460000121;67;BRASILUX;556;BRASILUX TINTAS TECNICAS LTDA;30020;MASSA CORRIDA / ACRÍLICA
10379;MASSA ALUMINIO 1KG ROBERLO;62447;39;ROBERLO;91;ROBERLO DO BRASIL LTDA;20004;MASSA POLIÉSTER
20583;MASSA ALUMINIO MASSAS E SELANTES 400G LAZZURIL;05.00.0M510-496;3;SHERWIN WILLIAMS;35;SHERWIN - WILLIAMS DO BRASIL IND. E COM. LTDA;20004;MASSA POLIÉSTER
20067;MASSA ANTI-RUIDO 1,3KG MAXI RUBBER;3MG035;6;MAXI RUBBER;11000387;MAXI RUBBER INDUSTRIAS QUIMICAS LTDA;20004;MASSA POLIÉSTER
23869;MASSA BASE D´AGUA 2 1KG PEROLA;40701;47;PEROLA;475;INDUSTRIA E COMERCIO DE POLIDORES PEROLA LTDA;20005;MASSA DE POLIR
85216;MASSA CORRIDA LATA PVA NTERIOR 25KG SUVINIL;103281;999999;.;11000427;CAPITAL ATACADISTA DA CONSTRUCAO LTDA;30003;TINTA PARA PISO
85569;MASSA CORRIDA PVA 1,4KG INTERIOR SUVINIL;63260;800057;SUVINIL;11000427;CAPITAL ATACADISTA DA CONSTRUCAO LTDA;30020;MASSA CORRIDA / ACRÍLICA
85570;MASSA CORRIDA PVA 5,7KG INTERIOR SUVINIL;51171;800057;SUVINIL;11000427;CAPITAL ATACADISTA DA CONSTRUCAO LTDA;30020;MASSA CORRIDA / ACRÍLICA
21962;MASSA DE POLIESTER 750G MAXI RUBBER;1MG039;6;MAXI RUBBER;11000387;MAXI RUBBER INDUSTRIAS QUIMICAS LTDA;20004;MASSA POLIÉSTER
21203;MASSA DE POLIR 1KG 3M;HB004226633;4;3M;36;3M DO BRASIL LTDA;20005;MASSA DE POLIR
20918;MASSA DE POLIR BASE AGUA 1KG WANDA;530489;1;WANDA;534;AKZO NOBEL LTDA;20005;MASSA DE POLIR
23064;MASSA DE POLIR DIAMANTE 1KG 3M;HB004482376;4;3M;36;3M DO BRASIL LTDA;20005;MASSA DE POLIR
9797;MASSA DE POLIR N.02 MARVELIZ WANDA;529461;1;WANDA;534;AKZO NOBEL LTDA;20005;MASSA DE POLIR
22998;MASSA DE POLIR N2 1KG NORTON;66261138156;11;NORTON;21;SAINT- GOBAIN DO BRASIL PROD. IND. E CONSTR. LTDA;20005;MASSA DE POLIR
85421;MASSA DE POLIR N2 490G MAXI RUBBER;6MH014;6;MAXI RUBBER;11000387;MAXI RUBBER INDUSTRIAS QUIMICAS LTDA;20005;MASSA DE POLIR
20576;MASSA DE POLIR N2 970G MAXI RUBBER;6MH010;6;MAXI RUBBER;29;MAXI RUBBER INDUSTRIAS QUIMICAS LTDA;20005;MASSA DE POLIR
10155;MASSA DE POLIR N2 BRANCA 990GR PPG;MP02.04;61;AUTOCOLOR;9;PPG INDUSTRIAL DO BRASIL TINTAS E VERNIZES LTDA;20005;MASSA DE POLIR
84047;MASSA DE POLIR Nº 2 1KG BRASILUX;MS 080500238;67;BRASILUX;556;BRASILUX TINTAS TECNICAS LTDA;20005;MASSA DE POLIR
84046;MASSA DE POLIR Nº 2 500G BRASILUX;MS 080500237;67;BRASILUX;556;BRASILUX TINTAS TECNICAS LTDA;20005;MASSA DE POLIR
20817;MASSA DE POLIR SUPER POLIDOR 1KG AUTOAMERICA;304535001;17;AUTO AMERICA;30;AUTOAMERICA IMP.EXP. DE PROD. AUTO. LTDA;20005;MASSA DE POLIR
23647;MASSA FIBRA DE VIDRO 800G LAZZURIL;05.00.FV520-622;3;SHERWIN WILLIAMS;35;SHERWIN - WILLIAMS DO BRASIL IND. E COM. LTDA;20004;MASSA POLIÉSTER
9764;MASSA KOMBI FILLER 200 GR. SIKKENS;373657;8;SIKKENS;34;AKZO NOBEL LTDA;20014;MASSA DE PEQUENOS REPAROS
84694;MASSA MADEIRA BR12 BRANCA BASE AGUA 400G BRASILUX;MS 080508229;67;BRASILUX;556;BRASILUX TINTAS TECNICAS LTDA;50001;LINHA MOVELEIRA
84696;MASSA MADEIRA BR12 IMBUIA BASE AGUA 400G BRASILUX;MS 084606629;67;BRASILUX;556;BRASILUX TINTAS TECNICAS LTDA;50001;LINHA MOVELEIRA
84695;MASSA MADEIRA BR12 MOGNO BASE AGUA 400G BRASILUX;MS 084500129;67;BRASILUX;556;BRASILUX TINTAS TECNICAS LTDA;50001;LINHA MOVELEIRA
84031;MASSA MULTIUSO TAPA-FACIL 150G BRASILUX;MS 460065140;67;BRASILUX;556;BRASILUX TINTAS TECNICAS LTDA;30020;MASSA CORRIDA / ACRÍLICA
20525;MASSA PEQUENAS CORREÇÕES 200G LAZZURIL;05.00.00034-098;3;SHERWIN WILLIAMS;35;SHERWIN - WILLIAMS DO BRASIL IND. E COM. LTDA;20014;MASSA DE PEQUENOS REPAROS
85414;MASSA PLASTICA BRANCA 400GR IBERÊ MAXI RUBBER;IB100;800063;IBERÊ;11000387;MAXI RUBBER INDUSTRIAS QUIMICAS LTDA;20026;COLA  PLÁSTICA 
85415;MASSA PLASTICA CINZA 400GR IBERÊ MAXI RUBBER;IB200;800063;IBERÊ;11000387;MAXI RUBBER INDUSTRIAS QUIMICAS LTDA;20026;COLA  PLÁSTICA 
85416;MASSA PLASTICA PRETA 400GR IBERÊ MAXI RUBBER;IB300;800063;IBERÊ;11000387;MAXI RUBBER INDUSTRIAS QUIMICAS LTDA;20026;COLA  PLÁSTICA 
21948;MASSA PLUS LIGHT 900GR ROBERLO;65137;39;ROBERLO;91;ROBERLO DO BRASIL LTDA;20004;MASSA POLIÉSTER
21077;MASSA POLIESTER 1,5KG LAZZURIL;05.00.M3500-328;3;SHERWIN WILLIAMS;35;SHERWIN - WILLIAMS DO BRASIL IND. E COM. LTDA;20004;MASSA POLIÉSTER
21078;MASSA POLIESTER 750G LAZZURIL;05.00.M3500-327;3;SHERWIN WILLIAMS;35;SHERWIN - WILLIAMS DO BRASIL IND. E COM. LTDA;20004;MASSA POLIÉSTER
87000;MASSA POLIESTER 750G WANDA;563237;1;WANDA;34;AKZO NOBEL LTDA;20004;MASSA POLIÉSTER
83811;MASSA POLIESTER COM FIBRA DE VIDRO 750G MAXI RUBBER;1MG051;6;MAXI RUBBER;11000387;MAXI RUBBER INDUSTRIAS QUIMICAS LTDA;20004;MASSA POLIÉSTER
23584;MASSA POLIESTER FILLER 900G MAXI RUBBER;1MG035;6;MAXI RUBBER;11000387;MAXI RUBBER INDUSTRIAS QUIMICAS LTDA;20004;MASSA POLIÉSTER
23267;MASSA POLIESTER OCTANO 900G ANJO;033784-11;2;ANJO;382;ANJO QUIMICA DO BRASIL LTDA;20004;MASSA POLIÉSTER
24345;MASSA POLIESTER PARA PLASTICO 400G MAXI RUBBER;1MG070;6;MAXI RUBBER;11000387;MAXI RUBBER INDUSTRIAS QUIMICAS LTDA;20026;COLA  PLÁSTICA 
84658;MASSA POLIESTER REVOLUTION 1KG ANJO;044368-11;2;ANJO;2;ANJO QUIMICA DO BRASIL LTDA;20004;MASSA POLIÉSTER
85361;MASSA POLIESTER ROBERFIBRA 750G BRASILUX;MS 220067054;67;BRASILUX;556;BRASILUX TINTAS TECNICAS LTDA;20004;MASSA POLIÉSTER
84561;MASSA POLIESTER ROBERMAXX 900G BRASILUX;MS 221135092;67;BRASILUX;556;BRASILUX TINTAS TECNICAS LTDA;20004;MASSA POLIÉSTER
23623;MASSA POLYKIT CLASSIC 2K SIKKENS;371075;8;SIKKENS;34;AKZO NOBEL LTDA;20004;MASSA POLIÉSTER
9762;MASSA POLYKIT IV 1,5KG SIKKENS;530707;8;SIKKENS;534;AKZO NOBEL LTDA;20004;MASSA POLIÉSTER
84038;MASSA PVA 5,5KG BRASILUX;MS 460000346;67;BRASILUX;556;BRASILUX TINTAS TECNICAS LTDA;30020;MASSA CORRIDA / ACRÍLICA
85344;MASSA PVA BALDE 18KG INOVE;115477;800060;DÁVILA  INOVE;11000432;MARTELENA ALMEIDA INDUSTRIA E COMERCIO DE TINTAS EIRELI;30020;MASSA CORRIDA / ACRÍLICA
84037;MASSA PVA BALDE 20KG BRASILUX;MS 460000343;67;BRASILUX;556;BRASILUX TINTAS TECNICAS LTDA;30020;MASSA CORRIDA / ACRÍLICA
84036;MASSA PVA BALDE 25KG BRASILUX;MS 460000390;67;BRASILUX;556;BRASILUX TINTAS TECNICAS LTDA;30020;MASSA CORRIDA / ACRÍLICA
85583;MASSA PVA CAIXA 18KG INOVE;302;800060;DÁVILA  INOVE;11000432;MARTELENA ALMEIDA INDUSTRIA E COMERCIO DE TINTAS EIRELI;30020;MASSA CORRIDA / ACRÍLICA
84039;MASSA PVA LITRO 1,450KG BRASILUX;MS 460000321;67;BRASILUX;556;BRASILUX TINTAS TECNICAS LTDA;30020;MASSA CORRIDA / ACRÍLICA
20076;MASSA RAPIDA BRANCA 1,25KG MAXI RUBBER;2MA086;6;MAXI RUBBER;11000387;MAXI RUBBER INDUSTRIAS QUIMICAS LTDA;20004;MASSA POLIÉSTER
83;MASSA RAPIDA CINZA 0,900ML SKY;5,40003E+11;57;SKY;521;SKYLACK TINTAS E VERNIZES LTDA;20004;MASSA POLIÉSTER
10396;MASSA RAPIDA CINZA 1,25KG MAXI RUBBER;2MA001;6;MAXI RUBBER;11000387;MAXI RUBBER INDUSTRIAS QUIMICAS LTDA;20004;MASSA POLIÉSTER
23253;MASSA RAPIDA PLUS 1,25KG ANJO;023210-31;2;ANJO;382;ANJO QUIMICA DO BRASIL LTDA;20004;MASSA POLIÉSTER
23975;MASSA SINTETICA BRANCA 5,36KG AKZO;529452;1;WANDA;534;AKZO NOBEL LTDA;20004;MASSA POLIÉSTER
87250;MASSA TAPA FURO MISTERLAR CAIXA 15KG MISTERCRYL;4155;800113;MISTERCRYL;11000468;DURACOLOR INDUSTRIA E COMERCIO DE TINTAS;30001;TINTA PAREDE
87043;MASSA XTRA PLUS LIGHT 900GR ROBERLO;603563;39;ROBERLO;91;ROBERLO DO BRASIL LTDA;20004;MASSA POLIÉSTER
87380;MAZA PRIMER UNIVERSAL CINZA 3,6 L MAZA;242;800053;MAZA;11000423;MAZA PRODUTOS QUIMICOS LTDA;40002;EPOXI
87053;MAZAPOXI KIT M202 PRIMER CAT 8X1 VERMELHO OXIDO 3,6L;14529;800053;MAZA;11000423;MAZA PRODUTOS QUIMICOS LTDA;40002;EPOXI
85024;MAZAPOXI KIT M298 II AMARELO SEG 3,6L;12750;800053;MAZA;11000423;MAZA PRODUTOS QUIMICOS LTDA;40002;EPOXI
86986;MAZAPOXI KIT M298 II AZUL PLUMBAGO CT 3,6L;24173;800053;MAZA;11000423;MAZA PRODUTOS QUIMICOS LTDA;40002;EPOXI
85074;MAZAPOXI KIT M298 II BRANCO N9,5 3,6L;9849;800053;MAZA;11000423;MAZA PRODUTOS QUIMICOS LTDA;40002;EPOXI
84940;MAZAPOXI KIT M298 II CINZA CLARO N 6,5 3,6L;12003;800053;MAZA;11000423;MAZA PRODUTOS QUIMICOS LTDA;40002;EPOXI
85025;MAZAPOXI KIT M298 II CINZA MEDIA N5 3,6L;13480;800053;MAZA;11000423;MAZA PRODUTOS QUIMICOS LTDA;40002;EPOXI
84937;MAZAPOXI KIT M298 II PRETO N1 3,6L;12749;800053;MAZA;11000423;MAZA PRODUTOS QUIMICOS LTDA;40002;EPOXI
85023;MAZAPOXI KIT M298 II VERDE EMBLEMA 3,6L;12748;800053;MAZA;11000423;MAZA PRODUTOS QUIMICOS LTDA;40002;EPOXI
84944;MAZAPOXI KIT M298 II VERDE SEGURANÇA 3,6L;13553;800053;MAZA;11000423;MAZA PRODUTOS QUIMICOS LTDA;40002;EPOXI
84927;MAZAPOXI KIT M298 II VERMELHO SEGURANÇA 3,6L;12863;800053;MAZA;11000423;MAZA PRODUTOS QUIMICOS LTDA;40002;EPOXI
84941;MAZAVED KIT M265 ALCATRÃO HULHA POL CAT 3X1 PRETO 3,6L;15415;800053;MAZA;11000423;MAZA PRODUTOS QUIMICOS LTDA;40002;EPOXI
24313;MB H61 SOCKET 1155MICRO-ATX AFOX;514;999999;.;267;PAR TECNOLOGIA E SERVICOS DE INFORMATICA LTDA EPP;999999;GRUPO CONVERSAO
85334;MELT LIMPADOR ALTA PERFORMANCE 500ML MAXI RUBBER;DC0015;6;MAXI RUBBER;11000387;MAXI RUBBER INDUSTRIAS QUIMICAS LTDA;20004;MASSA POLIÉSTER
23890;MEMORIA DDR3 4GB;868;999999;.;267;PAR TECNOLOGIA E SERVICOS DE INFORMATICA LTDA EPP;999999;GRUPO CONVERSAO
84698;METALICO-CINZA GRAFITE METALICO 3,6L BRASILUX;BT 010639402;67;BRASILUX;556;BRASILUX TINTAS TECNICAS LTDA;40001;ESMALTES
84167;METALICO-DOURADO 3,6L BRASILUX;BT 013200102;67;BRASILUX;556;BRASILUX TINTAS TECNICAS LTDA;40001;ESMALTES
84172;METALICO-DOURADO 900ML BRASILUX;BT 013200101;67;BRASILUX;556;BRASILUX TINTAS TECNICAS LTDA;40001;ESMALTES
85308;METALICO-MARROM AVELA VW80 3,6L BRASILUX;BT 011001502;67;BRASILUX;556;BRASILUX TINTAS TECNICAS LTDA;40001;ESMALTES
84956;METALICO-MARROM BRONZE GM81 900ML BRASILUX;BT 011004401;67;BRASILUX;556;BRASILUX TINTAS TECNICAS LTDA;40001;ESMALTES
84171;METALICO-MARROM BRONZE II GM82 900ML BRASILUX;BT 011002801;67;BRASILUX;556;BRASILUX TINTAS TECNICAS LTDA;40001;ESMALTES
84166;METALICO-MARROM BRONZE II MET GM 82 3,6L BRASILUX;BT 011002802;67;BRASILUX;556;BRASILUX TINTAS TECNICAS LTDA;40001;ESMALTES
85177;METALICO-MARROM CASTANHO MET FD 85 3,6L BRASILUX;BT 011001102;67;BRASILUX;556;BRASILUX TINTAS TECNICAS LTDA;40001;ESMALTES
84169;METALICO-OURO ANTIGO FD74 900ML BRASILUX;BT 013300301;67;BRASILUX;556;BRASILUX TINTAS TECNICAS LTDA;40001;ESMALTES
84164;METALICO-OURO ANTIGO MET FD 74 3,6L BRASILUX;BT 013300302;67;BRASILUX;556;BRASILUX TINTAS TECNICAS LTDA;40001;ESMALTES
84165;METALICO-OURO SAVOIA MET FD83 3,6L BRASILUX;BT 013300502;67;BRASILUX;556;BRASILUX TINTAS TECNICAS LTDA;40001;ESMALTES
84170;METALICO-OURO SAVOIA MET FD83 900ML BRASILUX;BT 013300501;67;BRASILUX;556;BRASILUX TINTAS TECNICAS LTDA;40001;ESMALTES
84168;METALICO-OURO VILA RICA MET VW 75 3,6L BRASILUX;BT 013300402;67;BRASILUX;556;BRASILUX TINTAS TECNICAS LTDA;40001;ESMALTES
84173;METALICO-OURO VILA RICA VW75 900ML BRASILUX;BT 013300401;67;BRASILUX;556;BRASILUX TINTAS TECNICAS LTDA;40001;ESMALTES
84868;METALICO-PISTACHE 900ML BRASILUX;BT 012245801;67;BRASILUX;556;BRASILUX TINTAS TECNICAS LTDA;40001;ESMALTES
84954;METALICO-PRATA LUNAR MET VW 91 3,6L BRASILUX;BT 013500302;67;BRASILUX;556;BRASILUX TINTAS TECNICAS LTDA;40001;ESMALTES
84955;METALICO-PRATA LUNAR MET VW 91 900ML BRASILUX;BT 013500301;67;BRASILUX;556;BRASILUX TINTAS TECNICAS LTDA;40001;ESMALTES
87218;MICRO ESFERA BASIGLASS TIPO II A SACO 25KG MAZA;24277;800053;MAZA;11000423;MAZA PRODUTOS QUIMICOS LTDA;40002;EPOXI
85360;MICROESFERA DE VIDRO VIARIA SACO 25KG BRASILUX;2901;67;BRASILUX;556;BRASILUX TINTAS TECNICAS LTDA;30003;TINTA PARA PISO
85060;MISTURADOR DE TINTA METALICO 42CM 176/1 ATLAS;176/1;35;ATLAS;8;PINCEIS ATLAS S.A.;30028;ROLOS / TRINCHAS / PINCÉIS / ESPÁTULAS
85061;MISTURADOR DE TINTA METALICO 61CM 176/2 ATLAS;176/2;35;ATLAS;8;PINCEIS ATLAS S.A.;30028;ROLOS / TRINCHAS / PINCÉIS / ESPÁTULAS
87274;MISTURADOR ELETRICO CH MTA-1200E 900W 220V CHIAPERINI;32091;72;CHIAPERINI;571;CHIAPERINI INDUSTRIAL LTDA;20058;OUTRAS FERRAMENTAS / EQUIPAMENTOS
85204;MITTUS 500ML ZACS;2011106;10;VONIXX;425;VONIXX INDUSTRIA E COMERCIO DE POLIDORES LTDA;20011;LINHA DE HIGENIZAÇÃO E ESTÉTICA  AUTOMOTIVA VONIX
23626;MIX 581 AMARELO DOURADO INTENSO AXALTA;274;5;AXALTA;48;DISTEC DF COMERCIO DE PRODUTOS AUTOMOTIVO;20031;BASES POLIÉSTER
85256;MIX SINTETICO AZUL ESVERDEADO 464 900ML MAZA;12873;800053;MAZA;11000423;MAZA PRODUTOS QUIMICOS LTDA;40002;EPOXI
85257;MIX SINTETICO VERDE 465 900ML MAZA;12877;800053;MAZA;11000423;MAZA PRODUTOS QUIMICOS LTDA;40002;EPOXI
85258;MIX SINTETICO VIOLETA 465 900ML MAZA;12899;800053;MAZA;11000423;MAZA PRODUTOS QUIMICOS LTDA;40002;EPOXI
83833;MIXING FLEET COLOR FC622-21,94-ST;;999999;.;35;SHERWIN - WILLIAMS DO BRASIL IND. E COM. LTDA;20031;BASES POLIÉSTER
20759;MIXING FLEET COLOR P. U AMARELO CLARO FC611-21,94-ST;67.00.FC611-027;999999;.;35;SHERWIN - WILLIAMS DO BRASIL IND. E COM. LTDA;20032;BASES PU
20755;MIXING FLEET COLOR P. U OCRE FC605-21,94-ST;67.00.FC605-027;999999;.;35;SHERWIN - WILLIAMS DO BRASIL IND. E COM. LTDA;20032;BASES PU
20760;MIXING FLEET COLOR P. U VERDE ESCURO FC615-21,94-ST;67.00.FC615-027;999999;.;35;SHERWIN - WILLIAMS DO BRASIL IND. E COM. LTDA;20032;BASES PU
20762;MIXING FLEET COLOR P. U VERMELHO CARMIN FC621-21,94-ST;67.00.FC621-027;999999;.;35;SHERWIN - WILLIAMS DO BRASIL IND. E COM. LTDA;20032;BASES PU
20765;MIXING FLEET COLOR P. U VERMELHO ESCURO FC624;67.00.FC624-027;999999;.;35;SHERWIN - WILLIAMS DO BRASIL IND. E COM. LTDA;20032;BASES PU
20764;MIXING FLEET COLOR P. U VERMELHO OXIDO FC623-21,94-ST;67.00.FC623-027;999999;.;35;SHERWIN - WILLIAMS DO BRASIL IND. E COM. LTDA;20032;BASES PU
20767;MIXING FLEET COLOR P. U VIOLETA AZULADO FC626-21,94-ST;67.00.FC626-027;999999;.;35;SHERWIN - WILLIAMS DO BRASIL IND. E COM. LTDA;20032;BASES PU
20766;MIXING FLEET COLOR P. U VIOLETA FC625;67.00.FC625-027;999999;.;35;SHERWIN - WILLIAMS DO BRASIL IND. E COM. LTDA;20032;BASES PU
22595;MIXING FLEET COLOR PU PRETO INTENSO FC612-21,94-ST;67.00.FC612-027;999999;.;35;SHERWIN - WILLIAMS DO BRASIL IND. E COM. LTDA;20032;BASES PU
21801;MIXING FLEET COLOR PU VERMELHO ESCARLATE -21,94-ST;67.00.FC616-027;999999;.;35;SHERWIN - WILLIAMS DO BRASIL IND. E COM. LTDA;20003;TINTAS PU
24214;MOLHA DEDO POLU OFFICE 12G POLYCLIPS;132420;800120;POLYCLIPS;11000474;OMNI COMERCIO E SERVIÇOS LTDA;999999;GRUPO CONVERSAO
23505;MOTO COMPRESSOR 7,6/24L 2HP 220V;09.08.02.0003;28;TERRA UTIL;143;TERRA UTIL. DE MAQUINAS, FERRAMENTAS E UTILID.;20028;APLICADORES / ADAPTADORES / ENGATES / SUPORTES
245;MOTO-V 1,5L VONIXX;2018022;10;VONIXX;425;VONIXX INDUSTRIA E COMERCIO DE POLIDORES LTDA;20011;LINHA DE HIGENIZAÇÃO E ESTÉTICA  AUTOMOTIVA VONIX
244;MOTO-V 500ML VONIXX;2018021;10;VONIXX;425;VONIXX INDUSTRIA E COMERCIO DE POLIDORES LTDA;20011;LINHA DE HIGENIZAÇÃO E ESTÉTICA  AUTOMOTIVA VONIX
21445;MOTOCOMPRESSOR 7.6 21L 127V CHIAPERINI;22832;72;CHIAPERINI;571;CHIAPERINI INDUSTRIAL LTDA;20058;OUTRAS FERRAMENTAS / EQUIPAMENTOS
21531;MOTOCOMPRESSOR 7.6/21L 220V;22843;72;CHIAPERINI;571;CHIAPERINI INDUSTRIAL LTDA;20058;OUTRAS FERRAMENTAS / EQUIPAMENTOS
87273;MOTOCOMPRESSOR DE AR DIRETO RED C/M 1/3HP BIVOLT CHIAPERINI;20328;72;CHIAPERINI;571;CHIAPERINI INDUSTRIAL LTDA;20058;OUTRAS FERRAMENTAS / EQUIPAMENTOS
87303;"MOTOESMERIL PROFISSIONAL ME 6"" 360W 220V CHIAPERINI";23237;72;CHIAPERINI;571;CHIAPERINI INDUSTRIAL LTDA;20058;OUTRAS FERRAMENTAS / EQUIPAMENTOS
23872;MOUSE MO1000 C/ FIO USB MAXPRINT;206601;800106;MAXPRINT;11000474;OMNI COMERCIO E SERVIÇOS LTDA;999999;GRUPO CONVERSAO
87179;MOUSE PAD PRETO SLIM MULTILASER;18114;800116;MULTILASER;11000474;OMNI COMERCIO E SERVIÇOS LTDA;999999;GRUPO CONVERSAO
83880;MOUSE SEM FIO MULTILASER;197556;800116;MULTILASER;11000474;OMNI COMERCIO E SERVIÇOS LTDA;999999;GRUPO CONVERSAO
84186;MOVELEIRA VERNIZ COPAL 3,6L BRASILUX;VN 090003002;67;BRASILUX;556;BRASILUX TINTAS TECNICAS LTDA;50001;LINHA MOVELEIRA
84187;MOVELEIRA VERNIZ COPAL 900ML BRASILUX;VN 090003001;67;BRASILUX;556;BRASILUX TINTAS TECNICAS LTDA;50001;LINHA MOVELEIRA
10405;MSA PINCEL 630G MAXI RUBBER;5MA057;6;MAXI RUBBER;11000387;MAXI RUBBER INDUSTRIAS QUIMICAS LTDA;20004;MASSA POLIÉSTER
85335;MULTI CLEAN LIMPADOR APC MULTIUSO 500ML DIMENSION;DC0016;6;MAXI RUBBER;11000387;MAXI RUBBER INDUSTRIAS QUIMICAS LTDA;20011;LINHA DE HIGENIZAÇÃO E ESTÉTICA  AUTOMOTIVA VONIX
9767;MULTI USE FILLER HS CINZA CLARO 3LT -21,94-ST;529771;8;SIKKENS;34;AKZO NOBEL LTDA;20035;PRIMER AUTOMOTIVO
9768;MULTI USE FILLER HS CINZA ESCURO 3L  -21,94-ST;529772;8;SIKKENS;534;AKZO NOBEL LTDA;20035;PRIMER AUTOMOTIVO
23516;MULTI USO INGLESA UAU 500ML LAVANDA;389;800092;LAVANDA;112;COM.ALVORADA LIMPEZA E DESCARTAVEIS;999999;GRUPO CONVERSAO
24189;MULTICLEAN - LIMPADOR MULTIUSO FLOTADOR;PB11;62;SAFIRA;539;SAFIRA COMERCIAL EIRELI-ME;999999;GRUPO CONVERSAO
21772;MULTIEXTENDER MASILLA 750ML ROBERLO;61003;39;ROBERLO;91;ROBERLO DO BRASIL LTDA;20049;VEDADORES / SELANTES
21391;NORCLEAN POWER ATIVADOR BRILHO 500ML NORTON;66254482104;999999;.;21;SAINT- GOBAIN DO BRASIL PROD. IND. E CONSTR. LTDA;999999;GRUPO CONVERSAO
21389;NORCLEAN POWER LIQUIDO POLIDOR Nº 03 NORTON;66254482109;11;NORTON;21;SAINT- GOBAIN DO BRASIL PROD. IND. E CONSTR. LTDA;1009;.........
87338;NOVACOR PISO CINZA CHUMBO LATA 18L SHERWIN;;3;SHERWIN WILLIAMS;35;SHERWIN - WILLIAMS DO BRASIL IND. E COM. LTDA;30003;TINTA PARA PISO
87351;NOVACOR PISO CINZA LATA 18L SHERWIN;48883;3;SHERWIN WILLIAMS;80000533;RORIZ LUZIANIA COMERCIO DE TINTAS LTDA;30003;TINTA PARA PISO
87352;NOVACOR PISO PRETO LATA 18L SHERWIN;48887;3;SHERWIN WILLIAMS;80000533;RORIZ LUZIANIA COMERCIO DE TINTAS LTDA;30003;TINTA PARA PISO
23674;OCULOS DE SEGURANÇA 3M;2168;4;3M;36;3M DO BRASIL LTDA;20027;EPI´S
23886;OCULOS VISION 3000 ANTI RISCO E ANTI EMBAÇAMENTO 3M;HB004003107;4;3M;36;3M DO BRASIL LTDA;20027;EPI´S
22675;ODORIZADOR AMBIENTE CITRUS 400ML;27411;999999;.;112;COM.ALVORADA LIMPEZA E DESCARTAVEIS;999999;GRUPO CONVERSAO
22257;ODORIZADOR AMBIENTE LAVANDA 400ML;27407;999999;.;112;COM.ALVORADA LIMPEZA E DESCARTAVEIS;999999;GRUPO CONVERSAO
83807;ODORIZADOR AMBIENTE PIMENTA ROSA 400ML;30931;999999;.;112;COM.ALVORADA LIMPEZA E DESCARTAVEIS;999999;GRUPO CONVERSAO
23742;ODORIZANTE GEL CARRO NOVO 60G PEROLA;212403;47;PEROLA;475;INDUSTRIA E COMERCIO DE POLIDORES PEROLA LTDA;20006;CERA  / LIMPEZA /  POLIMENTO VEICULAR
23743;ODORIZANTE GEL LAVANDA 60G PEROLA;212205;47;PEROLA;475;INDUSTRIA E COMERCIO DE POLIDORES PEROLA LTDA;20006;CERA  / LIMPEZA /  POLIMENTO VEICULAR
85580;OH FRUIT LAVA AUTO CONCENTRADO NEUTRO 500ML DIMENSION;DC0018;6;MAXI RUBBER;11000387;MAXI RUBBER INDUSTRIAS QUIMICAS LTDA;20006;CERA  / LIMPEZA /  POLIMENTO VEICULAR
23506;OLEO COMPRESSOR VG 150 AW 1L CHIAPERINI-35,41-ST;5517;72;CHIAPERINI;571;CHIAPERINI INDUSTRIAL LTDA;20028;APLICADORES / ADAPTADORES / ENGATES / SUPORTES
85626;OLEO DESENGRIPANTE 300ML/200G WD-40;912050;800065;WD-40;11000441;WD-40 COMPANY BRASIL LTDA;20062;DESENGRIPANTE
87052;ONE STEP 3 EM 1 1LT AUTO AMERICA;304545039;17;AUTO AMERICA;30;AUTOAMERICA IMP.EXP. DE PROD. AUTO. LTDA;20006;CERA  / LIMPEZA /  POLIMENTO VEICULAR
21991;ONE STEP POLISH 3 IN 1 1LT MENZERNA;304035038;800122;MENZERNA;30;AUTOAMERICA IMP.EXP. DE PROD. AUTO. LTDA;20006;CERA  / LIMPEZA /  POLIMENTO VEICULAR
85351;OPTY 240ML VONIXX;2050448;10;VONIXX;425;VONIXX INDUSTRIA E COMERCIO DE POLIDORES LTDA;20011;LINHA DE HIGENIZAÇÃO E ESTÉTICA  AUTOMOTIVA VONIX
24245;PA DE LIXO CABOLONGO;10842;51;START;452;LIMA & PERGHER INDUSTRIAL E COMERCIO;999999;GRUPO CONVERSAO
85067;PAD P/ PINTURA C/ CABO AJUSTAVEL AT750/80 ATLAS;AT750/80;35;ATLAS;80000522;ATLAS S.A.;30028;ROLOS / TRINCHAS / PINCÉIS / ESPÁTULAS
87100;PAINEL DE SECAGEM INFRA 6 LAMPADAS C/ TEMPORIZADOR 220V BAND;1014;800082;BAND EQUIPAMENTOS;71;BAND EQUIPAMENTOS E MAQUINAS REPUXADORAS LTDA EPP;20058;OUTRAS FERRAMENTAS / EQUIPAMENTOS
86873;PALHA DE AÇO Nº 0 AÇO BOM;1;800096;AÇOBOM;11000453;ACOBOM INDUSTRIA COMERCIO E LOGISTICA LTDA;30036;PALHA DE AÇO
85020;PALHA DE AÇO Nº 1 AÇO BOM;2;800096;AÇOBOM;11000453;ACOBOM INDUSTRIA COMERCIO E LOGISTICA LTDA;30036;PALHA DE AÇO
85021;PALHA DE AÇO Nº 2 AÇO BOM;3;800096;AÇOBOM;11000453;ACOBOM INDUSTRIA COMERCIO E LOGISTICA LTDA;30036;PALHA DE AÇO
23517;PANO ALVEJADO;13513;29;BRILHOMAX;112;COM.ALVORADA LIMPEZA E DESCARTAVEIS;999999;GRUPO CONVERSAO
87324;PANO MULTIUSO 28CMX240M AZUL INOVEN;1210;100021;INOVEN;80000532;INOVEN INDUSTRIA, COMERCIO E IMPORTACAO LTDA;20066;PANO MULTIUSO
87003;PANO MULTIUSO 28CMX240M BRANCO;7166;800117;INOVE;112;COM.ALVORADA LIMPEZA E DESCARTAVEIS;20020;FLANELAS / PANOS
85420;PANO MULTIUSO 28CMX240M BRANCO INOVEN;1220;100021;INOVEN;80000532;INOVEN INDUSTRIA, COMERCIO E IMPORTACAO LTDA;20066;PANO MULTIUSO
87331;PANO MULTIUSO 28CMX25M AZUL INOVEN;1112;100021;INOVEN;80000532;INOVEN INDUSTRIA, COMERCIO E IMPORTACAO LTDA;20066;PANO MULTIUSO
87325;PANO MULTIUSO 28CMX25M BRANCO INOVEN;1154;100021;INOVEN;80000532;INOVEN INDUSTRIA, COMERCIO E IMPORTACAO LTDA;20066;PANO MULTIUSO
20592;PANO PEGA POEIRA BRAZILIAN;000279.99;49;BRAZILIAN;11000391;BRAZILIAN COLOR INDUSTRIA DE TINTAS E VERNIZES LTDA;20020;FLANELAS / PANOS
20556;PANO PEGA POEIRA RENOVA;87;37;RENOVA;11000448;RB REFINISH COMERCIAL ACESSORIOS LTDA;20020;FLANELAS / PANOS
23381;PANO PEGA POEIRA SHERWIN WILLIAMS;80.79.89711-686;3;SHERWIN WILLIAMS;35;SHERWIN - WILLIAMS DO BRASIL IND. E COM. LTDA;20020;FLANELAS / PANOS
20626;PANO POLIMENTO DE MICRO FIBRA MAX RUBBER;8MP062;6;MAXI RUBBER;29;MAXI RUBBER INDUSTRIAS QUIMICAS LTDA;999999;GRUPO CONVERSAO
22986;PANO SACO XADREZ 60X80CM;13514;999999;.;112;COM.ALVORADA LIMPEZA E DESCARTAVEIS;999999;GRUPO CONVERSAO
83879;PAPEL CAMURÇA;41181;31;UTILER;522;DJF Comercial de Papelaria Ltda. - ME;999999;GRUPO CONVERSAO
24311;PAPEL CASCA DE OVO TEXTURIZADO;55158;31;UTILER;522;DJF Comercial de Papelaria Ltda. - ME;999999;GRUPO CONVERSAO
22983;PAPEL HIG FS PALOMA;7834;999999;.;112;COM.ALVORADA LIMPEZA E DESCARTAVEIS;999999;GRUPO CONVERSAO
23543;PAPEL HIGIENICO 8X300M GLOBO-2,98-ST;14936;29;BRILHOMAX;112;COM.ALVORADA LIMPEZA E DESCARTAVEIS;999999;GRUPO CONVERSAO
83937;PAPEL HIGIENICO C/12 30MX10CM-5,67-ST;16405;29;BRILHOMAX;452;LIMA & PERGHER INDUSTRIAL E COMERCIO;999999;GRUPO CONVERSAO
23518;PAPEL HIGIENICO C/4 30MX10CM-5,67-ST;12175;800093;PERSONAL;112;COM.ALVORADA LIMPEZA E DESCARTAVEIS;999999;GRUPO CONVERSAO
84445;PAPEL MASCARAMENTO KRAFT 90CM ALEC;RL-001;800059;ALEC;11000413;Unipel Comercio de Importacao e Exportacao Ltda.;20016;PAPEL DE MASCARAMENTO
22179;PAPEL MASCARAUTO SEMI KRAFT 45CM TSK45;4;18;MADRUGA;11000429;ONKRAFT COMERCIO DE PAPEL E PAPELAO LTDA;20016;PAPEL DE MASCARAMENTO
22180;PAPEL MASCARAUTO SEMI KRAFT 90CM TSK90;T9-0002;18;MADRUGA;11000429;ONKRAFT COMERCIO DE PAPEL E PAPELAO LTDA;20016;PAPEL DE MASCARAMENTO
23539;PAPEL T. STYLOS BRANCO 2 UND;3308;29;BRILHOMAX;389;AMS MATERIAL DE LIMPEZA EIRELI ME;999999;GRUPO CONVERSAO
22987;PAPEL TOALHA 2D VIRGEM 2000FL 20X20 SOFT CONFORT;17778;999999;.;112;COM.ALVORADA LIMPEZA E DESCARTAVEIS;999999;GRUPO CONVERSAO
23546;PAPEL TOALHA PARA BANHEIRO-19,54-ST;2291;29;BRILHOMAX;452;LIMA & PERGHER INDUSTRIAL E COMERCIO;999999;GRUPO CONVERSAO
22988;PAPEL TOALHA ROLO;3126;800094;STYLUS;112;COM.ALVORADA LIMPEZA E DESCARTAVEIS;999999;GRUPO CONVERSAO
85698;PAPELAO ONDULADO SEMIKRAFT 1,20X20KG;85;800068;SIMAPPEL;11000444;SIMAPPEL - SIMAO PEREIRA INDUSTRIA E COMERCIO DE PAPEIS LTDA;30038;PAPELAO ONDULADO
84772;PARA CHOQUE TRASEIRO;866111S700BIJ;999999;.;99999999;FORNECEDOR CONVERSAO;999999;GRUPO CONVERSAO
85720;"PARAFUSADEIRA/FURADEIRA IMPACTO 1/2"" 13MM 20V 2 BATERIA 2AH BIVOLT E M";DCD7781D2BR;800070;DEWALT;11000477;BLACK & DECKER DO BRASIL LTDA;20058;OUTRAS FERRAMENTAS / EQUIPAMENTOS
85030;PASTA CRISTAL ROSA;46;999999;.;112;COM.ALVORADA LIMPEZA E DESCARTAVEIS;999999;GRUPO CONVERSAO
24218;PASTA EM L TRANSPARENTE;209066;100011;POLIBRAS;11000474;OMNI COMERCIO E SERVIÇOS LTDA;999999;GRUPO CONVERSAO
23520;PASTA PP C/ELASTICO TRANSPARENTE 40MM;47998;31;UTILER;522;DJF Comercial de Papelaria Ltda. - ME;999999;GRUPO CONVERSAO
22969;PASTA PP TRANSP C/ ELASTICO FINA - CRISTAL;178675;31;UTILER;11000474;OMNI COMERCIO E SERVIÇOS LTDA;999999;GRUPO CONVERSAO
23611;PASTA PP VISION C/ ELASTICO 20MM - FUME;56053;31;UTILER;522;DJF Comercial de Papelaria Ltda. - ME;999999;GRUPO CONVERSAO
24303;PASTA REVITALIZADORA 250GR HUNGRIA;10001000035;60;HUNGRIA;550;HARTS DISTRIBUIDORA II LTDA;20006;CERA  / LIMPEZA /  POLIMENTO VEICULAR
22962;PASTA SANFONADA A-4 12 DIV - FUME;52243;999999;.;522;DJF Comercial de Papelaria Ltda. - ME;999999;GRUPO CONVERSAO
23522;PASTA SANFONADA TRANSPARENTE;136719;31;UTILER;11000474;OMNI COMERCIO E SERVIÇOS LTDA;999999;GRUPO CONVERSAO
22966;PASTA SUSPENSA MARMORIZADA QUALITY;55515;999999;.;295;UTILER - UTILIDADES DE LEITURA E ESCRITA LTDA;999999;GRUPO CONVERSAO
85759;PD PAREDEX VA BATIDA DE KIWI 18L;5202046;800073;CORAL;34;AKZO NOBEL LTDA;30001;TINTA PAREDE
85758;PD PAREDEX VA BATIDA DE KIWI 3.6L;5202045;800073;CORAL;34;AKZO NOBEL LTDA;30001;TINTA PAREDE
85760;PD PAREDEX VA CEU MARAGOGI 18L;5202052;800073;CORAL;34;AKZO NOBEL LTDA;30001;TINTA PAREDE
85765;PD PAREDEX VA MARFIM BRASILEIRO 18L;5202064;800073;CORAL;34;AKZO NOBEL LTDA;30001;TINTA PAREDE
85764;PD PAREDEX VA MARFIM BRASILEIRO 3.6L;5202063;800073;CORAL;34;AKZO NOBEL LTDA;30001;TINTA PAREDE
85761;PD PAREDEX VA PEROLA DO ATLANTICO 3.6L;5202059;800073;CORAL;34;AKZO NOBEL LTDA;30001;TINTA PAREDE
85751;PD PAREDEX VA PESSEGO TROPICAL 18L;5202030;800073;CORAL;34;AKZO NOBEL LTDA;30001;TINTA PAREDE
85750;PD PAREDEX VA PESSEGO TROPICAL 3.6L;5202029;800073;CORAL;34;AKZO NOBEL LTDA;30001;TINTA PAREDE
85753;PD PAREDEX VA SOL IPANEMA 18L;5202038;800073;CORAL;34;AKZO NOBEL LTDA;30001;TINTA PAREDE
85757;PD PAREDEX VA VERDE NORONHA 18L;5202044;800073;CORAL;34;AKZO NOBEL LTDA;30001;TINTA PAREDE
85756;PD PAREDEX VA VERDE NORONHA 3.6L;5202043;800073;CORAL;34;AKZO NOBEL LTDA;30001;TINTA PAREDE
85752;PD PAREDEX VA VERMELHO FARROUPILHA 18L;5202036;800073;CORAL;34;AKZO NOBEL LTDA;30001;TINTA PAREDE
85519;PEDRA NATURAL DUBAI BALDE 23KG INOVE;108339;800060;DÁVILA  INOVE;11000432;MARTELENA ALMEIDA INDUSTRIA E COMERCIO DE TINTAS EIRELI;30023;TEXTURA
85520;PEDRA NATURALIBIZA BALDE 23KG INOVE;40006.0092.BD23;800060;DÁVILA  INOVE;80000531;G&A OESTE INDUSTRIA DE TINTAS LTDA;30023;TEXTURA
22984;PEDRA SANITARIA;1,78966E+13;999999;.;452;LIMA & PERGHER INDUSTRIAL E COMERCIO;999999;GRUPO CONVERSAO
85523;PEDRAS NATURAIS ACO CORTEN BALDE 20KG INOVE;117623;800060;DÁVILA  INOVE;11000432;MARTELENA ALMEIDA INDUSTRIA E COMERCIO DE TINTAS EIRELI;30035;PEDRAS NATURAIS
87168;PEDRAS NATURAIS ATACAMA BALDE 20KG MISTERCRYL;6318;800113;MISTERCRYL;11000468;DURACOLOR INDUSTRIA E COMERCIO DE TINTAS;30023;TEXTURA
85524;PEDRAS NATURAIS BARCELONA BALDE 20KG INOVE;117628;800060;DÁVILA  INOVE;11000432;MARTELENA ALMEIDA INDUSTRIA E COMERCIO DE TINTAS EIRELI;30035;PEDRAS NATURAIS
87163;PEDRAS NATURAIS CASTELLATO BALDE 20KG MISTERCRYL;;800113;MISTERCRYL;11000468;DURACOLOR INDUSTRIA E COMERCIO DE TINTAS;30023;TEXTURA
87169;PEDRAS NATURAIS CITRINO BALDE 20KG MISTERCRYL;5625;800113;MISTERCRYL;11000468;DURACOLOR INDUSTRIA E COMERCIO DE TINTAS;30023;TEXTURA
85525;PEDRAS NATURAIS DUBAI BALDE 20KG INOVE;117625;800060;DÁVILA  INOVE;11000432;MARTELENA ALMEIDA INDUSTRIA E COMERCIO DE TINTAS EIRELI;30035;PEDRAS NATURAIS
85526;PEDRAS NATURAIS FULL BLACK BALDE 20KG INOVE;117624;800060;DÁVILA  INOVE;11000432;MARTELENA ALMEIDA INDUSTRIA E COMERCIO DE TINTAS EIRELI;30035;PEDRAS NATURAIS
85527;PEDRAS NATURAIS IBZA BALDE 20KG INOVE;117626;800060;DÁVILA  INOVE;11000432;MARTELENA ALMEIDA INDUSTRIA E COMERCIO DE TINTAS EIRELI;30035;PEDRAS NATURAIS
87170;PEDRAS NATURAIS JALAPÃO BALDE 20KG MISTERCRYL;5622;800113;MISTERCRYL;11000468;DURACOLOR INDUSTRIA E COMERCIO DE TINTAS;30023;TEXTURA
85528;PEDRAS NATURAIS MADRI BALDE 20KG INOVE;117627;800060;DÁVILA  INOVE;11000432;MARTELENA ALMEIDA INDUSTRIA E COMERCIO DE TINTAS EIRELI;30035;PEDRAS NATURAIS
87164;PEDRAS NATURAIS MARROQUINO BALDE 20KG MISTERCRYL;5623;800113;MISTERCRYL;11000468;DURACOLOR INDUSTRIA E COMERCIO DE TINTAS;30023;TEXTURA
87166;PEDRAS NATURAIS MINERIO BALDE 20KG MISTERCRYL;;800113;MISTERCRYL;11000468;DURACOLOR INDUSTRIA E COMERCIO DE TINTAS;30023;TEXTURA
87167;PEDRAS NATURAIS NANQUIM BALDE 20KG MISTERCRYL;6319;800113;MISTERCRYL;11000468;DURACOLOR INDUSTRIA E COMERCIO DE TINTAS;30023;TEXTURA
87165;PEDRAS NATURAIS ONIX BALDE 20KG MISTERCRYL;5624;800113;MISTERCRYL;11000468;DURACOLOR INDUSTRIA E COMERCIO DE TINTAS;30023;TEXTURA
87171;PEDRAS NATURAIS TURMALINA BALDE 20KG MISTERCRYL;6320;800113;MISTERCRYL;11000468;DURACOLOR INDUSTRIA E COMERCIO DE TINTAS;30023;TEXTURA
23767;PERCEVEJOS LATONADOS 100X1;48973;31;UTILER;295;UTILER - UTILIDADES DE LEITURA E ESCRITA LTDA;999999;GRUPO CONVERSAO
85480;PERFIL PISO-PAREDE TECNO 9 1,8 M CAIXA COM 6 PECAS;7965644;999999;.;11000436;EUCATEX INDUSTRIA E COMERCIO LTDA;999999;GRUPO CONVERSAO
85479;PERFIL T TECNO 9 1,8 M CAIXA COM 6 PECAS;7965676;999999;.;11000436;EUCATEX INDUSTRIA E COMERCIO LTDA;999999;GRUPO CONVERSAO
23769;PILHA ALCALINA C/ 4 UNIDADES;55042;31;UTILER;522;DJF Comercial de Papelaria Ltda. - ME;999999;GRUPO CONVERSAO
87366;PILHA ALCALINA PALITO AA C/ 2 UNIDADES;175331;31;UTILER;11000474;OMNI COMERCIO E SERVIÇOS LTDA;999999;GRUPO CONVERSAO
23768;PILHA ALCALINA PALITO AAA C/ 2 UNIDADES;175323;31;UTILER;11000474;OMNI COMERCIO E SERVIÇOS LTDA;999999;GRUPO CONVERSAO
23528;PINCEL ATOMICO 1100P PILOT AZUL;173770;100010;PILOT;11000474;OMNI COMERCIO E SERVIÇOS LTDA;999999;GRUPO CONVERSAO
23529;PINCEL ATOMICO 1100P PILOT PRETO;173789;100010;PILOT;11000474;OMNI COMERCIO E SERVIÇOS LTDA;999999;GRUPO CONVERSAO
83876;PINCEL ATOMICO 1100P PILOT VERMELHO;173797;100010;PILOT;11000474;OMNI COMERCIO E SERVIÇOS LTDA;999999;GRUPO CONVERSAO
23527;PINCEL MARCA TEXTO MASTERPRINT AMARELO;205591;800121;MASTERPRINT;11000474;OMNI COMERCIO E SERVIÇOS LTDA;999999;GRUPO CONVERSAO
23571;PINCEL MARCADOR P/ VIDRO - GIZ LIQUIDO NEWPEN ROSA;24186;31;UTILER;522;DJF Comercial de Papelaria Ltda. - ME;999999;GRUPO CONVERSAO
23572;PINCEL MARCADOR P/ VIDRO WINDOW MARKER AMARELO;57034;31;UTILER;522;DJF Comercial de Papelaria Ltda. - ME;999999;GRUPO CONVERSAO
21132;PINO FEMEA PARA ENGATE RAPIDO PURFLEX;007M;999999;.;179;INDUSTRIA DE LIXADORES PURPER LTDA;20028;APLICADORES / ADAPTADORES / ENGATES / SUPORTES
84878;PISO CERÂMICO EXTRA 45X45 PEI - 3;2;999999;.;99999999;FORNECEDOR CONVERSAO;999999;GRUPO CONVERSAO
86915;PISO ESTRADO MODULAR PLASTICO EM PP 33X33CM PRETO;6565;800100;TRIDECK;11000457;ALINE RAACK ALVES;50002;PISO MODULAR
86916;PISO ESTRADO MODULAR PLASTICO EM PP 33X33CM VERMELHO;CFOP6108;800100;TRIDECK;11000457;ALINE RAACK ALVES;50002;PISO MODULAR
86917;PISO ESTRADO MODULAR RAMPA ACAB. MACHO PLASTICO EM PP 33X33CM PRETO;51616;800100;TRIDECK;11000457;ALINE RAACK ALVES;50002;PISO MODULAR
84549;PISO MODULAR FLOOR;1;999999;.;11000414;MODULAR FLOOR INDUSTRIA, COMERCIO, IMPORTACAO E EXPORTACAO;20028;APLICADORES / ADAPTADORES / ENGATES / SUPORTES
20090;PISSETA POLIETILENO CAPACIDADE 1000ML;329;800088;PROLAB;43;J.PROLAB IND. E COM. DE PRODUTOS PARA LABORATORIO;20028;APLICADORES / ADAPTADORES / ENGATES / SUPORTES
84918;PISTOLA  HIGH TECH MOD. 6000G 1.4MM EURO TECHNIKER;6000-14G;999999;.;92;EURO TECHNIKER COM. IMP. E EXP. DE EQUIP. IND. LTD;20023;PISTOLAS
86984;PISTOLA AR DIRETO MODELO 90 USO GERAL ARPREX;10115000;800112;ARPREX;11000467;EQUIPAMENTOS PARA PINTURA MAJAM LTDA - EM RECUPERACAO JUDICI;20058;OUTRAS FERRAMENTAS / EQUIPAMENTOS
22138;PISTOLA DE APLICAÇÃO PBA;HB004833081;4;3M;36;3M DO BRASIL LTDA;20023;PISTOLAS
23866;PISTOLA DE GRAVIDADE W-400 BELLARIA 1.30MM;W-400-134G;20;ANEST;11000396;AIRZAP - ANEST IWATA IND. E COM. LTDA;20023;PISTOLAS
23618;PISTOLA DE GRAVIDADE W-400 BELLARIA 1.4MM;W-400-144G;20;ANEST;11000396;AIRZAP - ANEST IWATA IND. E COM. LTDA;20023;PISTOLAS
87276;PISTOLA DE PINTURA ELETRICA HVLP 1.8MM 450W 220V PDR;E545 220V;800056;PDR;11000416;BERLINER DO BRASIL MOTORES LTDA;20023;PISTOLAS
87283;PISTOLA DE PINTURA ELETRICA SH201 1.8MM 600W 220V STONE HAMMER;86759;100020;STONE HAMMER;80000529;CARLOS VITOR BAQUIAO MARTINS LTDA;20023;PISTOLAS
85189;PISTOLA DE PINTURA GRAV. HVLP 1.4MM PDR;PRO-550 1.4;800056;PDR;11000416;BERLINER DO BRASIL MOTORES LTDA;20023;PISTOLAS
87252;PISTOLA DE PINTURA GRAV. HVMP 1.2MM 600ML COPO PRETO PDR;PRO531P;800056;PDR;11000416;BERLINER DO BRASIL MOTORES LTDA;20023;PISTOLAS
85086;PISTOLA DE PINTURA GRAV. HVMP 1.7MM PDR;PRO-550 1.7;800056;PDR;11000416;BERLINER DO BRASIL MOTORES LTDA;20023;PISTOLAS
86936;PISTOLA DE PINTURA PININFARINA LS-400ETS 1.30 ENTECH HLVP ANEST IWATA;LS-400-ETS13-SI;20;ANEST;11000396;AIRZAP - ANEST IWATA IND. E COM. LTDA;20023;PISTOLAS
129;PISTOLA DE PINTURA PININFARINA WS-400-SR2 HD CLEAR 1.3 DIGITAL ANEST I;WS-400-SR2D-13HD;20;ANEST;11000396;AIRZAP - ANEST IWATA IND. E COM. LTDA;20023;PISTOLAS
87033;PISTOLA DE PINTURA PININFARINA WS-400HD 1.40 CLEAR ANEST IWATA;WS-400-1401CHS1;20;ANEST;11000396;AIRZAP - ANEST IWATA IND. E COM. LTDA;20023;PISTOLAS
85699;PISTOLA DE PINTURA PRO-557 GRAV. HVLP 1.3MM PDR;PRO-557;800056;PDR;11000416;BERLINER DO BRASIL MOTORES LTDA;20023;PISTOLAS
87254;PISTOLA DE PINTURA PSG 2 PN26852 3M;HB004839310;4;3M;36;3M DO BRASIL LTDA;20023;PISTOLAS
86996;PISTOLA DE PINTURA PSG PN26832 3M;HB004701262;4;3M;36;3M DO BRASIL LTDA;20023;PISTOLAS
84716;PISTOLA EGO CARBONIO HVLP 1.0 WALCOM;712010;6;MAXI RUBBER;11000387;MAXI RUBBER INDUSTRIAS QUIMICAS LTDA;20023;PISTOLAS
84818;PISTOLA EMBORRACHAMENTO PDR;PRO522;800056;PDR;11000416;BERLINER DO BRASIL MOTORES LTDA;20023;PISTOLAS
87296;PISTOLA GENESI CARBONIO 360 EVO HTE CLEAR 1.3MM WALCOM;;6;MAXI RUBBER;11000387;MAXI RUBBER INDUSTRIAS QUIMICAS LTDA;20023;PISTOLAS
20999;PISTOLA GENESI GEO 1.3 C/ MANOMETRO ANALOGICO WALCOM;W083013;6;MAXI RUBBER;29;MAXI RUBBER INDUSTRIAS QUIMICAS LTDA;20023;PISTOLAS
23753;PISTOLA P/ APLICAÇÃO DE SPRAY USO GERAL PURPLEX;132;48;PURPLEX;179;INDUSTRIA DE LIXADORES PURPER LTDA;20023;PISTOLAS
87319;PISTOLA PARA TEXTURA 4.0MM/6.0MM/8.0MM PRO-523 PDR;PRO523;800056;PDR;11000416;BERLINER DO BRASIL MOTORES LTDA;20023;PISTOLAS
21047;PISTOLA PRIMER HG09 3M;HC000619706;4;3M;36;3M DO BRASIL LTDA;20023;PISTOLAS
22935;PISTOLA ROLOC 2 PN33577 3M;HB004495220;4;3M;36;3M DO BRASIL LTDA;20023;PISTOLAS
165;PISTOLA SLIM 1.7 X-LIGHT HTE S/MAN WALCOM;822017;6;MAXI RUBBER;11000416;BERLINER DO BRASIL MOTORES LTDA;20023;PISTOLAS
23943;PISTOLA SLIM HTE X-LIGHT 1.9 WALCOM;822019;6;MAXI RUBBER;29;MAXI RUBBER INDUSTRIAS QUIMICAS LTDA;20023;PISTOLAS
85289;PISTOLA SLIM HVLP 1.3 WALCOM;10060.13;6;MAXI RUBBER;29;MAXI RUBBER INDUSTRIAS QUIMICAS LTDA;20023;PISTOLAS
20561;PISTOLA SLIM HVLP 1.7 WALCOM;10060.17;999999;.;29;MAXI RUBBER INDUSTRIAS QUIMICAS LTDA;999999;GRUPO CONVERSAO
23837;PISTOLA SLIM X-LIGHT HTE/HALO 1.3 WALCOM;822013;6;MAXI RUBBER;11000387;MAXI RUBBER INDUSTRIAS QUIMICAS LTDA;20023;PISTOLAS
85412;PISTOLA SLIM XLIGHT HVLP 1.7 WALCOM;833017;6;MAXI RUBBER;29;MAXI RUBBER INDUSTRIAS QUIMICAS LTDA;20023;PISTOLAS
83878;PLACA DE ISOPOR BRANCO;16826;31;UTILER;522;DJF Comercial de Papelaria Ltda. - ME;999999;GRUPO CONVERSAO
83914;PLACA SINALIZADORA PISO MOHADO;2172;31;UTILER;452;LIMA & PERGHER INDUSTRIAL E COMERCIO;999999;GRUPO CONVERSAO
83917;PLASTICO ACP A4 4 FUROS MEDIO 24X1;171069;31;UTILER;11000474;OMNI COMERCIO E SERVIÇOS LTDA;999999;GRUPO CONVERSAO
87375;PN33647 FILTRO EXTRATORA 2/CX;HB004727770;4;3M;36;3M DO BRASIL LTDA;20058;OUTRAS FERRAMENTAS / EQUIPAMENTOS
87376;PN33648 BOLSA DO FILTRO;HB004727804;4;3M;36;3M DO BRASIL LTDA;20058;OUTRAS FERRAMENTAS / EQUIPAMENTOS
84872;PNEU PRETINHO 1,5L VONIXX;2008030;10;VONIXX;425;VONIXX INDUSTRIA E COMERCIO DE POLIDORES LTDA;20011;LINHA DE HIGENIZAÇÃO E ESTÉTICA  AUTOMOTIVA VONIX
24297;PNEU PRETINHO 5L VONIXX;2008029;10;VONIXX;425;VONIXX INDUSTRIA E COMERCIO DE POLIDORES LTDA;20011;LINHA DE HIGENIZAÇÃO E ESTÉTICA  AUTOMOTIVA VONIX
86934;POLIDOR DE ALUMINIO 150G AUTO AMERICA;304556003;17;AUTO AMERICA;30;AUTOAMERICA IMP.EXP. DE PROD. AUTO. LTDA;20005;MASSA DE POLIR
23731;POLIDOR DE METAIS 100GRS PEROLA;200709;47;PEROLA;475;INDUSTRIA E COMERCIO DE POLIDORES PEROLA LTDA;20018;LÍQUIDOS P/ POLIMENTO 
84738;POLIDOR LUSTRO ETAPA 3 500ML NORTON;78072705103;11;NORTON;21;SAINT- GOBAIN DO BRASIL PROD. IND. E CONSTR. LTDA;20018;LÍQUIDOS P/ POLIMENTO 
10073;POLIDOR PREMIUM 1KG 3M;HB004065502;4;3M;36;3M DO BRASIL LTDA;20005;MASSA DE POLIR
83892;POLIDOR SUPER BRILHO ETAPA 4 500ML NORTON;78072705105;11;NORTON;21;SAINT- GOBAIN DO BRASIL PROD. IND. E CONSTR. LTDA;20018;LÍQUIDOS P/ POLIMENTO 
23749;POLIDOR ULTRA STEP 1 LIQUID ICE 500ML NORTON;78072708894;11;NORTON;21;SAINT- GOBAIN DO BRASIL PROD. IND. E CONSTR. LTDA;20006;CERA  / LIMPEZA /  POLIMENTO VEICULAR
84737;POLIDOR ULTRA STEP 2 LIQUID ICE 500ML NORTON;78072708895;11;NORTON;21;SAINT- GOBAIN DO BRASIL PROD. IND. E CONSTR. LTDA;20018;LÍQUIDOS P/ POLIMENTO 
84739;POLIDOR WAX CERA 500ML NORTON;78072705106;11;NORTON;21;SAINT- GOBAIN DO BRASIL PROD. IND. E CONSTR. LTDA;20018;LÍQUIDOS P/ POLIMENTO 
85506;POLITRIZ ROTO ORBITAL 15MM 230V PN34112 3M;HB004788434;4;3M;36;3M DO BRASIL LTDA;20024;LIXADEIRAS
84769;PONTEIRA DE 01 PONTA BAND;;999999;.;71;BAND EQUIPAMENTOS E MAQUINAS REPUXADORAS LTDA EPP;20028;APLICADORES / ADAPTADORES / ENGATES / SUPORTES
84811;PORCELANATO LIQUIDO EPOXI ECOLUX AMARELO SEGURANCA 5Y8/12 3,6L BRASILU;BT 840205102;67;BRASILUX;556;BRASILUX TINTAS TECNICAS LTDA;40002;EPOXI
84805;PORCELANATO LIQUIDO EPOXI ECOLUX AZUL DEL REY 3,6L BRASILUX;BT 840320002;67;BRASILUX;556;BRASILUX TINTAS TECNICAS LTDA;40002;EPOXI
85260;PORCELANATO LIQUIDO EPOXI ECOLUX AZUL DEL REY 3,6L BRASILUX;SB 840320002;67;BRASILUX;556;BRASILUX TINTAS TECNICAS LTDA;40002;EPOXI
84809;PORCELANATO LIQUIDO EPOXI ECOLUX AZUL FRANCA 3,6L BRASILUX;BT 840302702;67;BRASILUX;556;BRASILUX TINTAS TECNICAS LTDA;40002;EPOXI
85261;PORCELANATO LIQUIDO EPOXI ECOLUX AZUL PROFUNDO 3,6L BRASILUX;SB 840332802;67;BRASILUX;556;BRASILUX TINTAS TECNICAS LTDA;40002;EPOXI
84806;PORCELANATO LIQUIDO EPOXI ECOLUX BRANCO NEVE 3,6L BRASILUX;BT 840503002;67;BRASILUX;556;BRASILUX TINTAS TECNICAS LTDA;40002;EPOXI
87281;PORCELANATO LIQUIDO EPOXI ECOLUX CINZA CLARO N6.5 3,6L BRASILUX;SB 840601702;67;BRASILUX;556;BRASILUX TINTAS TECNICAS LTDA;40002;EPOXI
85242;PORCELANATO LIQUIDO EPOXI ECOLUX CINZA CLARO N6.5 3,6L BRASILUX;BT 840601702;67;BRASILUX;556;BRASILUX TINTAS TECNICAS LTDA;40002;EPOXI
84810;PORCELANATO LIQUIDO EPOXI ECOLUX CINZA ESCURO N3.5 3,6L BRASILUX;BT 840601402;67;BRASILUX;556;BRASILUX TINTAS TECNICAS LTDA;40002;EPOXI
83848;PORTA LAPIS SIMPLES;59334;31;UTILER;522;DJF Comercial de Papelaria Ltda. - ME;999999;GRUPO CONVERSAO
83998;PORTA MOEDAS;58860;31;UTILER;522;DJF Comercial de Papelaria Ltda. - ME;999999;GRUPO CONVERSAO
24217;PRANCHETA MDF OFICIO PRENDEDOR METAL 8289 STALO;138398;100008;STALO;11000474;OMNI COMERCIO E SERVIÇOS LTDA;999999;GRUPO CONVERSAO
251;PRATA ESCUNA WEG-21,94-ST;12259341;999999;.;99999999;FORNECEDOR CONVERSAO;20002;TINTAS POLIÉSTER
21005;PRATA POLARIS MET GM 06 - POL-21,94-ST;302.00105.04;999999;.;99999999;FORNECEDOR CONVERSAO;20002;TINTAS POLIÉSTER
20279;PRETO FOSCO VINILICO 600ML ANJO;021642-56;2;ANJO;382;ANJO QUIMICA DO BRASIL LTDA;20045;PRETO FOSCO VINÍLICO
21039;PRETO FOSCO VINILICO 600ML LAZZURIL;05.00.00049-016;3;SHERWIN WILLIAMS;35;SHERWIN - WILLIAMS DO BRASIL IND. E COM. LTDA;20045;PRETO FOSCO VINÍLICO
9848;PRETO LISZT PU-21,94-ST;CPU-205.04;999999;.;99999999;FORNECEDOR CONVERSAO;20002;TINTAS POLIÉSTER
87241;PRIMER 0,9KG RHODOPAS;556;800138;RHODOPAS;156;PRODESIVO INDUSTRIA E COMERCIO LTDA;30002;IMPERMEABILIZANTES
22454;PRIMER 2K-30 WEG-21,94-ST;15380092;999999;.;99999999;FORNECEDOR CONVERSAO;20035;PRIMER AUTOMOTIVO
87242;PRIMER 3,6KG RHODOPAS;752;800138;RHODOPAS;156;PRODESIVO INDUSTRIA E COMERCIO LTDA;30002;IMPERMEABILIZANTES
21808;PRIMER 5100 CINZA MEDIO 3L WANDA-21,46-ST;545868;1;WANDA;34;AKZO NOBEL LTDA;20035;PRIMER AUTOMOTIVO
86883;PRIMER ASFALTICO BASE AGUA 3,6LT VEDACIT;121833;800098;VEDACIT;11000455;OTTO BAUMGART IND E COM S/A;30002;IMPERMEABILIZANTES
86884;PRIMER ASFALTICO BASE AGUA 900ML VEDACIT;121908;800098;VEDACIT;11000455;OTTO BAUMGART IND E COM S/A;30002;IMPERMEABILIZANTES
24182;PRIMER CLASSIC BRANCO 3L SIKKENS-21,46-ST;584673;8;SIKKENS;34;AKZO NOBEL LTDA;20035;PRIMER AUTOMOTIVO
23925;PRIMER CLASSIC CINZA CLARO 1L SIKKENS-21,94-ST;574404;8;SIKKENS;34;AKZO NOBEL LTDA;20035;PRIMER AUTOMOTIVO
23926;PRIMER CLASSIC CINZA CLARO 3L SIKKENS-21,46-ST;574403;8;SIKKENS;34;AKZO NOBEL LTDA;20035;PRIMER AUTOMOTIVO
23397;PRIMER CLASSIC FAST 3L SIKKENS-21,94-ST;529775;8;SIKKENS;534;AKZO NOBEL LTDA;20035;PRIMER AUTOMOTIVO
21861;PRIMER CLASSIC FAST 900ML SIKKENS-21,46-ST;529774;8;SIKKENS;34;AKZO NOBEL LTDA;20035;PRIMER AUTOMOTIVO
84119;PRIMER EPOXI CINZA UMIDO/UMIDO 2,88L BRASILUX;PR 330686023;67;BRASILUX;556;BRASILUX TINTAS TECNICAS LTDA;40002;EPOXI
84118;PRIMER EPOXI VERMELHO OXIDO UMIDO/UMIDO 2,88L BRASILUX;PR 332314523;67;BRASILUX;556;BRASILUX TINTAS TECNICAS LTDA;40002;EPOXI
86;PRIMER FOSFATIZANTE ANTICORROSIVO 2:1 0,600ML SKY-21,94-ST;1,40005E+11;57;SKY;521;SKYLACK TINTAS E VERNIZES LTDA;20035;PRIMER AUTOMOTIVO
21439;PRIMER HS PU 511 750ML MAXI RUBBER;2MG010;6;MAXI RUBBER;11000387;MAXI RUBBER INDUSTRIAS QUIMICAS LTDA;20035;PRIMER AUTOMOTIVO
24247;PRIMER KP350 PU 5:1 750ML LAZZURIL;05.30.KP350-276;3;SHERWIN WILLIAMS;35;SHERWIN - WILLIAMS DO BRASIL IND. E COM. LTDA;20035;PRIMER AUTOMOTIVO
21436;PRIMER KROLAC P512/I.401 PU 720ML ROBERLO;602794;39;ROBERLO;91;ROBERLO DO BRASIL LTDA;20035;PRIMER AUTOMOTIVO
10123;PRIMER MULTIFILL AUTOCOLOR PPG;PM01.04;61;AUTOCOLOR;9;PPG INDUSTRIAL DO BRASIL TINTAS E VERNIZES LTDA;20035;PRIMER AUTOMOTIVO
20231;PRIMER P-8225A LATA 940ML 3M;H0001916560;4;3M;36;3M DO BRASIL LTDA;20035;PRIMER AUTOMOTIVO
87262;PRIMER P/ PEDRAS NATURAIS AREIA BALDE 16L MISTERCRYL;6315;800113;MISTERCRYL;11000468;DURACOLOR INDUSTRIA E COMERCIO DE TINTAS;30023;TEXTURA
87265;PRIMER P/ PEDRAS NATURAIS AREIA GL 3,6L MISTERCRYL;;800113;MISTERCRYL;11000468;DURACOLOR INDUSTRIA E COMERCIO DE TINTAS;30023;TEXTURA
87257;PRIMER P/ PEDRAS NATURAIS CASTELLATO BALDE 16L MISTERCRYL;;800113;MISTERCRYL;11000468;DURACOLOR INDUSTRIA E COMERCIO DE TINTAS;30023;TEXTURA
87264;PRIMER P/ PEDRAS NATURAIS CASTELLATO GL 3,6L MISTERCRYL;;800113;MISTERCRYL;11000468;DURACOLOR INDUSTRIA E COMERCIO DE TINTAS;30023;TEXTURA
87263;PRIMER P/ PEDRAS NATURAIS CINZA CHUMBO BALDE 16L MISTERCRYL;;800113;MISTERCRYL;11000468;DURACOLOR INDUSTRIA E COMERCIO DE TINTAS;30023;TEXTURA
87266;PRIMER P/ PEDRAS NATURAIS CINZA CHUMBO GL 3,6L MISTERCRYL;6398;800113;MISTERCRYL;11000468;DURACOLOR INDUSTRIA E COMERCIO DE TINTAS;30023;TEXTURA
87304;PRIMER P/ PEDRAS NATURAIS CINZA GL 3,6L MISTERCRYL;6539;800113;MISTERCRYL;11000468;DURACOLOR INDUSTRIA E COMERCIO DE TINTAS;30023;TEXTURA
9771;PRIMER P81 800ML LAZZURIL;05.30.00P81-280;3;SHERWIN WILLIAMS;35;SHERWIN - WILLIAMS DO BRASIL IND. E COM. LTDA;20035;PRIMER AUTOMOTIVO
24175;PRIMER PU BRANCO 8:1+END81 0,900ML SKY-21,94-ST;124578;57;SKY;521;SKYLACK TINTAS E VERNIZES LTDA;20035;PRIMER AUTOMOTIVO
24176;PRIMER PU CINZA 8:1 + ENDURECEDOR 81 900ML SKY;326598;57;SKY;521;SKYLACK TINTAS E VERNIZES LTDA;20035;PRIMER AUTOMOTIVO
24177;PRIMER PU PRETO 8:1+END81 0,900ML SKY-21,94-ST;951753;57;SKY;521;SKYLACK TINTAS E VERNIZES LTDA;20035;PRIMER AUTOMOTIVO
85529;PRIMER REVESTIMENTO AÇO CORTEN 3,6LT INOVE;117637;800060;DÁVILA  INOVE;11000432;MARTELENA ALMEIDA INDUSTRIA E COMERCIO DE TINTAS EIRELI;30035;PEDRAS NATURAIS
85530;PRIMER REVESTIMENTO BARCELOBA 3,6LT INOVE;117635;800060;DÁVILA  INOVE;11000432;MARTELENA ALMEIDA INDUSTRIA E COMERCIO DE TINTAS EIRELI;30035;PEDRAS NATURAIS
85535;PRIMER REVESTIMENTO BARCELONA BALDE 16LT INOVE;117633;800060;DÁVILA  INOVE;11000432;MARTELENA ALMEIDA INDUSTRIA E COMERCIO DE TINTAS EIRELI;30035;PEDRAS NATURAIS
85531;PRIMER REVESTIMENTO DUBAI 3,6LT INOVE;116510;800060;DÁVILA  INOVE;11000432;MARTELENA ALMEIDA INDUSTRIA E COMERCIO DE TINTAS EIRELI;30035;PEDRAS NATURAIS
85537;PRIMER REVESTIMENTO DUBAI BALDE 16LT INOVE;117632;800060;DÁVILA  INOVE;11000432;MARTELENA ALMEIDA INDUSTRIA E COMERCIO DE TINTAS EIRELI;30035;PEDRAS NATURAIS
85532;PRIMER REVESTIMENTO FULL BLACK 3,6LT INOVE;116512;800060;DÁVILA  INOVE;11000432;MARTELENA ALMEIDA INDUSTRIA E COMERCIO DE TINTAS EIRELI;30035;PEDRAS NATURAIS
85538;PRIMER REVESTIMENTO FULL BLACK BALDE 16LT INOVE;117629;800060;DÁVILA  INOVE;11000432;MARTELENA ALMEIDA INDUSTRIA E COMERCIO DE TINTAS EIRELI;30035;PEDRAS NATURAIS
85533;PRIMER REVESTIMENTO IBIZA 3,6LT INOVE;117636;800060;DÁVILA  INOVE;11000432;MARTELENA ALMEIDA INDUSTRIA E COMERCIO DE TINTAS EIRELI;30035;PEDRAS NATURAIS
85539;PRIMER REVESTIMENTO IBIZA BALDE 16LT INOVE;40501.0092.BD16;800060;DÁVILA  INOVE;80000531;G&A OESTE INDUSTRIA DE TINTAS LTDA;30035;PEDRAS NATURAIS
85540;PRIMER REVESTIMENTO MADRI BALDE 16LT INOVE;117634;800060;DÁVILA  INOVE;11000432;MARTELENA ALMEIDA INDUSTRIA E COMERCIO DE TINTAS EIRELI;30035;PEDRAS NATURAIS
20040;PRIMER SELADOR 750ML WANDA-21,46-ST;483817;1;WANDA;34;AKZO NOBEL LTDA;20035;PRIMER AUTOMOTIVO
20028;PRIMER UNIVERSAL BRANCO 3,600ML ANJO;000074-27;2;ANJO;382;ANJO QUIMICA DO BRASIL LTDA;20035;PRIMER AUTOMOTIVO
10332;PRIMER UNIVERSAL BRANCO 900ML ANJO;000074-22;2;ANJO;382;ANJO QUIMICA DO BRASIL LTDA;20035;PRIMER AUTOMOTIVO
10401;PRIMER UNIVERSAL BRANCO 900ML MAXI RUBBER;2MA032;6;MAXI RUBBER;11000387;MAXI RUBBER INDUSTRIAS QUIMICAS LTDA;20035;PRIMER AUTOMOTIVO
10329;PRIMER UNIVERSAL CINZA 900ML ANJO;000075-22;2;ANJO;382;ANJO QUIMICA DO BRASIL LTDA;20035;PRIMER AUTOMOTIVO
10400;PRIMER UNIVERSAL CINZA 900ML MAXI RUBBER;2MA015;6;MAXI RUBBER;11000387;MAXI RUBBER INDUSTRIAS QUIMICAS LTDA;20035;PRIMER AUTOMOTIVO
85247;PRIZM 1,5L VONIXX;2009057;10;VONIXX;425;VONIXX INDUSTRIA E COMERCIO DE POLIDORES LTDA;20011;LINHA DE HIGENIZAÇÃO E ESTÉTICA  AUTOMOTIVA VONIX
24265;PRIZM 500ML VONIXX;2011068;10;VONIXX;425;VONIXX INDUSTRIA E COMERCIO DE POLIDORES LTDA;20011;LINHA DE HIGENIZAÇÃO E ESTÉTICA  AUTOMOTIVA VONIX
24312;PROCESSADOR I3 3220 3.3GHZ 3MB 1155P;3244;999999;.;267;PAR TECNOLOGIA E SERVICOS DE INFORMATICA LTDA EPP;999999;GRUPO CONVERSAO
84659;PRODUTO STANDO 1;703A;800085;AKOS;11000415;AKOS COMERCIO IMPORTACAO E EXPORTACAO LTDA;999999;GRUPO CONVERSAO
84668;PRODUTO STANDO 10;725;800085;AKOS;11000415;AKOS COMERCIO IMPORTACAO E EXPORTACAO LTDA;999999;GRUPO CONVERSAO
84669;PRODUTO STANDO 11;724;800085;AKOS;11000415;AKOS COMERCIO IMPORTACAO E EXPORTACAO LTDA;999999;GRUPO CONVERSAO
84670;PRODUTO STANDO 12;721;800085;AKOS;11000415;AKOS COMERCIO IMPORTACAO E EXPORTACAO LTDA;999999;GRUPO CONVERSAO
84671;PRODUTO STANDO 13;707B;800085;AKOS;11000415;AKOS COMERCIO IMPORTACAO E EXPORTACAO LTDA;999999;GRUPO CONVERSAO
84672;PRODUTO STANDO 14;707A;800085;AKOS;11000415;AKOS COMERCIO IMPORTACAO E EXPORTACAO LTDA;999999;GRUPO CONVERSAO
84673;PRODUTO STANDO 15;717;800085;AKOS;11000415;AKOS COMERCIO IMPORTACAO E EXPORTACAO LTDA;999999;GRUPO CONVERSAO
84674;PRODUTO STANDO 16;732;800085;AKOS;11000415;AKOS COMERCIO IMPORTACAO E EXPORTACAO LTDA;999999;GRUPO CONVERSAO
84675;PRODUTO STANDO 17;382;800085;AKOS;11000415;AKOS COMERCIO IMPORTACAO E EXPORTACAO LTDA;999999;GRUPO CONVERSAO
84676;PRODUTO STANDO 18;383;800085;AKOS;11000415;AKOS COMERCIO IMPORTACAO E EXPORTACAO LTDA;999999;GRUPO CONVERSAO
84677;PRODUTO STANDO 19;384;800085;AKOS;11000415;AKOS COMERCIO IMPORTACAO E EXPORTACAO LTDA;999999;GRUPO CONVERSAO
84660;PRODUTO STANDO 2;695;800085;AKOS;11000415;AKOS COMERCIO IMPORTACAO E EXPORTACAO LTDA;999999;GRUPO CONVERSAO
84789;PRODUTO STANDO 20;775;800085;AKOS;11000415;AKOS COMERCIO IMPORTACAO E EXPORTACAO LTDA;999999;GRUPO CONVERSAO
84790;PRODUTO STANDO 21;776;800085;AKOS;11000415;AKOS COMERCIO IMPORTACAO E EXPORTACAO LTDA;999999;GRUPO CONVERSAO
84791;PRODUTO STANDO 22;777;800085;AKOS;11000415;AKOS COMERCIO IMPORTACAO E EXPORTACAO LTDA;999999;GRUPO CONVERSAO
86893;PRODUTO STANDO 23;4889;800085;AKOS;11000415;AKOS COMERCIO IMPORTACAO E EXPORTACAO LTDA;999999;GRUPO CONVERSAO
86894;PRODUTO STANDO 24;4890;800085;AKOS;11000415;AKOS COMERCIO IMPORTACAO E EXPORTACAO LTDA;999999;GRUPO CONVERSAO
86895;PRODUTO STANDO 25;4891;800085;AKOS;11000415;AKOS COMERCIO IMPORTACAO E EXPORTACAO LTDA;999999;GRUPO CONVERSAO
86896;PRODUTO STANDO 26;4892;800085;AKOS;11000415;AKOS COMERCIO IMPORTACAO E EXPORTACAO LTDA;999999;GRUPO CONVERSAO
86897;PRODUTO STANDO 27;4893;800085;AKOS;11000415;AKOS COMERCIO IMPORTACAO E EXPORTACAO LTDA;999999;GRUPO CONVERSAO
86898;PRODUTO STANDO 28;4894;800085;AKOS;11000415;AKOS COMERCIO IMPORTACAO E EXPORTACAO LTDA;999999;GRUPO CONVERSAO
86899;PRODUTO STANDO 29;4895;800085;AKOS;11000415;AKOS COMERCIO IMPORTACAO E EXPORTACAO LTDA;999999;GRUPO CONVERSAO
84661;PRODUTO STANDO 3;734;800085;AKOS;11000415;AKOS COMERCIO IMPORTACAO E EXPORTACAO LTDA;999999;GRUPO CONVERSAO
86900;PRODUTO STANDO 30;4896;800085;AKOS;11000415;AKOS COMERCIO IMPORTACAO E EXPORTACAO LTDA;999999;GRUPO CONVERSAO
86901;PRODUTO STANDO 31;4897;800085;AKOS;11000415;AKOS COMERCIO IMPORTACAO E EXPORTACAO LTDA;999999;GRUPO CONVERSAO
86902;PRODUTO STANDO 32;4898;800085;AKOS;11000415;AKOS COMERCIO IMPORTACAO E EXPORTACAO LTDA;999999;GRUPO CONVERSAO
86903;PRODUTO STANDO 33;4899;800085;AKOS;11000415;AKOS COMERCIO IMPORTACAO E EXPORTACAO LTDA;999999;GRUPO CONVERSAO
86904;PRODUTO STANDO 34;4900;800085;AKOS;11000415;AKOS COMERCIO IMPORTACAO E EXPORTACAO LTDA;999999;GRUPO CONVERSAO
86905;PRODUTO STANDO 35;4901;800085;AKOS;11000415;AKOS COMERCIO IMPORTACAO E EXPORTACAO LTDA;999999;GRUPO CONVERSAO
86906;PRODUTO STANDO 36;4902;800085;AKOS;11000415;AKOS COMERCIO IMPORTACAO E EXPORTACAO LTDA;999999;GRUPO CONVERSAO
86907;PRODUTO STANDO 37;4903;800085;AKOS;11000415;AKOS COMERCIO IMPORTACAO E EXPORTACAO LTDA;999999;GRUPO CONVERSAO
86908;PRODUTO STANDO 38;4904;800085;AKOS;11000415;AKOS COMERCIO IMPORTACAO E EXPORTACAO LTDA;999999;GRUPO CONVERSAO
86909;PRODUTO STANDO 39;4905;800085;AKOS;11000415;AKOS COMERCIO IMPORTACAO E EXPORTACAO LTDA;999999;GRUPO CONVERSAO
84662;PRODUTO STANDO 4;733;800085;AKOS;11000415;AKOS COMERCIO IMPORTACAO E EXPORTACAO LTDA;999999;GRUPO CONVERSAO
86910;PRODUTO STANDO 40;5201;800085;AKOS;11000415;AKOS COMERCIO IMPORTACAO E EXPORTACAO LTDA;999999;GRUPO CONVERSAO
86911;PRODUTO STANDO 41;5202;800085;AKOS;11000415;AKOS COMERCIO IMPORTACAO E EXPORTACAO LTDA;999999;GRUPO CONVERSAO
86912;PRODUTO STANDO 42;5203;800085;AKOS;11000415;AKOS COMERCIO IMPORTACAO E EXPORTACAO LTDA;999999;GRUPO CONVERSAO
84663;PRODUTO STANDO 5;718B;800085;AKOS;11000415;AKOS COMERCIO IMPORTACAO E EXPORTACAO LTDA;999999;GRUPO CONVERSAO
84664;PRODUTO STANDO 6;718P;800085;AKOS;11000415;AKOS COMERCIO IMPORTACAO E EXPORTACAO LTDA;999999;GRUPO CONVERSAO
84665;PRODUTO STANDO 7;726;800085;AKOS;11000415;AKOS COMERCIO IMPORTACAO E EXPORTACAO LTDA;999999;GRUPO CONVERSAO
84666;PRODUTO STANDO 8;722;800085;AKOS;11000415;AKOS COMERCIO IMPORTACAO E EXPORTACAO LTDA;999999;GRUPO CONVERSAO
84667;PRODUTO STANDO 9;723;800085;AKOS;11000415;AKOS COMERCIO IMPORTACAO E EXPORTACAO LTDA;999999;GRUPO CONVERSAO
23880;PROLONGADOR EXTENSOR DE ACO 1,28M 1280 ATLAS;1280;35;ATLAS;8;PINCEIS ATLAS S.A.;30028;ROLOS / TRINCHAS / PINCÉIS / ESPÁTULAS
85051;PROLONGADOR EXTENSOR DE ACO 2M 1600 ATLAS;1600;35;ATLAS;80000522;ATLAS S.A.;30028;ROLOS / TRINCHAS / PINCÉIS / ESPÁTULAS
84439;PROLONGADOR EXTENSOR DE ACO 3M 1700 ATLAS;1700;35;ATLAS;80000522;ATLAS S.A.;30028;ROLOS / TRINCHAS / PINCÉIS / ESPÁTULAS
87183;PROLONGADOR EXTENSOR DE ACO 5M 18005 ATLAS;18005;35;ATLAS;80000522;ATLAS S.A.;30028;ROLOS / TRINCHAS / PINCÉIS / ESPÁTULAS
21615;PROPELL PCT BR 50G 100 PANOS;SP80100BR;999999;.;579;SUPERPRO;999999;GRUPO CONVERSAO
20493;PROTETOR AUDITIVO 1110 3M;504;4;3M;36;3M DO BRASIL LTDA;20027;EPI´S
23583;PROTETOR AUDITIVO ABAFADOR MUFFLER 3M;HB004188494;4;3M;36;3M DO BRASIL LTDA;20027;EPI´S
84867;PU ACRILICO BI COMPONENTE-CINZA N6.5 CLARO 2,7L BRASILUX;BT 150601714;67;BRASILUX;556;BRASILUX TINTAS TECNICAS LTDA;40002;EPOXI
84418;PU AMARELO IMPERIAL VW 75. 0,675ML SKY-21,94-ST;6100201501D4;57;SKY;521;SKYLACK TINTAS E VERNIZES LTDA;20003;TINTAS PU
24145;PU BRANCO  POLAR HYUNDAI 0,675ML SKY-21,94-ST;6107234201D4;57;SKY;521;SKYLACK TINTAS E VERNIZES LTDA;20003;TINTAS PU
85;PU BRANCO 9004 MBB 91 0,675ML SKY-21,93-ST;6,1005E+11;57;SKY;521;SKYLACK TINTAS E VERNIZES LTDA;20003;TINTAS PU
24142;PU BRANCO ARTICO III FORD 98 0,675ML SKY-21,46-ST;6100188101D4;57;SKY;521;SKYLACK TINTAS E VERNIZES LTDA;20003;TINTAS PU
24143;PU BRANCO BANCHISA VI FIAT 96/20 0,675ML SKY-21,46-ST;6,10036E+11;57;SKY;521;SKYLACK TINTAS E VERNIZES LTDA;20003;TINTAS PU
24151;PU BRANCO CRISTAL II VW 99 0,675ML SKY-21,46-ST;6,10023E+11;57;SKY;521;SKYLACK TINTAS E VERNIZES LTDA;20003;TINTAS PU
24118;PU BRANCO GLACIER II RENAULT 90/20 0,675ML SKY-21,93-ST;6,10751E+11;57;SKY;521;SKYLACK TINTAS E VERNIZES LTDA;20003;TINTAS PU
113;PU BRANCO GLACIER III RENAULT 90/20 0,675ML SKY-21,46-ST;6100729201D4;57;SKY;521;SKYLACK TINTAS E VERNIZES LTDA;20003;TINTAS PU
24147;PU BRANCO MAHLER II GM 0,675ML SKY-21,46-ST;6,10043E+11;57;SKY;521;SKYLACK TINTAS E VERNIZES LTDA;20003;TINTAS PU
93;PU BRANCO NCS 1000 SCANIA 92 0,675ML SKY-21,93-ST;6,1001E+11;57;SKY;521;SKYLACK TINTAS E VERNIZES LTDA;20003;TINTAS PU
107;PU BRANCO PURO 0,675ML SKY-21,45-ST;6,1001E+11;57;SKY;521;SKYLACK TINTAS E VERNIZES LTDA;20003;TINTAS PU
24138;PU BRANCO SUMMIT IV 0,675ML SKY-21,46-ST;6100494601D4;57;SKY;521;SKYLACK TINTAS E VERNIZES LTDA;20003;TINTAS PU
24152;PU CINZA URANO VW 01 0,675ML SKY-21,46-ST;6100213601D4;57;SKY;521;SKYLACK TINTAS E VERNIZES LTDA;20003;TINTAS PU
24027;PU PRETO CADILLAC 0,675ML SKY-21,46-ST;6,10009E+11;57;SKY;521;SKYLACK TINTAS E VERNIZES LTDA;20003;TINTAS PU
24140;PU PRETO LISZT GM 94 0,675ML SKY-21,46-ST;6100411001D4;57;SKY;521;SKYLACK TINTAS E VERNIZES LTDA;20003;TINTAS PU
24135;PU PRETO NINJA 0,675ML SKY-21,46-ST;6100216001D4;57;SKY;11000405;DAUTO COMERCIO DE PRODUTOS EQUIPAMENTOS E SERVICOS AUTOMOTIV;20003;TINTAS PU
24028;PU PRETO VULCANO FIAT 97/24 675ML SKY-21,45-ST;6100337801D4;57;SKY;11000405;DAUTO COMERCIO DE PRODUTOS EQUIPAMENTOS E SERVICOS AUTOMOTIV;20003;TINTAS PU
24141;PU VERMELHO ALPINE FIAT 96 0,675ML SKY-21,45-ST;6100312101D4;57;SKY;521;SKYLACK TINTAS E VERNIZES LTDA;20003;TINTAS PU
24036;PU VERMELHO FLASH II 0,675ML SKY-21,45-ST;6100201401D4;57;SKY;521;SKYLACK TINTAS E VERNIZES LTDA;20003;TINTAS PU
24139;PU VERMELHO LYRA GM04 0,675ML SKY-21,46-ST;6100411401D4;57;SKY;521;SKYLACK TINTAS E VERNIZES LTDA;20003;TINTAS PU
24144;PU VERMELHO TORNADO VW 0,675ML SKY-21,46-ST;6100232701D4;57;SKY;521;SKYLACK TINTAS E VERNIZES LTDA;20003;TINTAS PU
86949;"PULVERIZADOR DE ALUMINIO C/ BOTAO ROSCA 1/4"" PL09 SCHWEERS";PL 09;50;SCHWEERS;492;SCHWEERS METALURGICA EIRELI;20028;APLICADORES / ADAPTADORES / ENGATES / SUPORTES
85517;PULVERIZADOR DE COMPRESSÃO MANUAL 2L VONIXX;2050502;10;VONIXX;425;VONIXX INDUSTRIA E COMERCIO DE POLIDORES LTDA;20011;LINHA DE HIGENIZAÇÃO E ESTÉTICA  AUTOMOTIVA VONIX
84548;PULVERIZADOR DE DILUIÇAO QUANT 500ML VONIXX;2050038;10;VONIXX;425;VONIXX INDUSTRIA E COMERCIO DE POLIDORES LTDA;20011;LINHA DE HIGENIZAÇÃO E ESTÉTICA  AUTOMOTIVA VONIX
20797;PULVERIZADOR MANUAL 1,5L VONDER;4972;41;VONDER;502;O.V.D. IMPORTADORA E DISTRIBUIDORA LTDA;20028;APLICADORES / ADAPTADORES / ENGATES / SUPORTES
23794;PULVERIZADOR PLASTICO 500ML;15439;29;BRILHOMAX;112;COM.ALVORADA LIMPEZA E DESCARTAVEIS;20058;OUTRAS FERRAMENTAS / EQUIPAMENTOS
22985;PURIFICADOR 360ML;9741;999999;.;112;COM.ALVORADA LIMPEZA E DESCARTAVEIS;999999;GRUPO CONVERSAO
10295;QUEROSENE 900ML ANJO;000757-23;2;ANJO;382;ANJO QUIMICA DO BRASIL LTDA;20037;QUEROSENE
85164;QUEROSENE 900ML BRASILUX;TN 060000101;67;BRASILUX;556;BRASILUX TINTAS TECNICAS LTDA;20037;QUEROSENE
22976;RECADO ADESIVO POST-IT 38X50MM 4X1 AMARELO;136026;31;UTILER;11000474;OMNI COMERCIO E SERVIÇOS LTDA;999999;GRUPO CONVERSAO
23521;RECADO ADESIVO POST-IT 76X102MM AMARELO;26748;31;UTILER;522;DJF Comercial de Papelaria Ltda. - ME;999999;GRUPO CONVERSAO
83946;RECADO ADESIVO ROSA;24511;999999;.;522;DJF Comercial de Papelaria Ltda. - ME;999999;GRUPO CONVERSAO
83945;RECADO ADESIVO VERDE;24774;999999;.;522;DJF Comercial de Papelaria Ltda. - ME;999999;GRUPO CONVERSAO
9994;REDUCER MEDIUM 1LT SIKKENS;529777;8;SIKKENS;34;AKZO NOBEL LTDA;20001;DILUENTE
9995;REDUCER MEDIUM 5LTS SIKKENS;529778;8;SIKKENS;34;AKZO NOBEL LTDA;20001;DILUENTE
21385;REDUTOR DE IMPACTO INTERFACE 152X0X6MM NORTON;5539544806;11;NORTON;21;SAINT- GOBAIN DO BRASIL PROD. IND. E CONSTR. LTDA;20028;APLICADORES / ADAPTADORES / ENGATES / SUPORTES
86985;"REDUTOR DE IMPACTO/INTERFACE 5"" VONIXX";2050461;10;VONIXX;425;VONIXX INDUSTRIA E COMERCIO DE POLIDORES LTDA;20010;BOINAS PARA POLIMENTO
87193;REFIL PAD P/ RECORTE E ACABAMENTO EM PINTURA C/ 02 UNID. AT751/35 ATLA;AT751/35;35;ATLAS;80000522;ATLAS S.A.;30028;ROLOS / TRINCHAS / PINCÉIS / ESPÁTULAS
84783;REFIL PATO GEL ADESIVO CITRUS;8716;999999;.;452;LIMA & PERGHER INDUSTRIAL E COMERCIO;999999;GRUPO CONVERSAO
84784;REFIL PATO GEL ADESIVO LAVANDA;20271;999999;.;452;LIMA & PERGHER INDUSTRIAL E COMERCIO;999999;GRUPO CONVERSAO
84782;REFIL PATO GEL ADESIVO MARINE;5828;999999;.;452;LIMA & PERGHER INDUSTRIAL E COMERCIO;999999;GRUPO CONVERSAO
87172;REGADOR PLASTICO PRETO 5LTS METASUL;20252;800130;METASUL;112;COM.ALVORADA LIMPEZA E DESCARTAVEIS;999999;GRUPO CONVERSAO
23552;REGUA ACRILICA 30CM;1473;31;UTILER;11000474;OMNI COMERCIO E SERVIÇOS LTDA;999999;GRUPO CONVERSAO
22975;REGUA ACRILICA 30CM CRISTAL WALEU;170194;100014;WALEU;11000474;OMNI COMERCIO E SERVIÇOS LTDA;999999;GRUPO CONVERSAO
20232;REGUA P/ CATALISE PRIMER E VERNIZ SIKKENS;2004313;8;SIKKENS;534;AKZO NOBEL LTDA;20028;APLICADORES / ADAPTADORES / ENGATES / SUPORTES
23379;RÉGUA P/ CATALISE PRIMER E VERNIZ WANDA;2004307;1;WANDA;34;AKZO NOBEL LTDA;20028;APLICADORES / ADAPTADORES / ENGATES / SUPORTES
10007;REGUA P/ PU E ELASTIFICANTE WANDA;2004312;1;WANDA;34;AKZO NOBEL LTDA;20028;APLICADORES / ADAPTADORES / ENGATES / SUPORTES
85093;REGULADOR ARGONIO RAR30 VONDER;84005;41;VONDER;502;O.V.D. IMPORTADORA E DISTRIBUIDORA LTDA;20058;OUTRAS FERRAMENTAS / EQUIPAMENTOS
21196;REGULADOR CAUDAL  AIRE RC2 MANOMETRO SAGOLA;40000335;999999;.;91;ROBERLO DO BRASIL LTDA;20058;OUTRAS FERRAMENTAS / EQUIPAMENTOS
87288;REGULADOR DE PRESSÃO C/ MANOMETRO ANALOGICO PRO-30 PDR;PRO-30;800056;PDR;11000416;BERLINER DO BRASIL MOTORES LTDA;20023;PISTOLAS
23440;REJUVEX 400G VONIXX;2008003;10;VONIXX;425;VONIXX INDUSTRIA E COMERCIO DE POLIDORES LTDA;20011;LINHA DE HIGENIZAÇÃO E ESTÉTICA  AUTOMOTIVA VONIX
83864;REJUVEX BLACK 400G VINTEX;2008060;10;VONIXX;425;VONIXX INDUSTRIA E COMERCIO DE POLIDORES LTDA;20011;LINHA DE HIGENIZAÇÃO E ESTÉTICA  AUTOMOTIVA VONIX
10085;REMOVEDOR ADESIVO AUTO 3M;HC000455739;4;3M;36;3M DO BRASIL LTDA;20056;COLA INST./ ADESIVOS COLANTES
83891;REMOVEDOR CERAS 5LTS;231;29;BRILHOMAX;452;LIMA & PERGHER INDUSTRIAL E COMERCIO;999999;GRUPO CONVERSAO
84042;REMOVEDOR DE FERRUGEM 1L BRASILUX;RF 080062407;67;BRASILUX;556;BRASILUX TINTAS TECNICAS LTDA;20051;FERRUGEM
84041;REMOVEDOR DE FERRUGEM 500ML BRASILUX;RF 080062468;67;BRASILUX;556;BRASILUX TINTAS TECNICAS LTDA;20051;FERRUGEM
87269;REMOVEDOR MAGICO 5LT START;243;51;START;112;COM.ALVORADA LIMPEZA E DESCARTAVEIS;999999;GRUPO CONVERSAO
10333;REMOVEDOR PASTOSO 1KG ANJO;001169-33;2;ANJO;382;ANJO QUIMICA DO BRASIL LTDA;20013;REMOVEDOR PASTOSO
84045;REMOVEDOR PASTOSO 1KG BRASILUX;TN 060006638;67;BRASILUX;556;BRASILUX TINTAS TECNICAS LTDA;20013;REMOVEDOR PASTOSO
10402;REMOVEDOR PASTOSO 1KG MAXI RUBBER;2MS001;6;MAXI RUBBER;11000387;MAXI RUBBER INDUSTRIAS QUIMICAS LTDA;20013;REMOVEDOR PASTOSO
84043;REMOVEDOR PASTOSO 4KG BRASILUX;TN 060006635;67;BRASILUX;556;BRASILUX TINTAS TECNICAS LTDA;20013;REMOVEDOR PASTOSO
84044;REMOVEDOR PASTOSO 500G BRASILUX;TN 060006637;67;BRASILUX;556;BRASILUX TINTAS TECNICAS LTDA;20013;REMOVEDOR PASTOSO
9800;REMOVEDOR PASTOSO 900ML WANDA;529478;1;WANDA;34;AKZO NOBEL LTDA;20013;REMOVEDOR PASTOSO
23965;REMOVETOTAL HARTS BY HUNGRIA 120ML C/SPRAY;10001000029;60;HUNGRIA;526;CARTS ESTETICA AUTOMOTIVA E RESIDENCIAL LTDA;20006;CERA  / LIMPEZA /  POLIMENTO VEICULAR
85209;REMOVEX 1,5L VONIXX;2008047;10;VONIXX;425;VONIXX INDUSTRIA E COMERCIO DE POLIDORES LTDA;20011;LINHA DE HIGENIZAÇÃO E ESTÉTICA  AUTOMOTIVA VONIX
85210;REMOVEX 5L VONIXX;2008038;10;VONIXX;425;VONIXX INDUSTRIA E COMERCIO DE POLIDORES LTDA;20011;LINHA DE HIGENIZAÇÃO E ESTÉTICA  AUTOMOTIVA VONIX
23441;RENOVA PLASTICOS 200G VONIXX;2050498;10;VONIXX;425;VONIXX INDUSTRIA E COMERCIO DE POLIDORES LTDA;20011;LINHA DE HIGENIZAÇÃO E ESTÉTICA  AUTOMOTIVA VONIX
87278;REPLICA IMNFLAVEL 2MH;PRD00685;100018;3D INFLAVEIS;80000527;3D INFLAVEIS LTDA;20001;DILUENTE
85451;RESINA ACRILICA PREMIUM 18L BRASILUX;VN 150020503;67;BRASILUX;556;BRASILUX TINTAS TECNICAS LTDA;40002;EPOXI
87350;RESINA CRYL AD BASE SOLVENTE LATA 18LT LUZTOL;;100000;LUZTOL;80000523;APOIO DISTRIBUIDORA DE MATERIAIS DE CONSTRUCAO LTDA;30023;TEXTURA
23083;RESINA GLASS MASILLA FIBRAS 750G ROBERLO;66008;39;ROBERLO;91;ROBERLO DO BRASIL LTDA;20049;VEDADORES / SELANTES
87092;RESINA MULTIUSO INCOLOR FOSCO BASE AGUA 12L BAUTECH;1219;800126;BAUTECH;11000483;PADILHA IMPERMEABILIZANTES LTDA;30002;IMPERMEABILIZANTES
87157;RESINA P/ TELHA CARAMELO LATA 18LT MISTERCRYL;;800113;MISTERCRYL;11000468;DURACOLOR INDUSTRIA E COMERCIO DE TINTAS;30001;TINTA PAREDE
87158;RESINA P/ TELHA CERAMICA TELHA LATA 18LT MISTERCRYL;;800113;MISTERCRYL;11000468;DURACOLOR INDUSTRIA E COMERCIO DE TINTAS;30001;TINTA PAREDE
87160;RESINA P/ TELHA INCOLOR LATA 18LT MISTERCRYL;;800113;MISTERCRYL;11000468;DURACOLOR INDUSTRIA E COMERCIO DE TINTAS;30001;TINTA PAREDE
87159;RESINA P/ TELHA VERMELHO OXIDO LATA 18LT MISTERCRYL;;800113;MISTERCRYL;11000468;DURACOLOR INDUSTRIA E COMERCIO DE TINTAS;30001;TINTA PAREDE
84318;RESINA PARA TELHA-BRANCO 3,6L BRASILUX;BT 540503002;67;BRASILUX;556;BRASILUX TINTAS TECNICAS LTDA;30002;IMPERMEABILIZANTES
84313;RESINA PARA TELHA-CERAMICA TELHA 18L BRASILUX;BT 543000203;67;BRASILUX;556;BRASILUX TINTAS TECNICAS LTDA;30002;IMPERMEABILIZANTES
84319;RESINA PARA TELHA-CERAMICA TELHA 3,6L BRASILUX;BT 543000202;67;BRASILUX;556;BRASILUX TINTAS TECNICAS LTDA;30002;IMPERMEABILIZANTES
84314;RESINA PARA TELHA-CINZA 18L BRASILUX;BT 540604803;67;BRASILUX;556;BRASILUX TINTAS TECNICAS LTDA;30002;IMPERMEABILIZANTES
84320;RESINA PARA TELHA-CINZA 3,6L BRASILUX;BT 540604802;67;BRASILUX;556;BRASILUX TINTAS TECNICAS LTDA;30002;IMPERMEABILIZANTES
84906;RESINA PARA TELHA-FOSCA INCOLOR 18L BRASILUX;FO 540061403;67;BRASILUX;556;BRASILUX TINTAS TECNICAS LTDA;30002;IMPERMEABILIZANTES
84905;RESINA PARA TELHA-FOSCA INCOLOR 3,6L BRASILUX;FO 540061402;67;BRASILUX;556;BRASILUX TINTAS TECNICAS LTDA;30002;IMPERMEABILIZANTES
84315;RESINA PARA TELHA-INCOLOR 18L BRASILUX;VN 540009903;67;BRASILUX;556;BRASILUX TINTAS TECNICAS LTDA;30002;IMPERMEABILIZANTES
84321;RESINA PARA TELHA-INCOLOR 3,6L BRASILUX;VN 540009902;67;BRASILUX;556;BRASILUX TINTAS TECNICAS LTDA;30002;IMPERMEABILIZANTES
84322;RESINA PARA TELHA-MARFIM 3,6L BRASILUX;BT 540800102;67;BRASILUX;556;BRASILUX TINTAS TECNICAS LTDA;30002;IMPERMEABILIZANTES
84316;RESINA PARA TELHA-MARROM BARROCO 18L BRASILUX;BT 541004503;67;BRASILUX;556;BRASILUX TINTAS TECNICAS LTDA;30002;IMPERMEABILIZANTES
84312;RESINA PARA TELHA-MULTIUSO BRANCO 18L BRASILUX;BT 540503003;67;BRASILUX;556;BRASILUX TINTAS TECNICAS LTDA;30002;IMPERMEABILIZANTES
84317;RESINA PARA TELHA-VERMELHO OXIDO 18L BRASILUX;BT 542314503;67;BRASILUX;556;BRASILUX TINTAS TECNICAS LTDA;30002;IMPERMEABILIZANTES
84323;RESINA PARA TELHA-VERMELHO OXIDO 3,6L BRASILUX;BT 542314502;67;BRASILUX;556;BRASILUX TINTAS TECNICAS LTDA;30002;IMPERMEABILIZANTES
23533;RESMA DE PAPEL A4 REPORT BRANCO 500FL;;800104;REPORT;112;COM.ALVORADA LIMPEZA E DESCARTAVEIS;999999;GRUPO CONVERSAO
22945;RESMA PAPEL CHAMEX A4 MULTI 210X297;177822;800103;CHAMEX;11000474;OMNI COMERCIO E SERVIÇOS LTDA;999999;GRUPO CONVERSAO
23916;RESPIRADOR DESCARTAVEL S/VALVULA 8801/120 3M;HB004116743;4;3M;36;3M DO BRASIL LTDA;20027;EPI´S
85590;RESTAURAX VONIXX 1,5 LITROS;2009055;10;VONIXX;425;VONIXX INDUSTRIA E COMERCIO DE POLIDORES LTDA;20011;LINHA DE HIGENIZAÇÃO E ESTÉTICA  AUTOMOTIVA VONIX
23449;RESTAURAX VONIXX 500ML;2009015;10;VONIXX;425;VONIXX INDUSTRIA E COMERCIO DE POLIDORES LTDA;20011;LINHA DE HIGENIZAÇÃO E ESTÉTICA  AUTOMOTIVA VONIX
10096;RETENTOR FILTRO 5N11 3M;H0001396698;4;3M;36;3M DO BRASIL LTDA;20027;EPI´S
87363;RETIFICA PNEUMATICA TIPO RETA MÉDIA 0,3CV PRO-440 PDR;PRO-440;800056;PDR;11000416;BERLINER DO BRASIL MOTORES LTDA;20023;PISTOLAS
84740;REVELADOR DE HOLOGRAMA 500ML NORTON;78072721948;11;NORTON;21;SAINT- GOBAIN DO BRASIL PROD. IND. E CONSTR. LTDA;20018;LÍQUIDOS P/ POLIMENTO 
23732;REVELADOR DE HOLOGRAMA WAX FINISH 500ML PEROLA;50504;47;PEROLA;475;INDUSTRIA E COMERCIO DE POLIDORES PEROLA LTDA;20006;CERA  / LIMPEZA /  POLIMENTO VEICULAR
23412;REVELAX 500ML VONIXX;2009036;10;VONIXX;425;VONIXX INDUSTRIA E COMERCIO DE POLIDORES LTDA;20011;LINHA DE HIGENIZAÇÃO E ESTÉTICA  AUTOMOTIVA VONIX
83897;REVESTIMENTO CERAMICA WHEELS RODAS UV DIMENSION;DC0007;6;MAXI RUBBER;11000387;MAXI RUBBER INDUSTRIAS QUIMICAS LTDA;20006;CERA  / LIMPEZA /  POLIMENTO VEICULAR
23413;REVITALIZADOR DE PNEUS 500ML VONIXX;PA09017;10;VONIXX;425;VONIXX INDUSTRIA E COMERCIO DE POLIDORES LTDA;20011;LINHA DE HIGENIZAÇÃO E ESTÉTICA  AUTOMOTIVA VONIX
84396;REVOX 1,5L VONIXX;2011017;10;VONIXX;425;VONIXX INDUSTRIA E COMERCIO DE POLIDORES LTDA;20011;LINHA DE HIGENIZAÇÃO E ESTÉTICA  AUTOMOTIVA VONIX
84732;RL BLUE NET 150 70X10M 3M;60450003599;4;3M;11000389;CARVIC COM VER DE PROD E EQ P/ REP AUTO LTDA;20007;DISCOS / LIXAS / ABRASIVOS 
84729;RL BLUE NET 220 115X110 3M;HB004749097;4;3M;36;3M DO BRASIL LTDA;20007;DISCOS / LIXAS / ABRASIVOS 
84733;RL BLUE NET 220 70X10M 3M;60450003615;4;3M;11000389;CARVIC COM VER DE PROD E EQ P/ REP AUTO LTDA;20007;DISCOS / LIXAS / ABRASIVOS 
84730;RL BLUE NET 320 115X110 3M;HB004749113;4;3M;36;3M DO BRASIL LTDA;20007;DISCOS / LIXAS / ABRASIVOS 
84734;RL BLUE NET 320 70X10M 3M;HB004749188;4;3M;36;3M DO BRASIL LTDA;20007;DISCOS / LIXAS / ABRASIVOS 
84727;RL BLUE NET 80 115X110 3M;;4;3M;36;3M DO BRASIL LTDA;20007;DISCOS / LIXAS / ABRASIVOS 
84731;RL BLUE NET 80 70X10M 3M;HB004749121;4;3M;36;3M DO BRASIL LTDA;20007;DISCOS / LIXAS / ABRASIVOS 
84241;ROBERFLEX-MANTA LIQUIDA 18KG BRASILUX;IZ 590566018;67;BRASILUX;556;BRASILUX TINTAS TECNICAS LTDA;30002;IMPERMEABILIZANTES
84007;ROBERFLEX-MANTA LIQUIDA 3,6KG BRASILUX;IZ 590566062;67;BRASILUX;556;BRASILUX TINTAS TECNICAS LTDA;30002;IMPERMEABILIZANTES
84083;ROBERMASSA SOLDA TRINCA 450G BRASILUX;MS 590000189;67;BRASILUX;556;BRASILUX TINTAS TECNICAS LTDA;30002;IMPERMEABILIZANTES
84875;ROBLINER NEGRO 600ML ROBERLO;66599;39;ROBERLO;91;ROBERLO DO BRASIL LTDA;20060;LAMINAÇÃO / PROTEÇÃO
24258;RODA DE CONTATO 13MM P/ CORREIA 3M;HB0014520647;4;3M;36;3M DO BRASIL LTDA;20058;OUTRAS FERRAMENTAS / EQUIPAMENTOS
85478;RODAPE ACQUA NEW BRANCO MAX C/ FRISO 100X2400X15 CX/6;7981000;999999;.;11000436;EUCATEX INDUSTRIA E COMERCIO LTDA;999999;GRUPO CONVERSAO
83805;RODO ALUMINIO 60CM C/ CABO;16528;51;START;112;COM.ALVORADA LIMPEZA E DESCARTAVEIS;999999;GRUPO CONVERSAO
23765;RODO ALUMINIO C/ CABO 40CM;16527;800124;PRIME;112;COM.ALVORADA LIMPEZA E DESCARTAVEIS;999999;GRUPO CONVERSAO
21593;RODO ALUMINIO C/ CABO 90CM;16529;800124;PRIME;112;COM.ALVORADA LIMPEZA E DESCARTAVEIS;999999;GRUPO CONVERSAO
23634;RODO C/ CABO 60 CM;10849;24;BRILHO MAX;452;LIMA & PERGHER INDUSTRIAL E COMERCIO;999999;GRUPO CONVERSAO
86870;RODO E LUVA C/ CABO P/ LIMPEZA VIDRO 25CM PRETO;17419;31;UTILER;112;COM.ALVORADA LIMPEZA E DESCARTAVEIS;999999;GRUPO CONVERSAO
24193;ROLO ABRASIVO FLEXIVEL P1200 PN35114 3M;HB004645360;4;3M;36;3M DO BRASIL LTDA;20007;DISCOS / LIXAS / ABRASIVOS 
84430;ROLO BRASILEIRINHO 23CM AT2014 ATLAS;AT2014;35;ATLAS;80000522;ATLAS S.A.;30028;ROLOS / TRINCHAS / PINCÉIS / ESPÁTULAS
84434;ROLO DE LA MISTA 15CM AT228/15 ATLAS;AT228/15;35;ATLAS;80000522;ATLAS S.A.;30028;ROLOS / TRINCHAS / PINCÉIS / ESPÁTULAS
84435;ROLO DE LA MISTA 23CM 228/22 ATLAS;228/22;35;ATLAS;80000522;ATLAS S.A.;30028;ROLOS / TRINCHAS / PINCÉIS / ESPÁTULAS
84432;ROLO DE LA MISTA 5CM AT228/5 ATLAS;AT228/5;35;ATLAS;80000522;ATLAS S.A.;30028;ROLOS / TRINCHAS / PINCÉIS / ESPÁTULAS
84433;ROLO DE LA MISTA 9CM AT228/9 ATLAS;AT228/9;35;ATLAS;80000522;ATLAS S.A.;30028;ROLOS / TRINCHAS / PINCÉIS / ESPÁTULAS
84427;ROLO ESPUMA POLYESTER CINZA 15CM 406/15 ATLAS;406/15;35;ATLAS;80000522;ATLAS S.A.;30028;ROLOS / TRINCHAS / PINCÉIS / ESPÁTULAS
85049;ROLO ESPUMA POLYESTER CINZA 23CM 406/23 ATLAS;406/23;35;ATLAS;8;PINCEIS ATLAS S.A.;30028;ROLOS / TRINCHAS / PINCÉIS / ESPÁTULAS
84425;ROLO ESPUMA POLYESTER CINZA 5CM 406/5 ATLAS;406/5;35;ATLAS;80000522;ATLAS S.A.;30028;ROLOS / TRINCHAS / PINCÉIS / ESPÁTULAS
84426;ROLO ESPUMA POLYESTER CINZA 9CM 406/9 ATLAS;406/9;35;ATLAS;80000522;ATLAS S.A.;30028;ROLOS / TRINCHAS / PINCÉIS / ESPÁTULAS
85065;ROLO LA DE CARNEIRO MAXILÃ 23CM AT328/25 ATLAS;AT328/25;35;ATLAS;80000522;ATLAS S.A.;30028;ROLOS / TRINCHAS / PINCÉIS / ESPÁTULAS
85228;ROLO LA SINTETICA ANTIRESPINGO 15CM AT773/15 ATLAS;AT773/15;35;ATLAS;80000522;ATLAS S.A.;30028;ROLOS / TRINCHAS / PINCÉIS / ESPÁTULAS
84431;ROLO LA SINTETICA ANTIRESPINGO 23CM 773/10 ATLAS;773/10;35;ATLAS;80000522;ATLAS S.A.;30028;ROLOS / TRINCHAS / PINCÉIS / ESPÁTULAS
85226;ROLO LA SINTETICA ANTIRESPINGO 5CM AT773/5 ATLAS;AT773/5;35;ATLAS;80000522;ATLAS S.A.;30028;ROLOS / TRINCHAS / PINCÉIS / ESPÁTULAS
85227;ROLO LA SINTETICA ANTIRESPINGO 9CM AT773/9 ATLAS;AT773/9;35;ATLAS;80000522;ATLAS S.A.;30028;ROLOS / TRINCHAS / PINCÉIS / ESPÁTULAS
84424;ROLO LA SINTETICA RESIMAX 15CM 339/15A ATLAS;339/15A;35;ATLAS;80000522;ATLAS S.A.;30028;ROLOS / TRINCHAS / PINCÉIS / ESPÁTULAS
84423;ROLO LA SINTETICA RESIMAX 23CM 339/5A ATLAS;339/5A;35;ATLAS;80000522;ATLAS S.A.;30028;ROLOS / TRINCHAS / PINCÉIS / ESPÁTULAS
84421;ROLO LA SINTETICA RESIMAX 5CM 339/55A ATLAS;339/55A;35;ATLAS;80000522;ATLAS S.A.;30028;ROLOS / TRINCHAS / PINCÉIS / ESPÁTULAS
84422;ROLO LA SINTETICA RESIMAX 9CM 339/9A ATLAS;339/9A;35;ATLAS;80000522;ATLAS S.A.;30028;ROLOS / TRINCHAS / PINCÉIS / ESPÁTULAS
85276;ROLO MICROFIBRA MONARCA 23CM AT732/25 ATLAS;AT732/25;35;ATLAS;8;PINCEIS ATLAS S.A.;30028;ROLOS / TRINCHAS / PINCÉIS / ESPÁTULAS
85224;ROLO MICROFIBRA RENDEPLUS 23CM 327/19 ATLAS;327/19;35;ATLAS;80000522;ATLAS S.A.;30028;ROLOS / TRINCHAS / PINCÉIS / ESPÁTULAS
85225;ROLO MICROFIBRA RENDEPLUS 23CM 327/23 ATLAS;327/23;35;ATLAS;80000522;ATLAS S.A.;30028;ROLOS / TRINCHAS / PINCÉIS / ESPÁTULAS
84705;ROLO PARA MASSA ROLADA 23CM AT1122/23 ATLAS;AT1122/23;35;ATLAS;8;PINCEIS ATLAS S.A.;30028;ROLOS / TRINCHAS / PINCÉIS / ESPÁTULAS
86939;ROLO PELE DE CARNEIRO EXTRA 23CM 322/22 ATLAS;322/22;35;ATLAS;8;PINCEIS ATLAS S.A.;30028;ROLOS / TRINCHAS / PINCÉIS / ESPÁTULAS
85056;ROLO POLIAMIDA ANTIGOTA 15CM 321/15 ATLAS;321/15;35;ATLAS;80000522;ATLAS S.A.;30028;ROLOS / TRINCHAS / PINCÉIS / ESPÁTULAS
84420;ROLO POLIAMIDA ANTIGOTA 23CM 321/10 ATLAS;321/10;35;ATLAS;80000522;ATLAS S.A.;30028;ROLOS / TRINCHAS / PINCÉIS / ESPÁTULAS
85057;ROLO POLIAMIDA ANTIGOTA 9CM 321/9 ATLAS;321/9;35;ATLAS;80000522;ATLAS S.A.;30028;ROLOS / TRINCHAS / PINCÉIS / ESPÁTULAS
84703;ROLO TEXTURA FINA 23CM 110/75 ATLAS;110/75;35;ATLAS;80000522;ATLAS S.A.;30028;ROLOS / TRINCHAS / PINCÉIS / ESPÁTULAS
84704;ROLO TEXTURA MEDIA 23CM 110/65 ATLAS;110/65;35;ATLAS;80000522;ATLAS S.A.;30028;ROLOS / TRINCHAS / PINCÉIS / ESPÁTULAS
84702;ROLO TEXTURA RUSTICA 23CM 1155 ATLAS;1155;35;ATLAS;8;PINCEIS ATLAS S.A.;30028;ROLOS / TRINCHAS / PINCÉIS / ESPÁTULAS
22218;ROLO VELUDO 9CM 329/9 ATLAS;329/9;35;ATLAS;8;PINCEIS ATLAS S.A.;999999;GRUPO CONVERSAO
85052;ROLO+GARFO TEXTURA RUSTICA 10CM AT155/10SR ATLAS;AT155/10SR;35;ATLAS;80000522;ATLAS S.A.;30028;ROLOS / TRINCHAS / PINCÉIS / ESPÁTULAS
21067;RRA (RAPID REPAIR AGENT) 1LT;529789;8;SIKKENS;34;AKZO NOBEL LTDA;20001;DILUENTE
84846;SABAO EM BARRA;16445;51;START;112;COM.ALVORADA LIMPEZA E DESCARTAVEIS;999999;GRUPO CONVERSAO
84455;SABAO EM PO;16599;51;START;112;COM.ALVORADA LIMPEZA E DESCARTAVEIS;999999;GRUPO CONVERSAO
23694;SABONETE 5L PESSEGO -6,95-ST;9087;999999;.;452;LIMA & PERGHER INDUSTRIAL E COMERCIO;999999;GRUPO CONVERSAO
83961;SABONETE LIQUIDO 1LT ERVA DOCE -6,16-ST;16860;44;TUFF;452;LIMA & PERGHER INDUSTRIAL E COMERCIO;999999;GRUPO CONVERSAO
83960;SABONETE LIQUIDO 5LT ACAI -6,16-ST;5861;44;TUFF;452;LIMA & PERGHER INDUSTRIAL E COMERCIO;999999;GRUPO CONVERSAO
23540;SABONETE LIQUIDO 5LT-6,16-ST;1625;44;TUFF;112;COM.ALVORADA LIMPEZA E DESCARTAVEIS;999999;GRUPO CONVERSAO
83963;SABONETEIRA COM RESERVATORIO;10764;51;START;454;LIMA & PERGHERN INDUSTRIA E COMERCIO;999999;GRUPO CONVERSAO
23519;SACO DE LIXO PRETO 100LTS;65;800134;QUALIFORTE;494;QUALIFORTE INDISTRIA E COMERCIO DE RECICLAGEM;999999;GRUPO CONVERSAO
85615;SACO DE LIXO PRETO 110LTS;12846;30;BRASPLASTICOS;112;COM.ALVORADA LIMPEZA E DESCARTAVEIS;999999;GRUPO CONVERSAO
22953;SACO DE LIXO PRETO 150LTS;12848;800134;QUALIFORTE;494;QUALIFORTE INDISTRIA E COMERCIO DE RECICLAGEM;999999;GRUPO CONVERSAO
23632;SACO DE LIXO PRETO 200LTS;12852;30;BRASPLASTICOS;112;COM.ALVORADA LIMPEZA E DESCARTAVEIS;999999;GRUPO CONVERSAO
23544;SACO DE LIXO PRETO 20LTS;12841;800134;QUALIFORTE;112;COM.ALVORADA LIMPEZA E DESCARTAVEIS;999999;GRUPO CONVERSAO
23945;SACO DE LIXO PRETO 60LTS;12843;30;BRASPLASTICOS;112;COM.ALVORADA LIMPEZA E DESCARTAVEIS;999999;GRUPO CONVERSAO
23951;SACOLA IMPRESSA 30X40 DAUTO TINTAS;19;800084;PLASTINI;11000397;PLASTINI EMBALAGENS LTDA;999999;GRUPO CONVERSAO
23797;SACOLA IMPRESSAS 45X60 DAUTO TINTAS;7;800084;PLASTINI;11000397;PLASTINI EMBALAGENS LTDA;999999;GRUPO CONVERSAO
22952;SACOLA RECICLADA LISA 40X50;502;30;BRASPLASTICOS;362;BRASPLASTICOS IND E COM DE EMBALAGENS LTDA;999999;GRUPO CONVERSAO
24266;SANITIZANTE CARRO NOVO 5L VONIXX;2008014;10;VONIXX;425;VONIXX INDUSTRIA E COMERCIO DE POLIDORES LTDA;20011;LINHA DE HIGENIZAÇÃO E ESTÉTICA  AUTOMOTIVA VONIX
24231;SANITIZANTE FINALIZADOR 1,5L VONIXX;2011051;10;VONIXX;425;VONIXX INDUSTRIA E COMERCIO DE POLIDORES LTDA;20011;LINHA DE HIGENIZAÇÃO E ESTÉTICA  AUTOMOTIVA VONIX
246;SANITIZANTE FRESH 5L VONIXX;2008015;10;VONIXX;585;VOXER COMERCIO DE CERAS E POLIDORES LTDA;20011;LINHA DE HIGENIZAÇÃO E ESTÉTICA  AUTOMOTIVA VONIX
87335;SANTINT MISTURADOR PARA REPINTURA PA (12G + 60Q);PA8-72 (B);100022;SANTINT;460;SANTINT DO BRASIL;20058;OUTRAS FERRAMENTAS / EQUIPAMENTOS
87337;SANTINT TAMPA PA GALÃO;TAMPA PA (G);100022;SANTINT;460;SANTINT DO BRASIL;20058;OUTRAS FERRAMENTAS / EQUIPAMENTOS
87336;SANTINT TAMPA PA LITRO;TAMPA PA (L);100022;SANTINT;460;SANTINT DO BRASIL;20058;OUTRAS FERRAMENTAS / EQUIPAMENTOS
85686;SELA TRINCA BRANCO CARTUCHO 280ML UNIPEGA;AES0511.0051;800067;UNIPEGA;11000482;A&S TECHNOLOGIES INDUSTRIA E COMERCIO S.A.;30034;SILICONE
84202;SELADOR ACRILICO 3,6L BRASILUX;SL 460000202;67;BRASILUX;556;BRASILUX TINTAS TECNICAS LTDA;30021;SELADOR ACRÍLICO
84203;SELADOR ACRILICO 900ML BRASILUX;SL 460000201;67;BRASILUX;556;BRASILUX TINTAS TECNICAS LTDA;30021;SELADOR ACRÍLICO
85343;SELADOR ACRILICO BALDE 16KG INOVE;115476;800060;DÁVILA  INOVE;11000432;MARTELENA ALMEIDA INDUSTRIA E COMERCIO DE TINTAS EIRELI;30021;SELADOR ACRÍLICO
87302;SELADOR ACRILICO BALDE 16L MISTERCRYL;4442;800113;MISTERCRYL;11000468;DURACOLOR INDUSTRIA E COMERCIO DE TINTAS;30023;TEXTURA
84201;SELADOR ACRILICO BALDE 18L BRASILUX;SL 460000257;67;BRASILUX;556;BRASILUX TINTAS TECNICAS LTDA;30021;SELADOR ACRÍLICO
84842;SELADOR BRANCO P/ GESSO 18L BRASILUX;SL 460000557;67;BRASILUX;556;BRASILUX TINTAS TECNICAS LTDA;50001;LINHA MOVELEIRA
84871;SELADOR BRANCO P/ GESSO 3,6L BRASILUX;SL 460000502;67;BRASILUX;556;BRASILUX TINTAS TECNICAS LTDA;30021;SELADOR ACRÍLICO
86159;SELADORA BASE AGUA ACETINADO TRANSPARENTE 3,6L;5203191;800075;SPARLACK CETOL;34;AKZO NOBEL LTDA;50001;LINHA MOVELEIRA
86160;SELADORA BASE AGUA ACETINADO TRANSPARENTE 900ML;5203192;800075;SPARLACK CETOL;34;AKZO NOBEL LTDA;50001;LINHA MOVELEIRA
84227;SELADORA P/ MADEIRA 18L BRASILUX;SL 090000103;67;BRASILUX;556;BRASILUX TINTAS TECNICAS LTDA;50001;LINHA MOVELEIRA
84225;SELADORA P/ MADEIRA 3,6L BRASILUX;SL 090000102;67;BRASILUX;556;BRASILUX TINTAS TECNICAS LTDA;50001;LINHA MOVELEIRA
84226;SELADORA P/ MADEIRA 900ML BRASILUX;SL 090000101;67;BRASILUX;556;BRASILUX TINTAS TECNICAS LTDA;50001;LINHA MOVELEIRA
9752;SELADORA P/ PLASTICO 900ML WANDA-22,35-ST;593659;1;WANDA;34;AKZO NOBEL LTDA;20050;SELADORA P/ PLASTICO
20264;SELADORA PARA PLASTICO 500ML MAXI RUBBER;4MP005;6;MAXI RUBBER;11000387;MAXI RUBBER INDUSTRIAS QUIMICAS LTDA;20050;SELADORA P/ PLASTICO
20212;SELADORA PARA PLASTICO 900ML MAXI RUBBER;4MP006;6;MAXI RUBBER;11000387;MAXI RUBBER INDUSTRIAS QUIMICAS LTDA;20050;SELADORA P/ PLASTICO
21376;SELADORA TRANSPARENTE P/ PLASTICO 081 450ML LAZZURIL;05.00.00081-224;3;SHERWIN WILLIAMS;35;SHERWIN - WILLIAMS DO BRASIL IND. E COM. LTDA;20050;SELADORA P/ PLASTICO
24410;SELADORA TRANSPARENTE P/ PLASTICO 081 900ML LAZZURIL;2660;3;SHERWIN WILLIAMS;35;SHERWIN - WILLIAMS DO BRASIL IND. E COM. LTDA;20050;SELADORA P/ PLASTICO
83899;SELANTE CERAMICO SOFT TOUCH UV 150ML/100G DIMENSION;DC0006;6;MAXI RUBBER;11000387;MAXI RUBBER INDUSTRIAS QUIMICAS LTDA;20006;CERA  / LIMPEZA /  POLIMENTO VEICULAR
85148;"SERPENTINA DE DESCARGA 2.1/2"" WV-60/80";00019358.5;999999;.;11000426;GARTHEN INDUSTRIA E COMERCIO DE MAQUINAS LTDA;20028;APLICADORES / ADAPTADORES / ENGATES / SUPORTES
85147;"SERPENTINA DE DESCARGA 3.1/4"" WV-60/80";00019357.7;999999;.;11000426;GARTHEN INDUSTRIA E COMERCIO DE MAQUINAS LTDA;20028;APLICADORES / ADAPTADORES / ENGATES / SUPORTES
85146;"SERPENTINA INTERMEDIARIA 4.3/4""-2.1/2"" WV-60/80";00019356.9;999999;.;11000426;GARTHEN INDUSTRIA E COMERCIO DE MAQUINAS LTDA;20028;APLICADORES / ADAPTADORES / ENGATES / SUPORTES
85144;"SERPENTINA INTERMEDIARIA 4.3/4""-3.1/4"" WV-60/80";00019354.4;999999;.;11000426;GARTHEN INDUSTRIA E COMERCIO DE MAQUINAS LTDA;20028;APLICADORES / ADAPTADORES / ENGATES / SUPORTES
85145;SERPENTINA INTERMEDIARIA 4.3/43.1/4 WV-60/80;00019355.2;999999;.;11000426;GARTHEN INDUSTRIA E COMERCIO DE MAQUINAS LTDA;20028;APLICADORES / ADAPTADORES / ENGATES / SUPORTES
87364;SERRA TICO-TICO PNEUMATICA PRO-700 PDR;PRO-700;800056;PDR;11000416;BERLINER DO BRASIL MOTORES LTDA;20023;PISTOLAS
85563;SGT3290 PISTOLA AR DIRETO USO GERAL;701329020;54;SIGMA;227;SIGMA TOOLS COM. MAQUINAS EQUIP. E ACE;20058;OUTRAS FERRAMENTAS / EQUIPAMENTOS
23961;SHAMPOO AUTO HARTS BY HUNGRIA C/CERA 500ML - COM CERA;10001000032;60;HUNGRIA;526;CARTS ESTETICA AUTOMOTIVA E RESIDENCIAL LTDA;20006;CERA  / LIMPEZA /  POLIMENTO VEICULAR
23962;SHAMPOO AUTO HARTS BY HUNGRIA NEUTRO 500ML - TRADICIONAL;10001000034;60;HUNGRIA;526;CARTS ESTETICA AUTOMOTIVA E RESIDENCIAL LTDA;20006;CERA  / LIMPEZA /  POLIMENTO VEICULAR
24299;SHINY 500ML VONIXX;2011058;10;VONIXX;425;VONIXX INDUSTRIA E COMERCIO DE POLIDORES LTDA;20011;LINHA DE HIGENIZAÇÃO E ESTÉTICA  AUTOMOTIVA VONIX
86966;SIFAO SANFONADO COPO BRANCO HERC;2608;800110;HERC;11000465;IND DE PLASTICOS HERC LTDA;30042;SIFÃO/ASSENTO
86877;SIFAO SANFONADO DUPLO BRANCO UNIFORTTE;6.014;800097;UNIFORTTE;11000454;UNIFORTTE INDUSTRIA DE PLASTICOS LTDA;30042;SIFÃO/ASSENTO
86876;SIFAO SANFONADO SIMPLES BRANCO UNIFORTTE;6.012;800097;UNIFORTTE;11000454;UNIFORTTE INDUSTRIA DE PLASTICOS LTDA;30042;SIFÃO/ASSENTO
20617;SIKAFLEX VEDAÇÃO CINZA SACHE 620GR SIKA;503665;800052;SIKA;442;SIKA SA;20056;COLA INST./ ADESIVOS COLANTES
20239;SIKAFLEX VEDAÇÃO CINZA TUBO 400GR SIKA;535412;800052;SIKA;442;SIKA SA;20049;VEDADORES / SELANTES
85684;SILICONE ACETICO MULTIUSO BRANCO CARTUCHO 250ML UNIPEGA;AES0509.0570;800067;UNIPEGA;11000482;A&S TECHNOLOGIES INDUSTRIA E COMERCIO S.A.;30034;SILICONE
85683;SILICONE ACETICO MULTIUSO INCOLOR CARTUCHO 250ML UNIPEGA;AES0509.0569;800067;UNIPEGA;11000482;A&S TECHNOLOGIES INDUSTRIA E COMERCIO S.A.;30034;SILICONE
85685;SILICONE ACETICO MULTIUSO PRETO CARTUCHO 250ML UNIPEGA;AES0509.0571;800067;UNIPEGA;11000443;A&S TECHNOLOGIES INDUSTRIA E COMERCIO LTDA;30034;SILICONE
85682;SILICONE ACETICO USO GERAL INCOLOR BISNAGA 50ML UNIPEGA;AES0509.0607;800067;UNIPEGA;11000482;A&S TECHNOLOGIES INDUSTRIA E COMERCIO S.A.;30034;SILICONE
23487;SILICONE GEL - 200ML COLOR BRILHO;FE150;12;COLOR BRILHO;11;COLOR BRILHO PRODUTOS AUTOIMOTIVOS;20006;CERA  / LIMPEZA /  POLIMENTO VEICULAR
84410;SILICONE GEL 1KG CLEANER;1238;12;COLOR BRILHO;11;COLOR BRILHO PRODUTOS AUTOIMOTIVOS;20006;CERA  / LIMPEZA /  POLIMENTO VEICULAR
84247;SILICONE HIDROFUGANTE 18L BRASILUX;IZ 590033803;67;BRASILUX;556;BRASILUX TINTAS TECNICAS LTDA;30002;IMPERMEABILIZANTES
84054;SILICONE HIDROFUGANTE 3,6L BRASILUX;IZ 590033802;67;BRASILUX;556;BRASILUX TINTAS TECNICAS LTDA;30002;IMPERMEABILIZANTES
20949;SILTEX 800 NEGRO 1KG ROBERLO;63067;39;ROBERLO;91;ROBERLO DO BRASIL LTDA;20060;LAMINAÇÃO / PROTEÇÃO
83924;SILTEX BRANCO 1KG ROBERLO;63069;39;ROBERLO;91;ROBERLO DO BRASIL LTDA;20060;LAMINAÇÃO / PROTEÇÃO
21693;SILTEX CINZA 1KG ROBERLO;63068;39;ROBERLO;91;ROBERLO DO BRASIL LTDA;20060;LAMINAÇÃO / PROTEÇÃO
23585;SILTEX KROLAC AX.400 PRETO 900G ROBERLO;602799;39;ROBERLO;91;ROBERLO DO BRASIL LTDA;20060;LAMINAÇÃO / PROTEÇÃO
83954;SINERGY PAINT 500ML SPRAY VONIXX;2050049;10;VONIXX;425;VONIXX INDUSTRIA E COMERCIO DE POLIDORES LTDA;20011;LINHA DE HIGENIZAÇÃO E ESTÉTICA  AUTOMOTIVA VONIX
83955;SINERGY WHELL 500ML VONIXX;2050053;10;VONIXX;585;VOXER COMERCIO DE CERAS E POLIDORES LTDA;20011;LINHA DE HIGENIZAÇÃO E ESTÉTICA  AUTOMOTIVA VONIX
83872;SINTRA FAST 500ML SPRAY VONIXX;2011044;10;VONIXX;425;VONIXX INDUSTRIA E COMERCIO DE POLIDORES LTDA;20011;LINHA DE HIGENIZAÇÃO E ESTÉTICA  AUTOMOTIVA VONIX
24267;SINTRA PRO 1,5L VONIXX;2011066;10;VONIXX;425;VONIXX INDUSTRIA E COMERCIO DE POLIDORES LTDA;20011;LINHA DE HIGENIZAÇÃO E ESTÉTICA  AUTOMOTIVA VONIX
24331;SINTRA PRO 5L VONIXX;2011000;10;VONIXX;425;VONIXX INDUSTRIA E COMERCIO DE POLIDORES LTDA;20011;LINHA DE HIGENIZAÇÃO E ESTÉTICA  AUTOMOTIVA VONIX
23447;SIO2 PRO 500ML SPRAY VONIXX;2018005;10;VONIXX;425;VONIXX INDUSTRIA E COMERCIO DE POLIDORES LTDA;20011;LINHA DE HIGENIZAÇÃO E ESTÉTICA  AUTOMOTIVA VONIX
22526;SISTEMA ASPIRADO VENTURI 3M;HC000656005;4;3M;36;3M DO BRASIL LTDA;20058;OUTRAS FERRAMENTAS / EQUIPAMENTOS
24050;SKYMIX AE650 ADITIVO PARA EFEITO METALICO 900ML 21,45-ST;160AE65001B4;57;SKY;521;SKYLACK TINTAS E VERNIZES LTDA;20031;BASES POLIÉSTER
24072;SKYMIX BP200 BRANCO 0,900ML -21,94-ST;210BP20001B4;57;SKY;521;SKYLACK TINTAS E VERNIZES LTDA;20031;BASES POLIÉSTER
24058;SKYMIX BP201 MARROM MEDIO 0,900ML-21,94-ST;210BP2010140;57;SKY;521;SKYLACK TINTAS E VERNIZES LTDA;20031;BASES POLIÉSTER
24069;SKYMIX BP202 MARROM CLARO 0,900ML-21,94-ST;210BP2020140;57;SKY;521;SKYLACK TINTAS E VERNIZES LTDA;20031;BASES POLIÉSTER
24085;SKYMIX BP203 BRANCO BASE 3,600ML-21,94-ST;210BP20301B5;57;SKY;521;SKYLACK TINTAS E VERNIZES LTDA;20031;BASES POLIÉSTER
24102;SKYMIX BP204 AZUL AVIOLETADO 0,900ML-21,94-ST;210BP20401B4;57;SKY;521;SKYLACK TINTAS E VERNIZES LTDA;20031;BASES POLIÉSTER
24103;SKYMIX BP205 AZUL ESVERDEADO 0,900ML -21,45-ST;210BP20501B4;57;SKY;521;SKYLACK TINTAS E VERNIZES LTDA;20031;BASES POLIÉSTER
23990;SKYMIX BP206 AZUL ESCURO 0,900ML -21,94-ST;210BP20601B4;57;SKY;521;SKYLACK TINTAS E VERNIZES LTDA;20031;BASES POLIÉSTER
24104;SKYMIX BP207 VERDE 0,900ML-21,94-ST;210BP20701B4;57;SKY;521;SKYLACK TINTAS E VERNIZES LTDA;20031;BASES POLIÉSTER
24061;SKYMIX BP208 AMARELO MEDIO 0,900ML -21,94-ST;210BP2080140;57;SKY;521;SKYLACK TINTAS E VERNIZES LTDA;20031;BASES POLIÉSTER
24070;SKYMIX BP209 AMARELO OURO 0,900ML -21,94-ST;210BP20901B4;57;SKY;521;SKYLACK TINTAS E VERNIZES LTDA;20031;BASES POLIÉSTER
24059;SKYMIX BP210 AMARELO ESVERDEADO 0,900ML -21,94-ST;210BP21001b4;57;SKY;521;SKYLACK TINTAS E VERNIZES LTDA;20031;BASES POLIÉSTER
24071;SKYMIX BP211 AMARELO TRANSPARENTE 0,900ML 1-21,94-ST;210BP21101B4;57;SKY;521;SKYLACK TINTAS E VERNIZES LTDA;20031;BASES POLIÉSTER
24055;SKYMIX BP212 LARANJA 0,900ML-21,94-ST;210BP2120140;57;SKY;521;SKYLACK TINTAS E VERNIZES LTDA;20031;BASES POLIÉSTER
23993;SKYMIX BP213 VERMELHO MEDIO 0,900ML -21,94-ST;210BP21301B4;57;SKY;521;SKYLACK TINTAS E VERNIZES LTDA;20031;BASES POLIÉSTER
24100;SKYMIX BP214 VERMELHO TRANSPARENTE 0,900ML-21,94-ST;210BP21401B4;57;SKY;521;SKYLACK TINTAS E VERNIZES LTDA;20031;BASES POLIÉSTER
24101;SKYMIX BP215 VERMELHO OXIDO 0,900ML -21,94-ST;210BP21501B4;57;SKY;521;SKYLACK TINTAS E VERNIZES LTDA;20031;BASES POLIÉSTER
24169;SKYMIX BP216 AMARELO OXIDO 0,900ML -21,46-ST;210BP21601B4;57;SKY;11000389;CARVIC COM VER DE PROD E EQ P/ REP AUTO LTDA;20031;BASES POLIÉSTER
24107;SKYMIX BP217 VERMELHO CLARO 0,900ML -21,46-ST;210BP21701B4;57;SKY;521;SKYLACK TINTAS E VERNIZES LTDA;20031;BASES POLIÉSTER
24066;SKYMIX BP218 PRETO 3,600ML -21,46-ST;210BP21801B5;57;SKY;521;SKYLACK TINTAS E VERNIZES LTDA;20031;BASES POLIÉSTER
24079;SKYMIX BP219 BRANCO MICRONIZADO 0,900ML-21,94-ST;210BP21901B4;57;SKY;521;SKYLACK TINTAS E VERNIZES LTDA;20031;BASES POLIÉSTER
23983;SKYMIX BP220 VERDE AMARELADO 0,900ML -21,94-ST;210BP22001B4;57;SKY;521;SKYLACK TINTAS E VERNIZES LTDA;20031;BASES POLIÉSTER
24113;SKYMIX BP221 AZUL ESCURO AVIOLETADO 0,900ML -21,46-ST;210BP22101B4;57;SKY;521;SKYLACK TINTAS E VERNIZES LTDA;20031;BASES POLIÉSTER
24076;SKYMIX BP222 VIOLETA AVERMELHADO 0,900ML -21,45-ST;210BP22201B4;57;SKY;521;SKYLACK TINTAS E VERNIZES LTDA;20031;BASES POLIÉSTER
24110;SKYMIX BP223 PRETO AZULADO 0,900ML -21,94-ST;210BP22301B4;57;SKY;521;SKYLACK TINTAS E VERNIZES LTDA;20031;BASES POLIÉSTER
23988;SKYMIX BP224 ROSA 0,900ML -21,45-ST;210BP22401B4;57;SKY;521;SKYLACK TINTAS E VERNIZES LTDA;20031;BASES POLIÉSTER
23987;SKYMIX BP225 VIOLETA 0,900ML -21,45-ST;210BP22501B4;57;SKY;521;SKYLACK TINTAS E VERNIZES LTDA;20031;BASES POLIÉSTER
23984;SKYMIX BP226 AZUL 0,900ML-21,94-ST;210BP22601B4;57;SKY;521;SKYLACK TINTAS E VERNIZES LTDA;20031;BASES POLIÉSTER
24048;SKYMIX BP227 LARANJA CLARO 0,900ML-21,94-ST;210BP2270140;57;SKY;521;SKYLACK TINTAS E VERNIZES LTDA;20031;BASES POLIÉSTER
24109;SKYMIX BP229 VERMELHO 0,900ML -21,94-ST;210BP2290140;57;SKY;521;SKYLACK TINTAS E VERNIZES LTDA;20031;BASES POLIÉSTER
24053;SKYMIX BP230 VERMELHO ESCARLATE 0,900ML-21,94-ST;210BP23001B4;57;SKY;521;SKYLACK TINTAS E VERNIZES LTDA;20031;BASES POLIÉSTER
24114;SKYMIX BP231 VERMELHO RUBI 0,900ML -21,94-ST;210BP23101B4;57;SKY;521;SKYLACK TINTAS E VERNIZES LTDA;20031;BASES POLIÉSTER
24106;SKYMIX BP235 VERMELHO FORTE 0,900ML -21,94-ST;210BP23501B4;57;SKY;521;SKYLACK TINTAS E VERNIZES LTDA;20031;BASES POLIÉSTER
23991;SKYMIX BP239 VERMELHO VIVO 0,900ML -21,46-ST;210BP23901B4;57;SKY;521;SKYLACK TINTAS E VERNIZES LTDA;20031;BASES POLIÉSTER
24068;SKYMIX BP240 BRANCO PURO 3,600ML-21,94-ST;210BP24001B5;57;SKY;11000389;CARVIC COM VER DE PROD E EQ P/ REP AUTO LTDA;20031;BASES POLIÉSTER
23992;SKYMIX BP242 LARANJA INTENSO 0,900ML-21,46-ST;210BP24201B4;57;SKY;521;SKYLACK TINTAS E VERNIZES LTDA;20031;BASES POLIÉSTER
24080;SKYMIX BP244 ROSA INTENSO 0,900ML -21,45-ST;210BP24401B4;57;SKY;521;SKYLACK TINTAS E VERNIZES LTDA;20031;BASES POLIÉSTER
24105;SKYMIX BP247 AMARELO MEDIO INTENSO 0,900ML -21,94-ST;210BP24701B4;57;SKY;521;SKYLACK TINTAS E VERNIZES LTDA;20031;BASES POLIÉSTER
24086;SKYMIX BP248 PRETO INTENSO 3,600ML-21,94-ST;210BP24801B5;57;SKY;521;SKYLACK TINTAS E VERNIZES LTDA;20031;BASES POLIÉSTER
24084;SKYMIX BP249 VERMELHO VIVO INTENSO 0,900ML -21,45-ST;210BP24901B4;57;SKY;80000491;NOVA FAST COMERCIO DE TINTAS LTDA;20031;BASES POLIÉSTER
24112;SKYMIX BP250 AMARELO CLARO 0,900ML -21,94-ST;210BP25001B4;57;SKY;521;SKYLACK TINTAS E VERNIZES LTDA;20031;BASES POLIÉSTER
24082;SKYMIX BP251 AMARELO ALARANJADO 0,900ML -21,94-ST;210BP2510140;57;SKY;521;SKYLACK TINTAS E VERNIZES LTDA;20031;BASES POLIÉSTER
24094;SKYMIX BP254 PRETO SUPER INTENSO 3,600ML -21,94-ST;210BP25401B5;57;SKY;521;SKYLACK TINTAS E VERNIZES LTDA;20031;BASES POLIÉSTER
24093;SKYMIX BP261 ALUMINIO MEDIO 3,600ML -21,94-ST;211BP2610114;57;SKY;521;SKYLACK TINTAS E VERNIZES LTDA;20031;BASES POLIÉSTER
24095;SKYMIX BP262 ALUMINIO MEDIO GRAUDO 3,600ML -21,94-ST;211BP26201B5;57;SKY;521;SKYLACK TINTAS E VERNIZES LTDA;20031;BASES POLIÉSTER
24056;SKYMIX BP263 ALUMINIO BRILHANTE 0,900ML -21,94-ST;211BP2630140;57;SKY;521;SKYLACK TINTAS E VERNIZES LTDA;20031;BASES POLIÉSTER
24096;SKYMIX BP264 ALUMINIO GRAUDO BRILHANTE 3,600ML -21,45-ST;211BP26401B5;57;SKY;521;SKYLACK TINTAS E VERNIZES LTDA;20031;BASES POLIÉSTER
24060;SKYMIX BP265 ALUMINIO SUPER FINO 0,900ML -21,94-ST;211BP2650140;57;SKY;521;SKYLACK TINTAS E VERNIZES LTDA;20031;BASES POLIÉSTER
24098;SKYMIX BP266 GOLD 0,900ML-21,46-ST;211BP26601B4;57;SKY;521;SKYLACK TINTAS E VERNIZES LTDA;20031;BASES POLIÉSTER
24092;SKYMIX BP267 ALUMINIO MEDIO FINO 3,600ML -21,94-ST;211BP26701B5;57;SKY;521;SKYLACK TINTAS E VERNIZES LTDA;20031;BASES POLIÉSTER
24115;SKYMIX BP268 ALUMINIO EXTRA GRAUDO 0,900ML -21,94-ST;211BP26801B4;57;SKY;521;SKYLACK TINTAS E VERNIZES LTDA;20031;BASES POLIÉSTER
24065;SKYMIX BP269 ALUMINIO BRILHANTE MEDIO 3,600L -21,94-ST;211BP26901B5;57;SKY;521;SKYLACK TINTAS E VERNIZES LTDA;20031;BASES POLIÉSTER
23994;SKYMIX BP270 ALUMINIO FINO 0,900ML -21,94-ST;211BP27001B4;57;SKY;521;SKYLACK TINTAS E VERNIZES LTDA;20031;BASES POLIÉSTER
24081;SKYMIX BP271 ALUMINIO FINO BRILHANTE 0,900ML -21,94-ST;211BP27101B4;57;SKY;521;SKYLACK TINTAS E VERNIZES LTDA;20031;BASES POLIÉSTER
23996;SKYMIX BP272 ALUMINIO ORANGE EXP 0,900ML -21,94-ST;2E1BP2720140;57;SKY;521;SKYLACK TINTAS E VERNIZES LTDA;20031;BASES POLIÉSTER
24099;SKYMIX BP277 PEROLA COBRE BRILHANTE 0,450ML-21,46-ST;213BP2770149;57;SKY;521;SKYLACK TINTAS E VERNIZES LTDA;20031;BASES POLIÉSTER
24047;SKYMIX BP278 PEROLA OURO BRILHANTE 0,450ML-21,45-ST;213BP27801B6;57;SKY;521;SKYLACK TINTAS E VERNIZES LTDA;20031;BASES POLIÉSTER
24054;SKYMIX BP279 PEROLA VERDE BRILHANTE 0,450ML -21,94-ST;213BP2790149;57;SKY;521;SKYLACK TINTAS E VERNIZES LTDA;20031;BASES POLIÉSTER
24075;SKYMIX BP280 PEROLA VERMELHA FINA 0,900ML-21,94-ST;213BP28001B4;57;SKY;521;SKYLACK TINTAS E VERNIZES LTDA;20031;BASES POLIÉSTER
24057;SKYMIX BP281 PEROLA BRANCA FINA 0,900ML-21,94-ST;213BP28101B4;57;SKY;521;SKYLACK TINTAS E VERNIZES LTDA;20031;BASES POLIÉSTER
24074;SKYMIX BP282 PEROLA AZUL FINA 0,900ML-21,94-ST;213BP28201B4;57;SKY;521;SKYLACK TINTAS E VERNIZES LTDA;20031;BASES POLIÉSTER
24052;SKYMIX BP283 PEROLA VERMELHA GRAUDA 0,900ML -21,46-ST;213BP2830140;57;SKY;521;SKYLACK TINTAS E VERNIZES LTDA;20031;BASES POLIÉSTER
24077;SKYMIX BP284 PEROLA AZUL GRAUDA 0,900ML-21,45-ST;213BP28401B4;57;SKY;521;SKYLACK TINTAS E VERNIZES LTDA;20031;BASES POLIÉSTER
24111;SKYMIX BP285 PEROLA PRATA BRILHANTE 0,900ML -21,46-ST;213BP28501B4;57;SKY;521;SKYLACK TINTAS E VERNIZES LTDA;20031;BASES POLIÉSTER
23985;SKYMIX BP286 PEROLA DOURADA MEDIA 0,900ML -21,46-ST;213BP2860140;57;SKY;521;SKYLACK TINTAS E VERNIZES LTDA;20031;BASES POLIÉSTER
23989;SKYMIX BP287 PEROLA VIOLETA 0,900ML -21,94-ST;213BP2870140;57;SKY;521;SKYLACK TINTAS E VERNIZES LTDA;20031;BASES POLIÉSTER
24078;SKYMIX BP288 PEROLA VIOLETA GRAUDA 0,900ML -21,94-ST;213BP28801B4;57;SKY;521;SKYLACK TINTAS E VERNIZES LTDA;20031;BASES POLIÉSTER
24051;SKYMIX BP289 PEROLA VERDE 0,900ML -21,94-ST;213BP28901B4;57;SKY;521;SKYLACK TINTAS E VERNIZES LTDA;20031;BASES POLIÉSTER
24108;SKYMIX BP290 PEROLA VIOLETA AZULADA 0,900ML -21,94-ST;213BP29001B4;57;SKY;521;SKYLACK TINTAS E VERNIZES LTDA;20031;BASES POLIÉSTER
24073;SKYMIX BP291 PEROLA VERDE AZULADA 0,900ML -21,94-ST;213BP29101B4;57;SKY;521;SKYLACK TINTAS E VERNIZES LTDA;20031;BASES POLIÉSTER
24097;SKYMIX BP292 PEROLA BRONZE 0,900ML-21,94-ST;213BP2920140;57;SKY;521;SKYLACK TINTAS E VERNIZES LTDA;20031;BASES POLIÉSTER
24045;SKYMIX BP293 PEROLA ROSA 0,900ML -21,94-ST;213BP2930140;57;SKY;521;SKYLACK TINTAS E VERNIZES LTDA;20031;BASES POLIÉSTER
24083;SKYMIX BP294 PEROLA OURO 0,900ML -21,45-ST;213BP29401B4;57;SKY;521;SKYLACK TINTAS E VERNIZES LTDA;20031;BASES POLIÉSTER
24046;SKYMIX BP295 GRAFITE 0,900ML-21,94-ST;213BP2950140;57;SKY;521;SKYLACK TINTAS E VERNIZES LTDA;20031;BASES POLIÉSTER
23995;SKYMIX BP296 PEROLA VERMELHA BRILHANTE 0,450ML -21,46-ST;213BP2960149;57;SKY;11000389;CARVIC COM VER DE PROD E EQ P/ REP AUTO LTDA;20031;BASES POLIÉSTER
23986;SKYMIX BP297 PEROLA BRANCA BRILHANTE 0,450ML-21,46-ST;213BP29701B6;57;SKY;521;SKYLACK TINTAS E VERNIZES LTDA;20031;BASES POLIÉSTER
24049;SKYMIX BP298 PEROLA AZUL BRILHANTE 0,450ML-21,94-ST;213BP29801B6;57;SKY;521;SKYLACK TINTAS E VERNIZES LTDA;20031;BASES POLIÉSTER
24116;SKYMIX BP299 ADITIVO BASE 18L -21,94-ST;210BP2990125;57;SKY;521;SKYLACK TINTAS E VERNIZES LTDA;20031;BASES POLIÉSTER
138;SKYMIX BP299 ADITIVO BASE 3,600ML-21,46-ST;210BP29901B5;57;SKY;521;SKYLACK TINTAS E VERNIZES LTDA;20032;BASES PU
135;SKYMIX LACA NITRO ADITIVO BASE 3,600ML-21,94-ST;510LN5990114;57;SKY;521;SKYLACK TINTAS E VERNIZES LTDA;20031;BASES POLIÉSTER
133;SKYMIX LACA NITRO AMARELO ESVERDEADO-21,93-ST;510LN5100114;57;SKY;521;SKYLACK TINTAS E VERNIZES LTDA;20043;BASES LACA 
157;SKYMIX LACA NITRO AMARELO OURO 0,900ML-21,94-ST;510LN50901B4;57;SKY;521;SKYLACK TINTAS E VERNIZES LTDA;20043;BASES LACA 
134;SKYMIX LACA NITRO AMARELO OXIDO 3,600ML-21,94-ST;510LN5160114;57;SKY;521;SKYLACK TINTAS E VERNIZES LTDA;20032;BASES PU
143;SKYMIX LACA NITRO AZUL ESCURO 0,900ML-21,94-ST;510LN50601B4;57;SKY;521;SKYLACK TINTAS E VERNIZES LTDA;20043;BASES LACA 
146;SKYMIX LACA NITRO AZUL ESVERDEADO 0,900ML LN505;510LN50501B4;57;SKY;521;SKYLACK TINTAS E VERNIZES LTDA;20043;BASES LACA 
160;SKYMIX LACA NITRO BRANCO PURO 3,600ML-21,94-ST;510LN5400114;57;SKY;521;SKYLACK TINTAS E VERNIZES LTDA;20043;BASES LACA 
139;SKYMIX LACA NITRO LARANJA 3,600ML-21,94-ST;510LN5120114;57;SKY;521;SKYLACK TINTAS E VERNIZES LTDA;20043;BASES LACA 
132;SKYMIX LACA NITRO PRETO-21,94-ST;510LN5180114;57;SKY;521;SKYLACK TINTAS E VERNIZES LTDA;20043;BASES LACA 
148;SKYMIX LACA NITRO VERDE 0,900ML-21,94-ST;510LN50701B4;57;SKY;521;SKYLACK TINTAS E VERNIZES LTDA;20043;BASES LACA 
150;SKYMIX LACA NITRO VERMELHO 0,900ML-21,94-ST;510LN52901B4;57;SKY;521;SKYLACK TINTAS E VERNIZES LTDA;20043;BASES LACA 
151;SKYMIX LACA NITRO VERMELHO ESCURO 0,900ML SKY-21,94-ST;510LN53801B4;57;SKY;521;SKYLACK TINTAS E VERNIZES LTDA;20043;BASES LACA 
144;SKYMIX LACA NITRO VERMELHO OXIDO 0,900ML-21,94-ST;510LN51501B4;57;SKY;521;SKYLACK TINTAS E VERNIZES LTDA;20043;BASES LACA 
155;SKYMIX LACA NITRO VIOLETA 0,900ML-21,94-ST;510LN52501B4;57;SKY;521;SKYLACK TINTAS E VERNIZES LTDA;20043;BASES LACA 
149;SKYMIX LACA NITRO VIOLETA AVERMELHADO 0,900ML-21,94-ST;510LN5320140;57;SKY;521;SKYLACK TINTAS E VERNIZES LTDA;20043;BASES LACA 
85482;SKYMIX PU 318 PRETO 3,6L;610PU31801B5;57;SKY;521;SKYLACK TINTAS E VERNIZES LTDA;20032;BASES PU
216;SKYMIX PU 318 PRETO 900 ML;610PU31801B4;57;SKY;521;SKYLACK TINTAS E VERNIZES LTDA;20032;BASES PU
20602;SKYMIX PU 338 VERMELHO ESCURO 0,900ML SKY;610PU33801B4;57;SKY;521;SKYLACK TINTAS E VERNIZES LTDA;20032;BASES PU
9769;SKYMIX PU ADITIVO BASE 18L 399;610PU3990125;57;SKY;521;SKYLACK TINTAS E VERNIZES LTDA;20032;BASES PU
21746;SKYMIX PU ALUMINIO EXTRA GRAUDO BRILHANTE 3,600ML 358;611PU3580114;57;SKY;521;SKYLACK TINTAS E VERNIZES LTDA;20032;BASES PU
9833;SKYMIX PU ALUMINIO GRAUDO BRILHANTE 3,600ML 334-21,94-ST;611PU3340114;57;SKY;521;SKYLACK TINTAS E VERNIZES LTDA;20032;BASES PU
10141;SKYMIX PU ALUMINIO MEDIO FINO 3,600ML 337;611PU3370114;57;SKY;521;SKYLACK TINTAS E VERNIZES LTDA;20032;BASES PU
22760;SKYMIX PU AMARELO CLARO 0,900ML 350;610PU35001B4;57;SKY;521;SKYLACK TINTAS E VERNIZES LTDA;20032;BASES PU
9816;SKYMIX PU AMARELO LIMÃO 0,900ML 341;610PU34101B4;57;SKY;521;SKYLACK TINTAS E VERNIZES LTDA;20032;BASES PU
214;SKYMIX PU AMARELO MEDIO 3,600ML 308-21,94-ST;610PU30801B5;57;SKY;521;SKYLACK TINTAS E VERNIZES LTDA;20032;BASES PU
228;SKYMIX PU AMARELO OURO 3,600ML 309;610PU3090114;57;SKY;521;SKYLACK TINTAS E VERNIZES LTDA;20032;BASES PU
215;SKYMIX PU AMARELO OXIDO 0,900ML 316-21,94-ST;610PU31601B;57;SKY;521;SKYLACK TINTAS E VERNIZES LTDA;20032;BASES PU
209;SKYMIX PU AZUL ESCURO 0,900ML 306;610PU30601B;57;SKY;521;SKYLACK TINTAS E VERNIZES LTDA;20032;BASES PU
225;SKYMIX PU AZUL ESVERDEADO 0,900ML 305;610PU30501B;57;SKY;521;SKYLACK TINTAS E VERNIZES LTDA;20032;BASES PU
224;SKYMIX PU LARANJA 3,600ML 312;610PU31201B5;57;SKY;521;SKYLACK TINTAS E VERNIZES LTDA;20032;BASES PU
22776;SKYMIX PU PRETO AZULADO 3,600ML 323;610PU3230114;57;SKY;521;SKYLACK TINTAS E VERNIZES LTDA;20032;BASES PU
226;SKYMIX PU PRETO INTENSO 3,600ML 348;610PU3480114;57;SKY;521;SKYLACK TINTAS E VERNIZES LTDA;20032;BASES PU
9813;SKYMIX PU ROSA 0,900ML 324;610PU32401B4;57;SKY;521;SKYLACK TINTAS E VERNIZES LTDA;20032;BASES PU
212;SKYMIX PU VERDE 0,900ML 307-21,94-ST;610PU30701B4;57;SKY;521;SKYLACK TINTAS E VERNIZES LTDA;20032;BASES PU
234;SKYMIX PU VERMELHO FORTE 0,900ML 335;610PU33501B4;57;SKY;521;SKYLACK TINTAS E VERNIZES LTDA;20032;BASES PU
22352;SKYMIX PU VERMELHO LIMPO 0,900ML 329;610PU32901B4;57;SKY;521;SKYLACK TINTAS E VERNIZES LTDA;20032;BASES PU
233;SKYMIX PU VERMELHO LIMPO 3,600ML 329;610PU32901B5;57;SKY;521;SKYLACK TINTAS E VERNIZES LTDA;20032;BASES PU
213;SKYMIX PU VERMELHO MAGENTA 0,900ML 336;610PU33601B4;57;SKY;521;SKYLACK TINTAS E VERNIZES LTDA;20032;BASES PU
268;SKYMIX PU VERMELHO OXIDO 0,900ML 315;610PU31501B4;57;SKY;521;SKYLACK TINTAS E VERNIZES LTDA;20032;BASES PU
269;SKYMIX PU VERMELHO RUBI 0,900ML 331;610PU33101B4;57;SKY;521;SKYLACK TINTAS E VERNIZES LTDA;20032;BASES PU
235;SKYMIX PU VERMELHO VIVO 0,900ML 339-21,94-ST;610PU33901B;57;SKY;521;SKYLACK TINTAS E VERNIZES LTDA;20032;BASES PU
264;SKYMIX PU VIOLETA 0,900ML 325;610PU32501B4;57;SKY;521;SKYLACK TINTAS E VERNIZES LTDA;20032;BASES PU
236;SKYMIX PU VIOLETA AVERMELHADO 0,900ML 332;610PU33201B4;57;SKY;521;SKYLACK TINTAS E VERNIZES LTDA;999999;GRUPO CONVERSAO
211;SKYMIX PU340 BRANCO PURO 3,600ML;610PU34001B5;57;SKY;521;SKYLACK TINTAS E VERNIZES LTDA;20032;BASES PU
210;SKYMIX PU399 ADITIVO BASE 3,600ML;610PU3990114;57;SKY;521;SKYLACK TINTAS E VERNIZES LTDA;20032;BASES PU
158;SKYMIX SECANTE P/ ESMALTE SINTETICO 900ML SKY;410ES460133;57;SKY;521;SKYLACK TINTAS E VERNIZES LTDA;20044;BASES SINTETICO
159;SKYMIX SINTETICO ADITIVO BASE 3,600ML-21,94-ST;410ES4990114;57;SKY;521;SKYLACK TINTAS E VERNIZES LTDA;20031;BASES POLIÉSTER
156;SKYMIX SINTETICO AMARELO MEDIO 0,900ML-21,94-ST;410ES40801B4;57;SKY;521;SKYLACK TINTAS E VERNIZES LTDA;20044;BASES SINTETICO
137;SKYMIX SINTETICO AMARELO OURO 3,600ML-21,94-ST;410ES4090114;57;SKY;521;SKYLACK TINTAS E VERNIZES LTDA;20044;BASES SINTETICO
141;SKYMIX SINTETICO AMARELO OXIDO 3,600ML-21,94-ST;410ES4160114;57;SKY;521;SKYLACK TINTAS E VERNIZES LTDA;20044;BASES SINTETICO
153;SKYMIX SINTETICO AZUL ESCURO 0,900ML SKY-21,94-ST;410ES40601B4;57;SKY;521;SKYLACK TINTAS E VERNIZES LTDA;20044;BASES SINTETICO
140;SKYMIX SINTETICO AZUL ESVERDEADO 3,600ML-21,94-ST;410ES4050114;57;SKY;521;SKYLACK TINTAS E VERNIZES LTDA;20044;BASES SINTETICO
136;SKYMIX SINTETICO BRANCO PURO 3,600ML-21,94-ST;410ES4400114;57;SKY;521;SKYLACK TINTAS E VERNIZES LTDA;20044;BASES SINTETICO
161;SKYMIX SINTETICO LARANJA 3,600ML-21,94-ST;410ES4120114;57;SKY;521;SKYLACK TINTAS E VERNIZES LTDA;20044;BASES SINTETICO
163;SKYMIX SINTETICO PRETO 0,900ML-21,94-ST;410ES41801B4;57;SKY;521;SKYLACK TINTAS E VERNIZES LTDA;20044;BASES SINTETICO
145;SKYMIX SINTETICO VERDE 0,900ML-21,94-ST;410ES40701B4;57;SKY;521;SKYLACK TINTAS E VERNIZES LTDA;20044;BASES SINTETICO
147;SKYMIX SINTETICO VERMELHO 0,900ML-21,94-ST;410ES42901B4;57;SKY;521;SKYLACK TINTAS E VERNIZES LTDA;20044;BASES SINTETICO
154;SKYMIX SINTETICO VERMELHO ESCURO 0,900ML-21,94-ST;410ES43801B4;57;SKY;521;SKYLACK TINTAS E VERNIZES LTDA;20044;BASES SINTETICO
152;SKYMIX SINTETICO VERMELHO OXIDO 0,900ML SKY-21,94-ST;410ES41501B4;57;SKY;521;SKYLACK TINTAS E VERNIZES LTDA;20044;BASES SINTETICO
142;SKYMIX SINTETICO VIOLETA 0,900ML-21,94-ST;410ES42501B4;57;SKY;521;SKYLACK TINTAS E VERNIZES LTDA;20044;BASES SINTETICO
86141;SL CETOL AC CANELA 3,6L;5203155;800075;SPARLACK CETOL;34;AKZO NOBEL LTDA;50001;LINHA MOVELEIRA
86142;SL CETOL AC CANELA 900ML;5203156;800075;SPARLACK CETOL;34;AKZO NOBEL LTDA;50001;LINHA MOVELEIRA
86143;SL CETOL AC CEDRO 3,6L;5203157;800075;SPARLACK CETOL;34;AKZO NOBEL LTDA;50001;LINHA MOVELEIRA
86144;SL CETOL AC CEDRO 900ML;5203158;800075;SPARLACK CETOL;34;AKZO NOBEL LTDA;50001;LINHA MOVELEIRA
86580;SL CETOL BALANCE AC CANELA 3,6L;5538545;800075;SPARLACK CETOL;34;AKZO NOBEL LTDA;50001;LINHA MOVELEIRA
86581;SL CETOL BALANCE AC CANELA 900ML;5538546;800075;SPARLACK CETOL;34;AKZO NOBEL LTDA;50001;LINHA MOVELEIRA
86579;SL CETOL BALANCE BR CANELA 3,6L;5538542;800075;SPARLACK CETOL;34;AKZO NOBEL LTDA;50001;LINHA MOVELEIRA
86583;SL CETOL BALANCE BR CANELA 900ML;5538550;800075;SPARLACK CETOL;34;AKZO NOBEL LTDA;50001;LINHA MOVELEIRA
86131;SL CETOL BR CANELA 3,6L;5203145;800075;SPARLACK CETOL;34;AKZO NOBEL LTDA;50001;LINHA MOVELEIRA
86132;SL CETOL BR CANELA 900ML;5203146;800075;SPARLACK CETOL;34;AKZO NOBEL LTDA;50001;LINHA MOVELEIRA
86133;SL CETOL BR CEDRO 3,6L;5203147;800075;SPARLACK CETOL;34;AKZO NOBEL LTDA;50001;LINHA MOVELEIRA
86134;SL CETOL BR CEDRO 900ML;5203148;800075;SPARLACK CETOL;34;AKZO NOBEL LTDA;50001;LINHA MOVELEIRA
86135;SL CETOL BR IMBUIA 3,6L;5203149;800075;SPARLACK CETOL;34;AKZO NOBEL LTDA;50001;LINHA MOVELEIRA
86136;SL CETOL BR IMBUIA 900ML;5203150;800075;SPARLACK CETOL;34;AKZO NOBEL LTDA;50001;LINHA MOVELEIRA
86139;SL CETOL BR IPE 3,6L;5203153;800075;SPARLACK CETOL;34;AKZO NOBEL LTDA;50001;LINHA MOVELEIRA
86140;SL CETOL BR IPE 900ML;5203154;800075;SPARLACK CETOL;34;AKZO NOBEL LTDA;50001;LINHA MOVELEIRA
86137;SL CETOL BR MOGNO 3,6L;5203151;800075;SPARLACK CETOL;34;AKZO NOBEL LTDA;50001;LINHA MOVELEIRA
86138;SL CETOL BR MOGNO 900ML;5203152;800075;SPARLACK CETOL;34;AKZO NOBEL LTDA;50001;LINHA MOVELEIRA
86103;SL CETOL DECK ANTIDE SB NATURAL 3,6L;5203086;800075;SPARLACK CETOL;34;AKZO NOBEL LTDA;50001;LINHA MOVELEIRA
86106;SL CETOL DECK SB NATURAL 3,6L;5203095;800075;SPARLACK CETOL;534;AKZO NOBEL LTDA;50001;LINHA MOVELEIRA
86264;SL COPAL BALANCE BR INCOLOR 225ML;5280610;800075;SPARLACK CETOL;34;AKZO NOBEL LTDA;50001;LINHA MOVELEIRA
86262;SL COPAL BALANCE BR INCOLOR 3,6L;5280589;800075;SPARLACK CETOL;34;AKZO NOBEL LTDA;50001;LINHA MOVELEIRA
86263;SL COPAL BALANCE BR INCOLOR 900ML;5280590;800075;SPARLACK CETOL;34;AKZO NOBEL LTDA;50001;LINHA MOVELEIRA
86104;SL FUNDO ISOLANTE TRANSPARENTE 3,6L;5203093;800075;SPARLACK CETOL;34;AKZO NOBEL LTDA;50001;LINHA MOVELEIRA
86105;SL FUNDO ISOLANTE TRANSPARENTE 900ML;5203094;800075;SPARLACK CETOL;34;AKZO NOBEL LTDA;50001;LINHA MOVELEIRA
86098;SL NEUTREX BR CASTANHO AVERMELHADO 3,6L;5203070;800075;SPARLACK CETOL;34;AKZO NOBEL LTDA;50001;LINHA MOVELEIRA
86099;SL NEUTREX BR CASTANHO AVERMELHADO 900ML;5203071;800075;SPARLACK CETOL;34;AKZO NOBEL LTDA;50001;LINHA MOVELEIRA
86096;SL NEUTREX BR IMBUIA 3,6L;5203068;800075;SPARLACK CETOL;34;AKZO NOBEL LTDA;50001;LINHA MOVELEIRA
86097;SL NEUTREX BR IMBUIA 900ML;5203069;800075;SPARLACK CETOL;34;AKZO NOBEL LTDA;50001;LINHA MOVELEIRA
86100;SL NEUTREX BR MOGNO 3,6L;5203075;800075;SPARLACK CETOL;34;AKZO NOBEL LTDA;50001;LINHA MOVELEIRA
86101;SL NEUTREX BR MOGNO 900ML;5203076;800075;SPARLACK CETOL;34;AKZO NOBEL LTDA;50001;LINHA MOVELEIRA
86102;SL PINTOFF 1L;5203079;800075;SPARLACK CETOL;34;AKZO NOBEL LTDA;50001;LINHA MOVELEIRA
86198;SL PINTOFF 5L;5233155;800075;SPARLACK CETOL;34;AKZO NOBEL LTDA;50001;LINHA MOVELEIRA
86129;SL SELADORA CONCENTRADA AC TRANSPARENTE 3,6L;5203143;800075;SPARLACK CETOL;34;AKZO NOBEL LTDA;50001;LINHA MOVELEIRA
86130;SL SELADORA CONCENTRADA AC TRANSPARENTE 900ML;5203144;800075;SPARLACK CETOL;534;AKZO NOBEL LTDA;50001;LINHA MOVELEIRA
86127;SL SOLGARD TFS AC MOGNO 3,6L;5203139;800075;SPARLACK CETOL;34;AKZO NOBEL LTDA;50001;LINHA MOVELEIRA
86128;SL SOLGARD TFS AC MOGNO 900ML;5203140;800075;SPARLACK CETOL;34;AKZO NOBEL LTDA;50001;LINHA MOVELEIRA
86110;SL SOLGARD TFS AC NATURAL 3,6L;5203099;800075;SPARLACK CETOL;34;AKZO NOBEL LTDA;50001;LINHA MOVELEIRA
86111;SL SOLGARD TFS AC NATURAL 900ML;5203100;800075;SPARLACK CETOL;34;AKZO NOBEL LTDA;50001;LINHA MOVELEIRA
86125;SL SOLGARD TFS BR MOGNO 3,6L;5203135;800075;SPARLACK CETOL;34;AKZO NOBEL LTDA;50001;LINHA MOVELEIRA
86126;SL SOLGARD TFS BR MOGNO 900ML;5203136;800075;SPARLACK CETOL;34;AKZO NOBEL LTDA;50001;LINHA MOVELEIRA
86108;SL SOLGARD TFS BR NATURAL 3,6L;5203097;800075;SPARLACK CETOL;34;AKZO NOBEL LTDA;50001;LINHA MOVELEIRA
86109;SL SOLGARD TFS BR NATURAL 900ML;5203098;800075;SPARLACK CETOL;34;AKZO NOBEL LTDA;50001;LINHA MOVELEIRA
86577;SL STAIN AC UV GLASS 3,6L;5511386;800075;SPARLACK CETOL;34;AKZO NOBEL LTDA;50001;LINHA MOVELEIRA
86578;SL STAIN AC UV GLASS 900ML;5511387;800075;SPARLACK CETOL;34;AKZO NOBEL LTDA;50001;LINHA MOVELEIRA
86154;SL STAIN BALAN AC NATURAL 900ML;5203170;800075;SPARLACK CETOL;34;AKZO NOBEL LTDA;50001;LINHA MOVELEIRA
86155;SL STAIN BALANCE AC IMBUIA 3,6L;5203173;800075;SPARLACK CETOL;34;AKZO NOBEL LTDA;50001;LINHA MOVELEIRA
86156;SL STAIN BALANCE AC MOGNO 3,6L;5203175;800075;SPARLACK CETOL;34;AKZO NOBEL LTDA;50001;LINHA MOVELEIRA
86153;SL STAIN BALANCE AC NATURAL 3,6L;5203169;800075;SPARLACK CETOL;34;AKZO NOBEL LTDA;50001;LINHA MOVELEIRA
86611;SL STAIN BALANCE AC NATURAL LATA 16L;5723206;800075;SPARLACK CETOL;34;AKZO NOBEL LTDA;50001;LINHA MOVELEIRA
86576;SL STAIN BALANCE AC UV GLASS 3,6L;5511385;800075;SPARLACK CETOL;34;AKZO NOBEL LTDA;50001;LINHA MOVELEIRA
86582;SL STAIN BALANCE AC UV GLASS 900ML;5538548;800075;SPARLACK CETOL;34;AKZO NOBEL LTDA;50001;LINHA MOVELEIRA
24268;SNOW FOAM FAST PET TRANSPARENTE 1L VONIXX;2050894;10;VONIXX;425;VONIXX INDUSTRIA E COMERCIO DE POLIDORES LTDA;20011;LINHA DE HIGENIZAÇÃO E ESTÉTICA  AUTOMOTIVA VONIX
23885;SODA ESCAMA START;54533;51;START;452;LIMA & PERGHER INDUSTRIAL E COMERCIO;999999;GRUPO CONVERSAO
10296;SOLUCAO DESENGRAXANTE 900ML ANJO;001575-23;2;ANJO;382;ANJO QUIMICA DO BRASIL LTDA;20052;DESENGRAXANTE
86961;SOPRADOR TERMICO 1500W/127V AT1791/1 ATLAS;AT1791/1;35;ATLAS;8;PINCEIS ATLAS S.A.;20028;APLICADORES / ADAPTADORES / ENGATES / SUPORTES
85514;SOPRADOR TERMICO 2000W/220V AT1791/2 ATLAS;AT1791/2;35;ATLAS;80000522;ATLAS S.A.;20028;APLICADORES / ADAPTADORES / ENGATES / SUPORTES
23637;SOPRADOR TERMICO STV200 220V VONDER;2937;41;VONDER;11000389;CARVIC COM VER DE PROD E EQ P/ REP AUTO LTDA;20028;APLICADORES / ADAPTADORES / ENGATES / SUPORTES
84397;SOULT FAST LIMPADOR DE BOINAS 500ML VONIXX;2011097;10;VONIXX;425;VONIXX INDUSTRIA E COMERCIO DE POLIDORES LTDA;20011;LINHA DE HIGENIZAÇÃO E ESTÉTICA  AUTOMOTIVA VONIX
22030;SPECTRAPRIME-PRIMER HS 2K CINZA 3,600ML LAZZURIL;04.6600H38-177;3;SHERWIN WILLIAMS;35;SHERWIN - WILLIAMS DO BRASIL IND. E COM. LTDA;20035;PRIMER AUTOMOTIVO
23739;SPRAY AIR FRESH ACQUA MARINE 75ML PEROLA;212909;47;PEROLA;475;INDUSTRIA E COMERCIO DE POLIDORES PEROLA LTDA;20006;CERA  / LIMPEZA /  POLIMENTO VEICULAR
23741;SPRAY AIR FRESH CARRO NOVO 75ML PEROLA;212913;47;PEROLA;475;INDUSTRIA E COMERCIO DE POLIDORES PEROLA LTDA;20006;CERA  / LIMPEZA /  POLIMENTO VEICULAR
23740;SPRAY AIR FRESH CITRUS 75ML PEROLA;212908;47;PEROLA;475;INDUSTRIA E COMERCIO DE POLIDORES PEROLA LTDA;20006;CERA  / LIMPEZA /  POLIMENTO VEICULAR
84468;SPRAY BRANCO BRILHANTE USO GERAL 350ML;23021006900;71;TEK BOND;570;SAINT GOBAIN;20021;SPRAYS 
21752;SPRAY COLOR ALUMINIO ALTA TEMPERATURA TUBO 300ML;50.00.05900-243;3;SHERWIN WILLIAMS;35;SHERWIN - WILLIAMS DO BRASIL IND. E COM. LTDA;20021;SPRAYS 
20474;SPRAY COLOR ALUMINIO PARA RODAS 300ML LAZZURIL;51.20.00908-243;3;SHERWIN WILLIAMS;35;SHERWIN - WILLIAMS DO BRASIL IND. E COM. LTDA;20021;SPRAYS 
23677;SPRAY COLOR AMARELO FLUORESCENTE 300ML LAZZURIL;51.00.09509-243;3;SHERWIN WILLIAMS;35;SHERWIN - WILLIAMS DO BRASIL IND. E COM. LTDA;20021;SPRAYS 
87084;SPRAY COLOR AMARELO SEGURANÇA 300ML LAZZURIL;51.00.84662-626;3;SHERWIN WILLIAMS;35;SHERWIN - WILLIAMS DO BRASIL IND. E COM. LTDA;20021;SPRAYS 
21968;SPRAY COLOR BRANCO ACABAMENTO 300ML LAZZURIL;51.00.00906-243;3;SHERWIN WILLIAMS;35;SHERWIN - WILLIAMS DO BRASIL IND. E COM. LTDA;20021;SPRAYS 
23678;SPRAY COLOR BRANCO FOSCO 300ML LAZZURIL;51.10.08090-243;3;SHERWIN WILLIAMS;35;SHERWIN - WILLIAMS DO BRASIL IND. E COM. LTDA;20021;SPRAYS 
85593;SPRAY COLOR BUMPER CROSS PRETO/NEGRO 300ML LAZZURIL;50.30.00026-626;3;SHERWIN WILLIAMS;35;SHERWIN - WILLIAMS DO BRASIL IND. E COM. LTDA;20021;SPRAYS 
87081;SPRAY COLOR CINZA CHASSIS 300ML LAZZURIL;51.00.00601-626;3;SHERWIN WILLIAMS;35;SHERWIN - WILLIAMS DO BRASIL IND. E COM. LTDA;20021;SPRAYS 
21953;SPRAY COLOR CINZA PLACA 300ML LAZZURIL;51.00.80470-243;3;SHERWIN WILLIAMS;35;SHERWIN - WILLIAMS DO BRASIL IND. E COM. LTDA;20021;SPRAYS 
23679;SPRAY COLOR CROMADO TRADICIONAL 300ML LAZZURIL;51.20.06126-243;3;SHERWIN WILLIAMS;35;SHERWIN - WILLIAMS DO BRASIL IND. E COM. LTDA;20021;SPRAYS 
24412;SPRAY COLOR EFEITO CROMADO 400ML LAZZURIL;51.20.00692-499;3;SHERWIN WILLIAMS;35;SHERWIN - WILLIAMS DO BRASIL IND. E COM. LTDA;20021;SPRAYS 
21753;SPRAY COLOR GRAFITE METALICO P/ RODAS 300ML LAZZURIL;51.20.00929-243;3;SHERWIN WILLIAMS;35;SHERWIN - WILLIAMS DO BRASIL IND. E COM. LTDA;20021;SPRAYS 
23680;SPRAY COLOR OURO METALIZADO 300ML LAZZURIL;51.20.06121-243;3;SHERWIN WILLIAMS;35;SHERWIN - WILLIAMS DO BRASIL IND. E COM. LTDA;20021;SPRAYS 
23395;SPRAY COLOR OURO VILA RICA METATICO 300ML LAZZURIL;51.20.06226-243;3;SHERWIN WILLIAMS;35;SHERWIN - WILLIAMS DO BRASIL IND. E COM. LTDA;20021;SPRAYS 
87083;SPRAY COLOR PRATA BARI V MET. 300ML LAZZURIL;51.20.14153-626;3;SHERWIN WILLIAMS;35;SHERWIN - WILLIAMS DO BRASIL IND. E COM. LTDA;20021;SPRAYS 
21754;SPRAY COLOR PRATA LUNAR 300ML LAZZURIL;51.20.01542-243;3;SHERWIN WILLIAMS;35;SHERWIN - WILLIAMS DO BRASIL IND. E COM. LTDA;20021;SPRAYS 
21756;SPRAY COLOR PRETO ALTA TEMPERATURA 300ML LAZZURIL;50.00.05950-243;3;SHERWIN WILLIAMS;35;SHERWIN - WILLIAMS DO BRASIL IND. E COM. LTDA;20021;SPRAYS 
21755;SPRAY COLOR PRETO FOSCO 300ML LAZZURIL;51.10.00910-243;3;SHERWIN WILLIAMS;35;SHERWIN - WILLIAMS DO BRASIL IND. E COM. LTDA;20021;SPRAYS 
21757;SPRAY COLOR PRETO RAPIDO 300ML LAZZURIL;51.00.00903-243;3;SHERWIN WILLIAMS;35;SHERWIN - WILLIAMS DO BRASIL IND. E COM. LTDA;20021;SPRAYS 
21434;SPRAY COLOR PRIMER UNIVERSAL 300ML LAZZURIL;50.30.00018-243;3;SHERWIN WILLIAMS;35;SHERWIN - WILLIAMS DO BRASIL IND. E COM. LTDA;20021;SPRAYS 
23761;SPRAY COLOR ROSA MARY 300ML LAZZURIL;51.00.00960-626;3;SHERWIN WILLIAMS;35;SHERWIN - WILLIAMS DO BRASIL IND. E COM. LTDA;20021;SPRAYS 
24333;SPRAY COLOR SELADORA PARA PLASTICO 400ML LAZZURIL;50.00.00081-700;3;SHERWIN WILLIAMS;35;SHERWIN - WILLIAMS DO BRASIL IND. E COM. LTDA;20021;SPRAYS 
87082;SPRAY COLOR SUB GRAY FOSCO 300ML LAZZURIL;51.10.00618-626;3;SHERWIN WILLIAMS;35;SHERWIN - WILLIAMS DO BRASIL IND. E COM. LTDA;20021;SPRAYS 
87086;SPRAY COLOR VERDE SEGURANÇA 10GY6/6 300ML LAZZURIL;51.00.85250-626;3;SHERWIN WILLIAMS;35;SHERWIN - WILLIAMS DO BRASIL IND. E COM. LTDA;20021;SPRAYS 
87085;SPRAY COLOR VERMELHO CASE 300ML LAZZURIL;51.00.84849-626;3;SHERWIN WILLIAMS;35;SHERWIN - WILLIAMS DO BRASIL IND. E COM. LTDA;20021;SPRAYS 
21969;SPRAY COLOR VERMELHO ROYAL 300ML LAZZURIL;51.00.01118-243;3;SHERWIN WILLIAMS;35;SHERWIN - WILLIAMS DO BRASIL IND. E COM. LTDA;20021;SPRAYS 
21758;SPRAY COLOR VERNIZ RAPIDO 300ML LAZZURIL;50.50.07502-243;3;SHERWIN WILLIAMS;35;SHERWIN - WILLIAMS DO BRASIL IND. E COM. LTDA;20021;SPRAYS 
85591;SPRAY COLOR WASH PRIMER LF 400ML LAZZURIL;50.00.LF045-700;3;SHERWIN WILLIAMS;35;SHERWIN - WILLIAMS DO BRASIL IND. E COM. LTDA;20021;SPRAYS 
84470;SPRAY GELO USO GERAL 350ML;23111006900;71;TEK BOND;570;SAINT GOBAIN;20021;SPRAYS 
41;SPRAY GRAFITE SECO 200ML TEK BOND;21560001591;71;TEK BOND;570;SAINT GOBAIN;20021;SPRAYS 
247;SPRAY GRAFITE SECO ORBI 300ML;4802;68;ORBI;558;ORBI QUIMICA S/A;20021;SPRAYS 
84471;SPRAY GRAFITE USO GERAL 350ML;23121006900;71;TEK BOND;570;SAINT GOBAIN;20021;SPRAYS 
85592;SPRAY PRETO FOSCO VINILICO MONO LF 300ML LAZZURIL;50.00.LF049-700;3;SHERWIN WILLIAMS;35;SHERWIN - WILLIAMS DO BRASIL IND. E COM. LTDA;20021;SPRAYS 
84472;SPRAY ROSA USO GERAL 350ML;23141006900;71;TEK BOND;570;SAINT GOBAIN;20021;SPRAYS 
9989;SPRAY SPOTPRIMER CINZA 400ML SIKKENS-25,63-ST;530708;8;SIKKENS;34;AKZO NOBEL LTDA;20035;PRIMER AUTOMOTIVO
20228;SPRAY USO GERAL DECOR ALUMNIO 500 BRILHANTE 360ML COLORGIN;8581;800101;COLORGIN;11000452;SHERWIN-WILLIAMS DO BRASIL INDÚSTRIA E COMÉRCIO LTDA.;20021;SPRAYS 
87064;SPRAY USO GERAL DECOR AMARELO BRILHANTE 360ML COLORGIN;8591;800101;COLORGIN;11000452;SHERWIN-WILLIAMS DO BRASIL INDÚSTRIA E COMÉRCIO LTDA.;20021;SPRAYS 
87065;SPRAY USO GERAL DECOR AMENDOA BRILHANTE 360ML COLORGIN;8811;800101;COLORGIN;11000452;SHERWIN-WILLIAMS DO BRASIL INDÚSTRIA E COMÉRCIO LTDA.;20021;SPRAYS 
87066;SPRAY USO GERAL DECOR AZUL ANGRA METALICO 360ML COLORGIN;8601;800101;COLORGIN;11000452;SHERWIN-WILLIAMS DO BRASIL INDÚSTRIA E COMÉRCIO LTDA.;20021;SPRAYS 
87067;SPRAY USO GERAL DECOR AZUL CEU BRILHANTE 360ML COLORGIN;8631;800101;COLORGIN;11000452;SHERWIN-WILLIAMS DO BRASIL INDÚSTRIA E COMÉRCIO LTDA.;20021;SPRAYS 
87068;SPRAY USO GERAL DECOR AZUL COLONIAL BRILHANTE 360ML COLORGIN;8611;800101;COLORGIN;11000452;SHERWIN-WILLIAMS DO BRASIL INDÚSTRIA E COMÉRCIO LTDA.;20021;SPRAYS 
87069;SPRAY USO GERAL DECOR AZUL MEDIO BRILHANTE 360ML COLORGIN;8621;800101;COLORGIN;11000452;SHERWIN-WILLIAMS DO BRASIL INDÚSTRIA E COMÉRCIO LTDA.;20021;SPRAYS 
10144;SPRAY USO GERAL DECOR BRANCO BRILHANTE 360ML COLORGIN;8641;800101;COLORGIN;11000452;SHERWIN-WILLIAMS DO BRASIL INDÚSTRIA E COMÉRCIO LTDA.;20021;SPRAYS 
87063;SPRAY USO GERAL DECOR BRANCO FOSCO 360ML COLORGIN;8841;800101;COLORGIN;11000452;SHERWIN-WILLIAMS DO BRASIL INDÚSTRIA E COMÉRCIO LTDA.;20021;SPRAYS 
10145;SPRAY USO GERAL DECOR CINZA BRILHANTE 360ML COLORGIN;8651;800101;COLORGIN;11000452;SHERWIN-WILLIAMS DO BRASIL INDÚSTRIA E COMÉRCIO LTDA.;20021;SPRAYS 
87070;SPRAY USO GERAL DECOR GRAFITE METALICO 360ML COLORGIN;8661;800101;COLORGIN;11000452;SHERWIN-WILLIAMS DO BRASIL INDÚSTRIA E COMÉRCIO LTDA.;20021;SPRAYS 
87071;SPRAY USO GERAL DECOR LARANJA BRILHANTE 360ML COLORGIN;8831;800101;COLORGIN;11000452;SHERWIN-WILLIAMS DO BRASIL INDÚSTRIA E COMÉRCIO LTDA.;20021;SPRAYS 
87072;SPRAY USO GERAL DECOR MARROM BARROCO BRILHANTE 360ML COLORGIN;8671;800101;COLORGIN;11000452;SHERWIN-WILLIAMS DO BRASIL INDÚSTRIA E COMÉRCIO LTDA.;20021;SPRAYS 
87073;SPRAY USO GERAL DECOR MARROM CAFE BRILHANTE 360ML COLORGIN;8821;800101;COLORGIN;11000452;SHERWIN-WILLIAMS DO BRASIL INDÚSTRIA E COMÉRCIO LTDA.;20021;SPRAYS 
10150;SPRAY USO GERAL DECOR PRETO BRILHANTE 360ML COLORGIN;8701;800101;COLORGIN;11000452;SHERWIN-WILLIAMS DO BRASIL INDÚSTRIA E COMÉRCIO LTDA.;20021;SPRAYS 
10151;SPRAY USO GERAL DECOR PRETO FOSCO 360ML COLORGIN;8711;800101;COLORGIN;11000452;SHERWIN-WILLIAMS DO BRASIL INDÚSTRIA E COMÉRCIO LTDA.;20021;SPRAYS 
21417;SPRAY USO GERAL DECOR PRIMER CINZA FOSCO 360ML COLORGIN;8721;800101;COLORGIN;11000452;SHERWIN-WILLIAMS DO BRASIL INDÚSTRIA E COMÉRCIO LTDA.;20021;SPRAYS 
87075;SPRAY USO GERAL DECOR VERDE AMAZONAS METALICO 360ML COLORGIN;8741;800101;COLORGIN;11000452;SHERWIN-WILLIAMS DO BRASIL INDÚSTRIA E COMÉRCIO LTDA.;20021;SPRAYS 
87074;SPRAY USO GERAL DECOR VERDE BRILHANTE 360ML COLORGIN;8731;800101;COLORGIN;11000452;SHERWIN-WILLIAMS DO BRASIL INDÚSTRIA E COMÉRCIO LTDA.;20021;SPRAYS 
87076;SPRAY USO GERAL DECOR VERDE FOLHA BRILHANTE 360ML COLORGIN;8751;800101;COLORGIN;11000452;SHERWIN-WILLIAMS DO BRASIL INDÚSTRIA E COMÉRCIO LTDA.;20021;SPRAYS 
87077;SPRAY USO GERAL DECOR VERMELHO BRILHANTE 360ML COLORGIN;8761;800101;COLORGIN;11000452;SHERWIN-WILLIAMS DO BRASIL INDÚSTRIA E COMÉRCIO LTDA.;20021;SPRAYS 
87078;SPRAY USO GERAL DECOR VERMELHO METALICO 360ML COLORGIN;8771;800101;COLORGIN;11000452;SHERWIN-WILLIAMS DO BRASIL INDÚSTRIA E COMÉRCIO LTDA.;20021;SPRAYS 
10153;SPRAY USO GERAL DECOR VERNIZ BRILHANTE 360ML COLORGIN;8791;800101;COLORGIN;11000452;SHERWIN-WILLIAMS DO BRASIL INDÚSTRIA E COMÉRCIO LTDA.;20021;SPRAYS 
23870;SSD KINGSTON A400 120GB SATA;85196;999999;.;267;PAR TECNOLOGIA E SERVICOS DE INFORMATICA LTDA EPP;999999;GRUPO CONVERSAO
86121;STAIN ACETINADO IMBUIA 3,6L;5203115;800075;SPARLACK CETOL;534;AKZO NOBEL LTDA;50001;LINHA MOVELEIRA
86662;STAIN ACETINADO IMBUIA LATA 18L;5764558;800075;SPARLACK CETOL;34;AKZO NOBEL LTDA;50001;LINHA MOVELEIRA
86122;STAIN ACETINADO MOGNO 3,6L;5203118;800075;SPARLACK CETOL;534;AKZO NOBEL LTDA;50001;LINHA MOVELEIRA
86118;STAIN ACETINADO NATURAL 3,6L;5203109;800075;SPARLACK CETOL;534;AKZO NOBEL LTDA;50001;LINHA MOVELEIRA
86119;STAIN ACETINADO NATURAL 900ML;5203110;800075;SPARLACK CETOL;34;AKZO NOBEL LTDA;50001;LINHA MOVELEIRA
86120;STAIN ACETINADO NATURAL LATA 18L;5203111;800075;SPARLACK CETOL;34;AKZO NOBEL LTDA;50001;LINHA MOVELEIRA
86753;STAIN BELEZA NATURAL 3,6L;5859460;800075;SPARLACK CETOL;34;AKZO NOBEL LTDA;50001;LINHA MOVELEIRA
86752;STAIN BELEZA NATURAL 900ML;5859458;800075;SPARLACK CETOL;34;AKZO NOBEL LTDA;50001;LINHA MOVELEIRA
87031;STAIN PROTETOR PARA MADEIRA FUNGOFF IMBUIA 3,6 LT BRASILUX;FG 614603602;67;BRASILUX;556;BRASILUX TINTAS TECNICAS LTDA;50001;LINHA MOVELEIRA
87345;STAIN PROTETOR PARA MADEIRA FUNGOFF IMBUIA 900ML BRASILUX;FG 614603601;67;BRASILUX;556;BRASILUX TINTAS TECNICAS LTDA;50001;LINHA MOVELEIRA
87030;STAIN PROTETOR PARA MADEIRA FUNGOFF NATURAL 3,6 LT BRASILUX;FG 610030902;67;BRASILUX;556;BRASILUX TINTAS TECNICAS LTDA;50001;LINHA MOVELEIRA
87344;STAIN PROTETOR PARA MADEIRA FUNGOFF NATURAL 900ML BRASILUX;FG 610030901;67;BRASILUX;556;BRASILUX TINTAS TECNICAS LTDA;50001;LINHA MOVELEIRA
23186;STANDOBLUE AJUSTE DE VISCOSIDADE AXALTA 3,5L-24,45-ST;T00292000/1S;5;AXALTA;384;Axalta Coating Systems Brasil Ltda;20031;BASES POLIÉSTER
23215;STANDOBLUE MIX 101 PEROLA BRANCA ACETI AXALTA;T01018142/4C;5;AXALTA;384;Axalta Coating Systems Brasil Ltda;20031;BASES POLIÉSTER
23204;STANDOBLUE MIX 105 PEROLA AZUL ACETINA AXALA;T01058442/4A;5;AXALTA;384;Axalta Coating Systems Brasil Ltda;20031;BASES POLIÉSTER
23216;STANDOBLUE MIX 110 EFEITO BRANCO AXALTA-24,45-ST;T01108142/4C;5;AXALTA;384;Axalta Coating Systems Brasil Ltda;20031;BASES POLIÉSTER
23217;STANDOBLUE MIX 111 PEROLA BRANCA AXALTA-24,45-ST;T01118143/4C;5;AXALTA;384;Axalta Coating Systems Brasil Ltda;20031;BASES POLIÉSTER
23238;STANDOBLUE MIX 113 PEROLA AMARELA AXALTA-24,45-ST;T01138242/4C;5;AXALTA;384;Axalta Coating Systems Brasil Ltda;20031;BASES POLIÉSTER
23221;STANDOBLUE MIX 118 PEROLA VIOLETA AXALTA;T01188441/4C;5;AXALTA;384;Axalta Coating Systems Brasil Ltda;20031;BASES POLIÉSTER
23222;STANDOBLUE MIX 119 PEROLA AZUL FINA AXALTA;T01198442/4C;5;AXALTA;384;Axalta Coating Systems Brasil Ltda;20031;BASES POLIÉSTER
23223;STANDOBLUE MIX 120 PEROLA AZUL GRAUDA AXALTA-24,45-ST;T01208442/4C;5;AXALTA;384;Axalta Coating Systems Brasil Ltda;20031;BASES POLIÉSTER
23226;STANDOBLUE MIX 130 SILK SILVER AXALTA;T01308842/4C;5;AXALTA;384;Axalta Coating Systems Brasil Ltda;20031;BASES POLIÉSTER
23191;STANDOBLUE MIX 131 ALUMINIO EXTRA FINO AXALTA;T01318842/40;5;AXALTA;384;Axalta Coating Systems Brasil Ltda;20031;BASES POLIÉSTER
23237;STANDOBLUE MIX 132 ALUMINIO FINO AXALTA-24,45-ST;T01328842/40;5;AXALTA;384;Axalta Coating Systems Brasil Ltda;20031;BASES POLIÉSTER
23193;STANDOBLUE MIX 133 ALUMINIO AXALTA-24,45-ST;T01338842/40;5;AXALTA;384;Axalta Coating Systems Brasil Ltda;20031;BASES POLIÉSTER
23194;STANDOBLUE MIX 134 ALUMINIO GRAUDO AXALTA;T01348842/40;5;AXALTA;384;Axalta Coating Systems Brasil Ltda;20031;BASES POLIÉSTER
23187;STANDOBLUE MIX 135 ALUMINIO DOLAR FINO AXALTA-24,45-ST;T01358842/1S;5;AXALTA;384;Axalta Coating Systems Brasil Ltda;20031;BASES POLIÉSTER
23188;STANDOBLUE MIX 136 ALUMINIO DOLAR AXALTA-24,45-ST;T01368842/1S;5;AXALTA;384;Axalta Coating Systems Brasil Ltda;20031;BASES POLIÉSTER
23195;STANDOBLUE MIX 137 ALUMINIO EXTRA GRAUDO AXALTA-24,45-ST;T01378842/40;5;AXALTA;384;Axalta Coating Systems Brasil Ltda;20031;BASES POLIÉSTER
23197;STANDOBLUE MIX 140 SILVERDOLLAR BRIGHT F AXALTA;T01408842/40;5;AXALTA;384;Axalta Coating Systems Brasil Ltda;20031;BASES POLIÉSTER
23198;STANDOBLUE MIX 141 SILVERDOLLAR BRIGHT C AXALTA;T01418842/40;5;AXALTA;384;Axalta Coating Systems Brasil Ltda;20031;BASES POLIÉSTER
23199;STANDOBLUE MIX 148 PRETO INTENSO AXALTA-24,45-ST;T01488742/40;5;AXALTA;384;Axalta Coating Systems Brasil Ltda;20031;BASES POLIÉSTER
23239;STANDOBLUE MIX 151 BRANCO AXALTA-24,45-ST;T01518142/40;5;AXALTA;384;Axalta Coating Systems Brasil Ltda;20031;BASES POLIÉSTER
23189;STANDOBLUE MIX 152 PRETO AXALTA;T01528742/1S;5;AXALTA;384;Axalta Coating Systems Brasil Ltda;20031;BASES POLIÉSTER
23228;STANDOBLUE MIX 153 AMARELO DOURADO AXALTA;T01538242/4A;5;AXALTA;384;Axalta Coating Systems Brasil Ltda;20031;BASES POLIÉSTER
23236;STANDOBLUE MIX 156 OCRE AXALTA;T01568242/4C;5;AXALTA;384;Axalta Coating Systems Brasil Ltda;20031;BASES POLIÉSTER
23231;STANDOBLUE MIX 157 AMARELO BRILHANTE AXALTA;T01578241/4C;5;AXALTA;384;Axalta Coating Systems Brasil Ltda;20031;BASES POLIÉSTER
23234;STANDOBLUE MIX 161 VERMELHO OXIDO AXALTA;T01618642/4C;5;AXALTA;384;Axalta Coating Systems Brasil Ltda;20031;BASES POLIÉSTER
23159;STANDOBLUE MIX 164 MARROM BRILHANTE AXALTA;T01648642/4C;5;AXALTA;384;Axalta Coating Systems Brasil Ltda;20031;BASES POLIÉSTER
23160;STANDOBLUE MIX 165 VERMELHO BRILHANTE AXALTA;T01658342/4C;5;AXALTA;384;Axalta Coating Systems Brasil Ltda;20031;BASES POLIÉSTER
23161;STANDOBLUE MIX 166 VERMELHO AXALTA;T01668342/4C;5;AXALTA;384;Axalta Coating Systems Brasil Ltda;20031;BASES POLIÉSTER
23162;STANDOBLUE MIX 167 VERMELHO ESCURO AXALTA;T01678342/4C;5;AXALTA;384;Axalta Coating Systems Brasil Ltda;20031;BASES POLIÉSTER
23163;STANDOBLUE MIX 168 MAGENTA AXALTA-24,45-ST;T01688342/4C;5;AXALTA;384;Axalta Coating Systems Brasil Ltda;20031;BASES POLIÉSTER
23164;STANDOBLUE MIX 169 ROXO AXALTA-24,45-ST;T01698442/4C;5;AXALTA;384;Axalta Coating Systems Brasil Ltda;20031;BASES POLIÉSTER
23165;STANDOBLUE MIX 170 VIOLETA AXALTA;T01708442/4C;5;AXALTA;384;Axalta Coating Systems Brasil Ltda;20031;BASES POLIÉSTER
23166;STANDOBLUE MIX 171 AZUL OCEANO AXALTA;T01718442/4C;5;AXALTA;384;Axalta Coating Systems Brasil Ltda;20031;BASES POLIÉSTER
23167;STANDOBLUE MIX 172 AZUL AXALTA;T01728442/4C;5;AXALTA;384;Axalta Coating Systems Brasil Ltda;20031;BASES POLIÉSTER
23147;STANDOBLUE MIX 175 AZUL TURQUESA AXALTA;T01758442/40;5;AXALTA;384;Axalta Coating Systems Brasil Ltda;20031;BASES POLIÉSTER
23174;STANDOBLUE MIX 186 LARANJA BRILHANTE AXALTA;T01868342/4C;5;AXALTA;384;Axalta Coating Systems Brasil Ltda;20031;BASES POLIÉSTER
23149;STANDOBLUE MIX 188 SILVERDOLLAR ULTRA F AXALTA;T01888842/40;5;AXALTA;384;Axalta Coating Systems Brasil Ltda;20031;BASES POLIÉSTER
23175;STANDOBLUE MIX 189 VERMELHO CEREJA AXALTA;T01898342/4C;5;AXALTA;384;Axalta Coating Systems Brasil Ltda;20031;BASES POLIÉSTER
23143;STANDOBLUE MIX 190 ADITIVO ESPECIAL 3,5L AXALTA;T01909000/1S;5;AXALTA;384;Axalta Coating Systems Brasil Ltda;20031;BASES POLIÉSTER
23144;STANDOBLUE MIX 191 TRANSPARENTE AXALTA;T01919000/1S;5;AXALTA;384;Axalta Coating Systems Brasil Ltda;20031;BASES POLIÉSTER
23145;STANDOBLUE VISCOSITY ADJUSTER SLOW AXALTA-24,45-ST;T03012000/1S;5;AXALTA;384;Axalta Coating Systems Brasil Ltda;20031;BASES POLIÉSTER
23133;STANDOX VOC THINNER;T80012002/04;5;AXALTA;384;Axalta Coating Systems Brasil Ltda;20001;DILUENTE
83890;STEP1 PREPARA SUPERFICIE DIMENSION;DC0004;6;MAXI RUBBER;29;MAXI RUBBER INDUSTRIAS QUIMICAS LTDA;20006;CERA  / LIMPEZA /  POLIMENTO VEICULAR
84398;STRIKE 1,5L VONIXX;2018020;10;VONIXX;425;VONIXX INDUSTRIA E COMERCIO DE POLIDORES LTDA;20011;LINHA DE HIGENIZAÇÃO E ESTÉTICA  AUTOMOTIVA VONIX
24232;STRIKE 500ML SPRAY VONIXX;2018010;10;VONIXX;425;VONIXX INDUSTRIA E COMERCIO DE POLIDORES LTDA;20011;LINHA DE HIGENIZAÇÃO E ESTÉTICA  AUTOMOTIVA VONIX
87009;"SUPORTE DISCO HOOKIT 152MM 3/8"" PN20465 RIGIDO VERMELHO 3M";HC000660825;4;3M;36;3M DO BRASIL LTDA;20028;APLICADORES / ADAPTADORES / ENGATES / SUPORTES
20120;SUPORTE DISCO HOOKIT 152MM 5/16 PN20425 MACIO AMARELO 3M;HB004752018;4;3M;36;3M DO BRASIL LTDA;20028;APLICADORES / ADAPTADORES / ENGATES / SUPORTES
87010;"SUPORTE DISCO LIXA 4,5"" RÍGIDO M14 DEWALT";DABP4RRM14;800070;DEWALT;11000477;BLACK & DECKER DO BRASIL LTDA;20058;OUTRAS FERRAMENTAS / EQUIPAMENTOS
87011;"SUPORTE DISCO LIXA 4,5"" SEMI FLEXÍVEL M14 DEWALT";DABP4SFM14;800070;DEWALT;11000477;BLACK & DECKER DO BRASIL LTDA;20058;OUTRAS FERRAMENTAS / EQUIPAMENTOS
87013;"SUPORTE DISCO LIXA 4,5"" SEMI RÍGIDO M14 DEWALT";DABP4SRM14;800070;DEWALT;11000477;BLACK & DECKER DO BRASIL LTDA;20058;OUTRAS FERRAMENTAS / EQUIPAMENTOS
87012;"SUPORTE DISCO LIXA 7"" RÍGIDO M14 DEWALT";DABP7RRM14;800070;DEWALT;11000477;BLACK & DECKER DO BRASIL LTDA;20058;OUTRAS FERRAMENTAS / EQUIPAMENTOS
23710;"SUPORTE HOOKIT 6"" NEWPAD";B/BOINA 6;46;NEW PAD;473;NEWPAD PRODUTOS AUTOMOTIVOS LTDA;20028;APLICADORES / ADAPTADORES / ENGATES / SUPORTES
83816;"SUPORTE P/ BOINA DE ESPUMA 5"" 125MM AUTOAMERICA";503545045;17;AUTO AMERICA;30;AUTOAMERICA IMP.EXP. DE PROD. AUTO. LTDA;20010;BOINAS PARA POLIMENTO
85263;"SUPORTE P/ BOINA DE ESPUMA 6"" 150MM AUTOAMERICA";504545105;17;AUTO AMERICA;30;AUTOAMERICA IMP.EXP. DE PROD. AUTO. LTDA;20010;BOINAS PARA POLIMENTO
10376;"SUPORTE P/ BOINA DE ESPUMA 7"" SIGMA";;54;SIGMA;227;SIGMA TOOLS COM. MAQUINAS EQUIP. E ACE;20010;BOINAS PARA POLIMENTO
263;"SUPORTE P/ BOINA DE ESPUMA DISCO C/ VELCRO 6"" PURPLEX";116;48;PURPLEX;179;INDUSTRIA DE LIXADORES PURPER LTDA;20028;APLICADORES / ADAPTADORES / ENGATES / SUPORTES
87098;SUPORTE P/ MEIA LIXA PLASTICO 23X10,5 AT100/4 ATLAS;AT100/4;35;ATLAS;8;PINCEIS ATLAS S.A.;30028;ROLOS / TRINCHAS / PINCÉIS / ESPÁTULAS
23650;SUPORTE P/ POLIMENTO DE VIDRO 3M;H0001714205;4;3M;36;3M DO BRASIL LTDA;20028;APLICADORES / ADAPTADORES / ENGATES / SUPORTES
23056;SUPORTE PLASTICO P/ SAB LIQ/ALCOOL GEL;9702;999999;.;579;SUPERPRO;999999;GRUPO CONVERSAO
20828;SUPORTE SPEED LOK TR 51 MM NORTON;662610;11;NORTON;21;SAINT- GOBAIN DO BRASIL PROD. IND. E CONSTR. LTDA;1015;............
10274;SUPORTE SPEED-GRIP 152MM 6 FUROS NORTON;1212;11;NORTON;21;SAINT- GOBAIN DO BRASIL PROD. IND. E CONSTR. LTDA;20028;APLICADORES / ADAPTADORES / ENGATES / SUPORTES
22524;TACO ASPIRADO 115MMX225MM 3M;HC000658357;4;3M;36;3M DO BRASIL LTDA;20022;TACO LIXADOR
22329;TACO ASPIRADO 70MMX127MM 3M;HC000658332;4;3M;36;3M DO BRASIL LTDA;20022;TACO LIXADOR
22525;TACO ASPIRADO 70MMX198MM 3M;HC000658340;4;3M;36;3M DO BRASIL LTDA;20022;TACO LIXADOR
87251;TACO ASPIRADO 70MMX396MM 3M;HC000621140;4;3M;36;3M DO BRASIL LTDA;20022;TACO LIXADOR
83970;TACO LIXADOR 125X65MM VONDER;3599125065;41;VONDER;502;O.V.D. IMPORTADORA E DISTRIBUIDORA LTDA;20022;TACO LIXADOR
23642;TACO LIXADOR EVA CLASSIC;66261123091;11;NORTON;11000389;CARVIC COM VER DE PROD E EQ P/ REP AUTO LTDA;20022;TACO LIXADOR
23750;TACO LIXADOR MANUAL DE BORRACHA GRANDE 65X122MM PURPLEX;5;48;PURPLEX;179;INDUSTRIA DE LIXADORES PURPER LTDA;20022;TACO LIXADOR
20154;TACO LIXADOR MANUAL DE BORRACHA PEQUENO 43X122MM PURPLEX;6;48;PURPLEX;179;INDUSTRIA DE LIXADORES PURPER LTDA;20022;TACO LIXADOR
87046;TACO LIXADOR MANUAL MACIO P/ LIXAS 1200 A 2500 70X130MM PURPLEX;4;48;PURPLEX;179;INDUSTRIA DE LIXADORES PURPER LTDA;20022;TACO LIXADOR
87045;TACO LIXADOR MANUAL RETANGULAR EM E.V.A 70X130MM PURPLEX;7;48;PURPLEX;179;INDUSTRIA DE LIXADORES PURPER LTDA;20022;TACO LIXADOR
87048;TACO LIXADOR MANUAL RETANGULAR EXTRA GRANDE EM E.V.A 70X280MM PURPLEX;208;48;PURPLEX;179;INDUSTRIA DE LIXADORES PURPER LTDA;20022;TACO LIXADOR
87047;TACO LIXADOR MANUAL RETANGULAR MEDIO EM E.V.A 70X200MM PURPLEX;31;48;PURPLEX;179;INDUSTRIA DE LIXADORES PURPER LTDA;20022;TACO LIXADOR
83853;TAMPA BLBA 2001/2002 SKY;9,00936E+11;999999;.;521;SKYLACK TINTAS E VERNIZES LTDA;20028;APLICADORES / ADAPTADORES / ENGATES / SUPORTES
83854;TAMPA BLCA 1001/2001 SKY;9,00936E+11;999999;.;521;SKYLACK TINTAS E VERNIZES LTDA;20028;APLICADORES / ADAPTADORES / ENGATES / SUPORTES
23470;TAMPA P/ COPO DE 1L E 2L PRIME;5400;800124;PRIME;11000461;PRIME DISTRIBUIDORA DE EMBALAGENS LTDA;20028;APLICADORES / ADAPTADORES / ENGATES / SUPORTES
83861;TAMPA SISTEMA PPS 2 3M;HB004668438;4;3M;36;3M DO BRASIL LTDA;20028;APLICADORES / ADAPTADORES / ENGATES / SUPORTES
84845;TCHAU TCHAU INSETO CHEIRO 300ML MAXI RUBBER;5MP002;6;MAXI RUBBER;11000387;MAXI RUBBER INDUSTRIAS QUIMICAS LTDA;20018;LÍQUIDOS P/ POLIMENTO 
23871;TECLADO C/ FIO USB BÁSICO SLIM PRETO TC193 MULTILASER;205494;800116;MULTILASER;11000474;OMNI COMERCIO E SERVIÇOS LTDA;999999;GRUPO CONVERSAO
87180;TECLADO C/ FIO USB PADRAO PRETO K120 LOGITECH;190152;800116;MULTILASER;11000474;OMNI COMERCIO E SERVIÇOS LTDA;999999;GRUPO CONVERSAO
22140;TELA AROMATIZANTE PARA MICTORIO PV COTON-21,79-ST;SP9102CR;999999;.;579;SUPERPRO;999999;GRUPO CONVERSAO
22949;TELA MICTORIO LILAS LAVANDA-5,94-ST;SP9102LA;999999;.;452;LIMA & PERGHER INDUSTRIAL E COMERCIO;20006;CERA  / LIMPEZA /  POLIMENTO VEICULAR
87277;TENDA INFLAVEL IMPRESSAO DE 4 LOGOS;PRD00007;100018;3D INFLAVEIS;80000527;3D INFLAVEIS LTDA;20001;DILUENTE
83944;TESOURA 21CM NX21P MULTIUSO NOX;208418;100015;NOX;11000474;OMNI COMERCIO E SERVIÇOS LTDA;999999;GRUPO CONVERSAO
23555;TESOURA ESCOLAR;132780;100007;CIS;11000474;OMNI COMERCIO E SERVIÇOS LTDA;999999;GRUPO CONVERSAO
23979;TESTEIRA ADESIVA SKYMIX;9,00936E+11;57;SKY;521;SKYLACK TINTAS E VERNIZES LTDA;20058;OUTRAS FERRAMENTAS / EQUIPAMENTOS
87133;TEXTURA ACRILICA AMARELO TERRA BALDE 23KG MISTERCRYL;4402;800113;MISTERCRYL;11000468;DURACOLOR INDUSTRIA E COMERCIO DE TINTAS;30023;TEXTURA
87185;TEXTURA ACRILICA AREIA BALDE 20KG INOVE;120979;800060;DÁVILA  INOVE;11000432;MARTELENA ALMEIDA INDUSTRIA E COMERCIO DE TINTAS EIRELI;30023;TEXTURA
86988;TEXTURA ACRILICA AREIA BALDE 23KG MISTERCRYL;4403;800113;MISTERCRYL;11000468;DURACOLOR INDUSTRIA E COMERCIO DE TINTAS;30023;TEXTURA
87138;TEXTURA ACRILICA AZUL PROFUNDO BALDE 23KG MISTERCRYL;;800113;MISTERCRYL;11000468;DURACOLOR INDUSTRIA E COMERCIO DE TINTAS;30023;TEXTURA
87186;TEXTURA ACRILICA BRANCO GELO BALDE 20KG INOVE;115472;800060;DÁVILA  INOVE;11000432;MARTELENA ALMEIDA INDUSTRIA E COMERCIO DE TINTAS EIRELI;30023;TEXTURA
87126;TEXTURA ACRILICA BRANCO GELO BALDE 23KG MISTERCRYL;;800113;MISTERCRYL;11000468;DURACOLOR INDUSTRIA E COMERCIO DE TINTAS;30023;TEXTURA
85340;TEXTURA ACRILICA BRANCO GELO CAIXA 20KG INOVE;469;800060;DÁVILA  INOVE;11000432;MARTELENA ALMEIDA INDUSTRIA E COMERCIO DE TINTAS EIRELI;30023;TEXTURA
87255;TEXTURA ACRILICA BRANCO NEVE BALDE 20KG INOVE;;800060;DÁVILA  INOVE;11000432;MARTELENA ALMEIDA INDUSTRIA E COMERCIO DE TINTAS EIRELI;30023;TEXTURA
86992;TEXTURA ACRILICA BRANCO NEVE BALDE 23KG MISTERCRYL;7110;800113;MISTERCRYL;11000468;DURACOLOR INDUSTRIA E COMERCIO DE TINTAS;30001;TINTA PAREDE
85339;TEXTURA ACRILICA BRANCO NEVE CAIXA 20KG INOVE;475;800060;DÁVILA  INOVE;11000432;MARTELENA ALMEIDA INDUSTRIA E COMERCIO DE TINTAS EIRELI;30023;TEXTURA
85342;TEXTURA ACRILICA CAMURCA BALDE 20KG INOVE;115475;800060;DÁVILA  INOVE;11000432;MARTELENA ALMEIDA INDUSTRIA E COMERCIO DE TINTAS EIRELI;30023;TEXTURA
87131;TEXTURA ACRILICA CAMURÇA BALDE 23KG MISTERCRYL;4407;800113;MISTERCRYL;11000468;DURACOLOR INDUSTRIA E COMERCIO DE TINTAS;30023;TEXTURA
87029;TEXTURA ACRILICA CASTANHA BALDE 23KG MISTERCRYL;5684;800113;MISTERCRYL;11000468;DURACOLOR INDUSTRIA E COMERCIO DE TINTAS;30023;TEXTURA
87130;TEXTURA ACRILICA CERRADO BALDE 23KG MISTERCRYL;;800113;MISTERCRYL;11000468;DURACOLOR INDUSTRIA E COMERCIO DE TINTAS;30023;TEXTURA
87132;TEXTURA ACRILICA CHOCOLATE BALDE 23KG MISTERCRYL;7115;800113;MISTERCRYL;11000468;DURACOLOR INDUSTRIA E COMERCIO DE TINTAS;30023;TEXTURA
87128;TEXTURA ACRILICA CHUMBO BALDE 23KG MISTERCRYL;;800113;MISTERCRYL;11000468;DURACOLOR INDUSTRIA E COMERCIO DE TINTAS;30023;TEXTURA
87246;TEXTURA ACRILICA CINZA CHUMBO BALDE 18KG MISTERCRYL;6331;800113;MISTERCRYL;11000468;DURACOLOR INDUSTRIA E COMERCIO DE TINTAS;30023;TEXTURA
87129;TEXTURA ACRILICA CONCRETO BALDE 23KG MISTERCRYL;;800113;MISTERCRYL;11000468;DURACOLOR INDUSTRIA E COMERCIO DE TINTAS;30023;TEXTURA
87289;TEXTURA ACRILICA CROMO BALDE 20KG INOVE;;800060;DÁVILA  INOVE;11000432;MARTELENA ALMEIDA INDUSTRIA E COMERCIO DE TINTAS EIRELI;30023;TEXTURA
87134;TEXTURA ACRILICA LARANJA BALDE 23KG MISTERCRYL;;800113;MISTERCRYL;11000468;DURACOLOR INDUSTRIA E COMERCIO DE TINTAS;30023;TEXTURA
87102;TEXTURA ACRILICA LONDRES BALDE 23KG MISTERCRYL;4960;800113;MISTERCRYL;11000468;DURACOLOR INDUSTRIA E COMERCIO DE TINTAS;30001;TINTA PAREDE
87124;TEXTURA ACRILICA MARFIM BALDE 23KG MISTERCRYL;;800113;MISTERCRYL;11000468;DURACOLOR INDUSTRIA E COMERCIO DE TINTAS;30023;TEXTURA
87125;TEXTURA ACRILICA PALHA BALDE 23KG MISTERCRYL;7121;800113;MISTERCRYL;11000468;DURACOLOR INDUSTRIA E COMERCIO DE TINTAS;30023;TEXTURA
85341;TEXTURA ACRILICA PRATA FINA BALDE 20KG INOVE;115473;800060;DÁVILA  INOVE;11000432;MARTELENA ALMEIDA INDUSTRIA E COMERCIO DE TINTAS EIRELI;30023;TEXTURA
85584;TEXTURA ACRILICA PRATA FINA CAIXA 20KG INOVE;480;800060;DÁVILA  INOVE;11000432;MARTELENA ALMEIDA INDUSTRIA E COMERCIO DE TINTAS EIRELI;30023;TEXTURA
87104;TEXTURA ACRILICA TANGERINA BALDE 20KG INOVE;120962;800060;DÁVILA  INOVE;11000432;MARTELENA ALMEIDA INDUSTRIA E COMERCIO DE TINTAS EIRELI;30023;TEXTURA
87135;TEXTURA ACRILICA TERRACOTA BALDE 23KG MISTERCRYL;;800113;MISTERCRYL;11000468;DURACOLOR INDUSTRIA E COMERCIO DE TINTAS;30023;TEXTURA
87227;TEXTURA ACRILICA TITANIO BALDE 20KG INOVE;115474;800060;DÁVILA  INOVE;11000432;MARTELENA ALMEIDA INDUSTRIA E COMERCIO DE TINTAS EIRELI;30023;TEXTURA
85359;TEXTURA ACRILICA TITANIO CAIXA 20KG INOVE;485;800060;DÁVILA  INOVE;11000432;MARTELENA ALMEIDA INDUSTRIA E COMERCIO DE TINTAS EIRELI;30023;TEXTURA
87136;TEXTURA ACRILICA VERDE KIWI BALDE 23KG MISTERCRYL;;800113;MISTERCRYL;11000468;DURACOLOR INDUSTRIA E COMERCIO DE TINTAS;30023;TEXTURA
87137;TEXTURA ACRILICA VERDE LIMÃO BALDE 23KG MISTERCRYL;7124;800113;MISTERCRYL;11000468;DURACOLOR INDUSTRIA E COMERCIO DE TINTAS;30023;TEXTURA
87127;TEXTURA ACRILICA VIENA BALDE 23KG MISTERCRYL;49754;800113;MISTERCRYL;80000533;RORIZ LUZIANIA COMERCIO DE TINTAS LTDA;30023;TEXTURA
85454;TEXTURA LAMATO CRISTALLO BRANCO BALDE 23KG MAZA;17035;800053;MAZA;11000423;MAZA PRODUTOS QUIMICOS LTDA;40002;EPOXI
86919;TEXTURA LAMATO CRISTALLO PRETO BALDE 23KG MAZA;29537;800053;MAZA;11000423;MAZA PRODUTOS QUIMICOS LTDA;40002;EPOXI
87383;TEXTURA RUGOSA HIDROREPELENTE PREMIUM BRANCO AREIA BALDE 23KG MAZA;;800053;MAZA;11000423;MAZA PRODUTOS QUIMICOS LTDA;40002;EPOXI
87247;TEXTURA RUGOSA HIDROREPELENTE PREMIUM BRANCO PURO BALDE 23KG MAZA;29587;800053;MAZA;11000423;MAZA PRODUTOS QUIMICOS LTDA;40002;EPOXI
87119;TEXTURA TOQUE DE BRILHO AREIA BALDE 23KG MISTERCRYL;;800113;MISTERCRYL;11000468;DURACOLOR INDUSTRIA E COMERCIO DE TINTAS;30023;TEXTURA
87115;TEXTURA TOQUE DE BRILHO BRANCO BALDE 23KG MISTERCRYL;;800113;MISTERCRYL;11000468;DURACOLOR INDUSTRIA E COMERCIO DE TINTAS;30023;TEXTURA
87116;TEXTURA TOQUE DE BRILHO BRANCO GELO BALDE 23KG MISTERCRYL;;800113;MISTERCRYL;11000468;DURACOLOR INDUSTRIA E COMERCIO DE TINTAS;30023;TEXTURA
87120;TEXTURA TOQUE DE BRILHO CAMURÇA BALDE 23KG MISTERCRYL;;800113;MISTERCRYL;11000468;DURACOLOR INDUSTRIA E COMERCIO DE TINTAS;30023;TEXTURA
87032;TEXTURA TOQUE DE BRILHO CASTANHA BALDE 23KG MISTERCRYL;;800113;MISTERCRYL;11000468;DURACOLOR INDUSTRIA E COMERCIO DE TINTAS;30023;TEXTURA
87117;TEXTURA TOQUE DE BRILHO LONRES BALDE 23KG MISTERCRYL;;800113;MISTERCRYL;11000468;DURACOLOR INDUSTRIA E COMERCIO DE TINTAS;30023;TEXTURA
87118;TEXTURA TOQUE DE BRILHO PALHA BALDE 23KG MISTERCRYL;;800113;MISTERCRYL;11000468;DURACOLOR INDUSTRIA E COMERCIO DE TINTAS;30023;TEXTURA
87122;TEXTURA TOQUE DE BRILHO PRETO BALDE 23KG MISTERCRYL;;800113;MISTERCRYL;11000468;DURACOLOR INDUSTRIA E COMERCIO DE TINTAS;30023;TEXTURA
87121;TEXTURA TOQUE DE BRILHO VIENA BALDE 23KG MISTERCRYL;;800113;MISTERCRYL;11000468;DURACOLOR INDUSTRIA E COMERCIO DE TINTAS;30023;TEXTURA
85455;TEXTURATTO EFEITO BRILHO BRANCO 25KG SUVINIL;119747;800057;SUVINIL;11000427;CAPITAL ATACADISTA DA CONSTRUCAO LTDA;30023;TEXTURA
87049;TEXTURATTO EFEITO GRANULADO GELO 25KG SUVINIL;119734;800057;SUVINIL;11000427;CAPITAL ATACADISTA DA CONSTRUCAO LTDA;30023;TEXTURA
23748;THINNER 12116 18L AUDI;TH1211618A;34;NATRIELLI;433;NATRIELLI QUIMICA LTDA;60001;THINNER DE LIMPEZA
23686;THINNER 12116 5L AUDI;TH12116050;34;NATRIELLI;433;NATRIELLI QUIMICA LTDA;60001;THINNER DE LIMPEZA
23685;THINNER 12116 900ML AUDI;TH12116900;34;NATRIELLI;433;NATRIELLI QUIMICA LTDA;60001;THINNER DE LIMPEZA
24212;THINNER 12888 18L AUDI;TH1288818;34;NATRIELLI;433;NATRIELLI QUIMICA LTDA;60001;THINNER DE LIMPEZA
24211;THINNER 12888 5L AUDI;TH12888050;34;NATRIELLI;433;NATRIELLI QUIMICA LTDA;60001;THINNER DE LIMPEZA
23557;THINNER 12888 PU 900ML AUDI;TH12888900;34;NATRIELLI;433;NATRIELLI QUIMICA LTDA;20001;DILUENTE
83997;THINNER 1616 TAMBOR SMAX;10013;999999;.;11000410;SS LAZARINI INDUSTRIA E COMERCIO;60001;THINNER DE LIMPEZA
24283;THINNER 216 18L THINSOL;00002-003;65;THINSOL;549;THINSOL QUIMICA INDUSTRIA E COM. LTDA;60001;THINNER DE LIMPEZA
24284;THINNER 216 200L TAMBOR THINSOL;00002-004;65;THINSOL;549;THINSOL QUIMICA INDUSTRIA E COM. LTDA;60001;THINNER DE LIMPEZA
24282;THINNER 216 5L THINSOL;00002-002;65;THINSOL;549;THINSOL QUIMICA INDUSTRIA E COM. LTDA;60001;THINNER DE LIMPEZA
24320;THINNER 216 900ML THINSOL;00002-026;65;THINSOL;549;THINSOL QUIMICA INDUSTRIA E COM. LTDA;60001;THINNER DE LIMPEZA
10303;THINNER 2750 18L ANJO;000081-30;2;ANJO;382;ANJO QUIMICA DO BRASIL LTDA;60001;THINNER DE LIMPEZA
23280;THINNER 2750 190L TAMBOR ANJO;000081-33;2;ANJO;382;ANJO QUIMICA DO BRASIL LTDA;60001;THINNER DE LIMPEZA
10298;THINNER 2750 5L ANJO;000081-28;2;ANJO;382;ANJO QUIMICA DO BRASIL LTDA;60001;THINNER DE LIMPEZA
10297;THINNER 2750 900ML ANJO;000081-23;2;ANJO;382;ANJO QUIMICA DO BRASIL LTDA;60001;THINNER DE LIMPEZA
24285;THINNER 280 5L THINSOL;00005-002;65;THINSOL;549;THINSOL QUIMICA INDUSTRIA E COM. LTDA;60001;THINNER DE LIMPEZA
24286;THINNER 280 900ML THINSOL;00005-026;65;THINSOL;549;THINSOL QUIMICA INDUSTRIA E COM. LTDA;60001;THINNER DE LIMPEZA
84499;THINNER 4016 USO GERAL 18L BRASILUX;TN 710041603;67;BRASILUX;556;BRASILUX TINTAS TECNICAS LTDA;60001;THINNER DE LIMPEZA
24350;THINNER 4016 USO GERAL 200L TAMBOR BRASILUX;TN 710041605;67;BRASILUX;556;BRASILUX TINTAS TECNICAS LTDA;60001;THINNER DE LIMPEZA
84560;THINNER 4016 USO GERAL 5L BRASILUX;TN 710041608;67;BRASILUX;556;BRASILUX TINTAS TECNICAS LTDA;60001;THINNER DE LIMPEZA
84497;THINNER 4016 USO GERAL 900ML BRASILUX;TN 710041601;67;BRASILUX;556;BRASILUX TINTAS TECNICAS LTDA;60001;THINNER DE LIMPEZA
20795;THINNER 4030 P/ PU/POLIESTER 18L WANDA;542714;1;WANDA;34;AKZO NOBEL LTDA;20001;DILUENTE
9806;THINNER 4030 P/ PU/POLIESTER 5L WANDA;542713;1;WANDA;34;AKZO NOBEL LTDA;20001;DILUENTE
9805;THINNER 4030 P/ PU/POLIESTER 900ML WANDA;542715;1;WANDA;34;AKZO NOBEL LTDA;20001;DILUENTE
20746;THINNER 454 18L LAZZURIL;08.40.00454-022;3;SHERWIN WILLIAMS;35;SHERWIN - WILLIAMS DO BRASIL IND. E COM. LTDA;20001;DILUENTE
21316;THINNER 454 5L LAZZURIL;08.40.00454-008;3;SHERWIN WILLIAMS;35;SHERWIN - WILLIAMS DO BRASIL IND. E COM. LTDA;20001;DILUENTE
20414;THINNER 454 900ML LAZZURIL;08.40.00454-217;3;SHERWIN WILLIAMS;35;SHERWIN - WILLIAMS DO BRASIL IND. E COM. LTDA;20001;DILUENTE
84825;THINNER 6028 DILUENTE 18L BRASILUX;TN 710062803;67;BRASILUX;556;BRASILUX TINTAS TECNICAS LTDA;20001;DILUENTE
84826;THINNER 6028 DILUENTE 200L TAMBOR BRASILUX;TN 710062805;67;BRASILUX;556;BRASILUX TINTAS TECNICAS LTDA;20001;DILUENTE
84894;THINNER 6028 DILUENTE 5L BRASILUX;TN 710062808;67;BRASILUX;556;BRASILUX TINTAS TECNICAS LTDA;20001;DILUENTE
84774;THINNER 6028 DILUENTE 900ML BRASILUX;TN 710062801;67;BRASILUX;556;BRASILUX TINTAS TECNICAS LTDA;20001;DILUENTE
24384;THINNER 8100 18L NATRIELLI;TH810018;34;NATRIELLI;433;NATRIELLI QUIMICA LTDA;60001;THINNER DE LIMPEZA
24383;THINNER 8100 5L NATRIELLI;TH81000504;34;NATRIELLI;433;NATRIELLI QUIMICA LTDA;60001;THINNER DE LIMPEZA
24382;THINNER 8100 900ML NATRIELLI;TH81009001;34;NATRIELLI;433;NATRIELLI QUIMICA LTDA;60001;THINNER DE LIMPEZA
23687;THINNER 8116 200L TAMBOR NATRIELLI;TH8116198;34;NATRIELLI;433;NATRIELLI QUIMICA LTDA;60001;THINNER DE LIMPEZA
117;THINNER P/ PU ALTA TEMPERATURA 900ML SKY;650TH7320122;57;SKY;521;SKYLACK TINTAS E VERNIZES LTDA;20001;DILUENTE
20430;THINNER P/ RETOQUE 900ML LAZZURIL (446);08.40.00446-217;999999;.;35;SHERWIN - WILLIAMS DO BRASIL IND. E COM. LTDA;20001;DILUENTE
87341;THINNER SM 100 18L MAZA;12885;800053;MAZA;11000423;MAZA PRODUTOS QUIMICOS LTDA;40002;EPOXI
87217;THINNER SM 800 18L MAZA;12;800053;MAZA;11000423;MAZA PRODUTOS QUIMICOS LTDA;40002;EPOXI
87379;THINNER SM 800 MAZA 900 ML;10422;800053;MAZA;11000423;MAZA PRODUTOS QUIMICOS LTDA;60001;THINNER DE LIMPEZA
9997;THINNER SRA 1LT SIKKENS;529783;8;SIKKENS;34;AKZO NOBEL LTDA;20001;DILUENTE
24062;THINNER TH700 P/ PU/POLIESTER 18L SKY;150TH7000125;57;SKY;521;SKYLACK TINTAS E VERNIZES LTDA;20031;BASES POLIÉSTER
84238;TINGIDOR P/ MADEIRA-CEDRO 225ML BRASILUX;TG 451011311;67;BRASILUX;556;BRASILUX TINTAS TECNICAS LTDA;50001;LINHA MOVELEIRA
84235;TINGIDOR P/ MADEIRA-CEREJEIRA 225ML BRASILUX;TG 454400111;67;BRASILUX;556;BRASILUX TINTAS TECNICAS LTDA;50001;LINHA MOVELEIRA
84233;TINGIDOR P/ MADEIRA-MOGNO 1L BRASILUX;TG 454502207;67;BRASILUX;556;BRASILUX TINTAS TECNICAS LTDA;50001;LINHA MOVELEIRA
84236;TINGIDOR UNIVERSAL-IMBUIA 225ML BRASILUX;TG 454600111;67;BRASILUX;556;BRASILUX TINTAS TECNICAS LTDA;50001;LINHA MOVELEIRA
84237;TINGIDOR UNIVERSAL-MOGNO 225ML BRASILUX;TG 454502211;67;BRASILUX;556;BRASILUX TINTAS TECNICAS LTDA;50001;LINHA MOVELEIRA
85028;TINTA;;67;BRASILUX;556;BRASILUX TINTAS TECNICAS LTDA;20063;TINTA DE LABORATÓRIO
85213;TINTA  ACRILICA RENDE COBRE MUITO AREIA 18LT SUVINIL;88017;800057;SUVINIL;11000427;CAPITAL ATACADISTA DA CONSTRUCAO LTDA;30001;TINTA PAREDE
85212;TINTA  ACRILICA RENDE COBRE MUITO BRANCO NEVE 18LT SUVINIL;73191;800057;SUVINIL;11000427;CAPITAL ATACADISTA DA CONSTRUCAO LTDA;30003;TINTA PARA PISO
85345;TINTA ACRILICA ECONOMICA GELO BALDE 16KG INOVE;115479;800060;DÁVILA  INOVE;11000432;MARTELENA ALMEIDA INDUSTRIA E COMERCIO DE TINTAS EIRELI;30001;TINTA PAREDE
85346;TINTA ACRILICA ECONOMICA NEVE BALDE 16KG INOVE;115478;800060;DÁVILA  INOVE;11000432;MARTELENA ALMEIDA INDUSTRIA E COMERCIO DE TINTAS EIRELI;30001;TINTA PAREDE
87256;TINTA ACRILICA FOSCO CERRADO GELO BALDE 18LT LUZTOL;111;100000;LUZTOL;80000523;APOIO DISTRIBUIDORA DE MATERIAIS DE CONSTRUCAO LTDA;30023;TEXTURA
20005;TINTA AKZO NOBEL;TINTA;1;WANDA;534;AKZO NOBEL LTDA;20063;TINTA DE LABORATÓRIO
87214;TINTA DEMARCACAO ACRILICO AMARELO 18L MAZA;1393;800053;MAZA;11000423;MAZA PRODUTOS QUIMICOS LTDA;40002;EPOXI
87055;TINTA DEMARCACAO ACRILICO AMARELO 3,6L MAZA;2036;800053;MAZA;11000423;MAZA PRODUTOS QUIMICOS LTDA;40002;EPOXI
87216;TINTA DEMARCACAO ACRILICO AZUL SEGURANÇA 2,5 PB 4/10 18L MAZA;18381;800053;MAZA;11000423;MAZA PRODUTOS QUIMICOS LTDA;40002;EPOXI
86860;TINTA DEMARCACAO ACRILICO BRANCO 18L MAZA;1394;800053;MAZA;11000423;MAZA PRODUTOS QUIMICOS LTDA;40002;EPOXI
87215;TINTA DEMARCACAO ACRILICO VERMELHO 18L MAZA;10339;800053;MAZA;11000423;MAZA PRODUTOS QUIMICOS LTDA;40002;EPOXI
87182;TINTA DEMARCACAO BASE SOLVENTE AZUL 18L MAZA;2948;800053;MAZA;11000466;ATACADAO DAS TINTAS IRMAOS SOARES LTDA;40002;EPOXI
84300;TINTA DEMARCACAO VIARIA DNIT AMARELO 3,6L BRASILUX;DM 470203702;67;BRASILUX;556;BRASILUX TINTAS TECNICAS LTDA;30003;TINTA PARA PISO
84298;TINTA DEMARCACAO VIARIA DNIT AMARELO BALDE 18L BRASILUX;DM 470203703;67;BRASILUX;556;BRASILUX TINTAS TECNICAS LTDA;30003;TINTA PARA PISO
84566;TINTA DEMARCACAO VIARIA DNIT AMARELO BALDE 18L BRASILUX;DM 150203703;67;BRASILUX;556;BRASILUX TINTAS TECNICAS LTDA;30003;TINTA PARA PISO
85627;TINTA DEMARCACAO VIARIA DNIT AMARELO BALDE 18L BRASILUX;DM 470203757;67;BRASILUX;556;BRASILUX TINTAS TECNICAS LTDA;30003;TINTA PARA PISO
85443;TINTA DEMARCACAO VIARIA DNIT AMARELO REFLETIVO 3,6L BRASILUX;DM 470268002;67;BRASILUX;556;BRASILUX TINTAS TECNICAS LTDA;30003;TINTA PARA PISO
85444;TINTA DEMARCACAO VIARIA DNIT AMARELO REFLETIVO BALDE 18L BRASILUX;DM 470268057;67;BRASILUX;556;BRASILUX TINTAS TECNICAS LTDA;30003;TINTA PARA PISO
84567;TINTA DEMARCACAO VIARIA DNIT BRANCO 18L BRASILUX;DM 150500703;67;BRASILUX;556;BRASILUX TINTAS TECNICAS LTDA;30003;TINTA PARA PISO
84301;TINTA DEMARCACAO VIARIA DNIT BRANCO 3,6L BRASILUX;DM 470500702;67;BRASILUX;556;BRASILUX TINTAS TECNICAS LTDA;30003;TINTA PARA PISO
85628;TINTA DEMARCACAO VIARIA DNIT BRANCO BALDE 18L BRASILUX;DM 470500757;67;BRASILUX;556;BRASILUX TINTAS TECNICAS LTDA;30003;TINTA PARA PISO
87040;TINTA DEMARCACAO VIARIA DNIT CINZA ESCURO 18L BRASILUX;DM 150614003;67;BRASILUX;556;BRASILUX TINTAS TECNICAS LTDA;30003;TINTA PARA PISO
87041;TINTA DEMARCACAO VIARIA DNIT CINZA N 6,5 18L BRASILUX;DM 150601703;67;BRASILUX;556;BRASILUX TINTAS TECNICAS LTDA;30003;TINTA PARA PISO
84916;TINTA DEMARCACAO VIARIA DNIT PRETO 18L BRASILUX;DM 151500103;67;BRASILUX;556;BRASILUX TINTAS TECNICAS LTDA;30003;TINTA PARA PISO
87001;TINTA DEMARCACAO VIARIA DNIT VERDE FOLHA 18L BRASILUX;DM 152202003;67;BRASILUX;556;BRASILUX TINTAS TECNICAS LTDA;30003;TINTA PARA PISO
85495;TINTA EM PO - VERNIZ VERMELHO 005 20KG;VN 982373043;67;BRASILUX;11000430;DISSOLTEX IND QUIMICA LTDA;40004;TINTA EM PÓ
85494;TINTA EM PO - VERNIZ VERMELHO RED FIRE 20KG;VN 972372843;67;BRASILUX;11000430;DISSOLTEX IND QUIMICA LTDA;40004;TINTA EM PÓ
85496;TINTA EM PO - VERNIZ VIOLETA 20KG;VN 984317743;67;BRASILUX;11000430;DISSOLTEX IND QUIMICA LTDA;40004;TINTA EM PÓ
85332;TINTA EM PO HIBRIDA - BRANCO 5013 AZULADO 25KG;BT 980535336;67;BRASILUX;11000430;DISSOLTEX IND QUIMICA LTDA;40004;TINTA EM PÓ
87194;TINTA EM PO HIBRIDA - BRANCO PRATA CRAQUEADO 25KG;TX 980565036;67;BRASILUX;11000430;DISSOLTEX IND QUIMICA LTDA;40004;TINTA EM PÓ
85319;TINTA EM PO HIBRIDA - DOURADO 036 25KG;BT 983203636;67;BRASILUX;11000430;DISSOLTEX IND QUIMICA LTDA;40004;TINTA EM PÓ
85402;TINTA EM PO HIBRIDA - PRETO MICRO TEXTURA 25KG;MT 981512536;67;BRASILUX;11000430;DISSOLTEX IND QUIMICA LTDA;40004;TINTA EM PÓ
85321;TINTA EM PO HIBRIDA - PRETO PRATA CRAQ. RUGA ALTA 25KG;TX 981543736;67;BRASILUX;11000430;DISSOLTEX IND QUIMICA LTDA;40004;TINTA EM PÓ
85318;TINTA EM PO HIBRIDA - PRETO ULTRA FOSCO 25KG;FO 981500136;67;BRASILUX;11000430;DISSOLTEX IND QUIMICA LTDA;40004;TINTA EM PÓ
85399;TINTA EM PO HIBRIDA - ROSA 18001 BEBE 25KG;BT 981805036;67;BRASILUX;11000430;DISSOLTEX IND QUIMICA LTDA;40004;TINTA EM PÓ
85398;TINTA EM PO POLIESTER - ACO CORTEM 25KG BRASILUX;MT 972378536;67;BRASILUX;11000430;DISSOLTEX IND QUIMICA LTDA;40004;TINTA EM PÓ
85331;TINTA EM PO POLIESTER - ACO CORTEM EFEITO LARANJA /BRA 25KG;MT 971033336;67;BRASILUX;11000430;DISSOLTEX IND QUIMICA LTDA;40004;TINTA EM PÓ
85380;TINTA EM PO POLIESTER - ALUMINIO CROMADO 25KG;BT 970103436;67;BRASILUX;11000430;DISSOLTEX IND QUIMICA LTDA;40004;TINTA EM PÓ
85329;TINTA EM PO POLIESTER - AMARELO 5Y8/12 SEGURANÇA 25KG;BT 970205136;67;BRASILUX;11000430;DISSOLTEX IND QUIMICA LTDA;40004;TINTA EM PÓ
85561;TINTA EM PO POLIESTER - AMARELO MBB OURO 1900 76 25KG;BT 970203736;67;BRASILUX;11000430;DISSOLTEX IND QUIMICA LTDA;40004;TINTA EM PÓ
85425;TINTA EM PO POLIESTER - AMARELO RAL 1003 25KG;BT 970229336;67;BRASILUX;11000430;DISSOLTEX IND QUIMICA LTDA;40004;TINTA EM PÓ
85323;TINTA EM PO POLIESTER - AZUL DEL REY 25KG;BT 970358036;67;BRASILUX;11000430;DISSOLTEX IND QUIMICA LTDA;40004;TINTA EM PÓ
86994;TINTA EM PO POLIESTER - AZUL MEDIO 3007 TEXTURIZADO 25KG;TX 9703574;67;BRASILUX;11000430;DISSOLTEX IND QUIMICA LTDA;40004;TINTA EM PÓ
85403;TINTA EM PO POLIESTER - AZUL RAL 5002 25KG;BT 970367336;67;BRASILUX;11000430;DISSOLTEX IND QUIMICA LTDA;40004;TINTA EM PÓ
85396;TINTA EM PO POLIESTER - BEGE RAL 1015 25KG;BT 970416036;67;BRASILUX;11000430;DISSOLTEX IND QUIMICA LTDA;40004;TINTA EM PÓ
85401;TINTA EM PO POLIESTER - BRANCO BRILHANTE 25KG BRASILUX;BT 970500736;67;BRASILUX;11000430;DISSOLTEX IND QUIMICA LTDA;40004;TINTA EM PÓ
85317;TINTA EM PO POLIESTER - BRANCO N9,5 PURO 25KG;BT 970504736;67;BRASILUX;11000430;DISSOLTEX IND QUIMICA LTDA;40004;TINTA EM PÓ
85562;TINTA EM PO POLIESTER - BRANCO RAL 9002 25KG;BT 970553236;67;BRASILUX;11000430;DISSOLTEX IND QUIMICA LTDA;40004;TINTA EM PÓ
85325;TINTA EM PO POLIESTER - BRANCO RAL 9003 25KG;BT 970506236;67;BRASILUX;11000430;DISSOLTEX IND QUIMICA LTDA;40004;TINTA EM PÓ
85381;TINTA EM PO POLIESTER - BRANCO RAL 9016 25KG;BT 970507436;67;BRASILUX;11000430;DISSOLTEX IND QUIMICA LTDA;40004;TINTA EM PÓ
85320;TINTA EM PO POLIESTER - CINZA CLARO N6.5 TEXTURIZADO 25KG;TX 970668236;67;BRASILUX;11000430;DISSOLTEX IND QUIMICA LTDA;40004;TINTA EM PÓ
85378;TINTA EM PO POLIESTER - CINZA ESCURO 6003 TEXTURIZADO 25KG;TX 970674736;67;BRASILUX;11000430;DISSOLTEX IND QUIMICA LTDA;40004;TINTA EM PÓ
87019;TINTA EM PO POLIESTER - CINZA EXECUTIVO 25KG;BT 9706527;67;BRASILUX;11000430;DISSOLTEX IND QUIMICA LTDA;40004;TINTA EM PÓ
87079;TINTA EM PO POLIESTER - CINZA MUNSELL N6.5 TEXTURIZADO 25KG;TX 970601736;67;BRASILUX;11000430;DISSOLTEX IND QUIMICA LTDA;40004;TINTA EM PÓ
85560;TINTA EM PO POLIESTER - CINZA N 3,5 ESCURO 25KG;BT 970601436;67;BRASILUX;11000430;DISSOLTEX IND QUIMICA LTDA;40004;TINTA EM PÓ
85355;TINTA EM PO POLIESTER - CINZA N6.5 CLARO 25KG;BT 970601736;67;BRASILUX;11000430;DISSOLTEX IND QUIMICA LTDA;40004;TINTA EM PÓ
85326;TINTA EM PO POLIESTER - CINZA RAL 7024 25KG;BT 970626636;67;BRASILUX;11000430;DISSOLTEX IND QUIMICA LTDA;40004;TINTA EM PÓ
85377;TINTA EM PO POLIESTER - CINZA RAL 7032 TEXTURIZADO 25KG;TX 970607236;67;BRASILUX;11000430;DISSOLTEX IND QUIMICA LTDA;40004;TINTA EM PÓ
86993;TINTA EM PO POLIESTER - CINZA RAL 7032 TEXTURIZADO 25KG;TX 9706072;67;BRASILUX;11000430;DISSOLTEX IND QUIMICA LTDA;40004;TINTA EM PÓ
85382;TINTA EM PO POLIESTER - CINZA RAL 7035 TEXTURIZADO 25KG;TX 970607436;67;BRASILUX;11000430;DISSOLTEX IND QUIMICA LTDA;40004;TINTA EM PÓ
85404;TINTA EM PO POLIESTER - COBRE BRASIL 25KG;BT 975600636;67;BRASILUX;11000430;DISSOLTEX IND QUIMICA LTDA;40004;TINTA EM PÓ
85493;TINTA EM PO POLIESTER - LARANJA JACTO 25KG;BT 970936436;67;BRASILUX;11000430;DISSOLTEX IND QUIMICA LTDA;40004;TINTA EM PÓ
85492;TINTA EM PO POLIESTER - LARANJA RAL 2008 25KG;BT 970907136;67;BRASILUX;11000430;DISSOLTEX IND QUIMICA LTDA;40004;TINTA EM PÓ
87219;TINTA EM PO POLIESTER - MARROM CERÂMICA 25KG BRASILUX;BT 971009936;67;BRASILUX;11000430;DISSOLTEX IND QUIMICA LTDA;40004;TINTA EM PÓ
85405;TINTA EM PO POLIESTER - PRATA REAL 20KG;VN 973509943;67;BRASILUX;11000430;DISSOLTEX IND QUIMICA LTDA;40004;TINTA EM PÓ
85472;TINTA EM PO POLIESTER - PRETO 1502 MICRO TEXTURA 25KG;MT 971543336;67;BRASILUX;11000430;DISSOLTEX IND QUIMICA LTDA;40004;TINTA EM PÓ
85315;TINTA EM PO POLIESTER - PRETO BRILHANTE N1 25KG;BT 971500136;67;BRASILUX;11000430;DISSOLTEX IND QUIMICA LTDA;40004;TINTA EM PÓ
85424;TINTA EM PO POLIESTER - PRETO N1 SEMI BRILHO 25KG BRASILUX;SB 971500136;67;BRASILUX;11000430;DISSOLTEX IND QUIMICA LTDA;40004;TINTA EM PÓ
85324;TINTA EM PO POLIESTER - PRETO N1 TEXTURIZADO 25KG;TX 971500136;67;BRASILUX;11000430;DISSOLTEX IND QUIMICA LTDA;40004;TINTA EM PÓ
85336;TINTA EM PO POLIESTER - PRETO SEMI BRILHO POLIESTER TEXTURIZADO 25KG;TX 971543936;67;BRASILUX;11000430;DISSOLTEX IND QUIMICA LTDA;40004;TINTA EM PÓ
85328;TINTA EM PO POLIESTER - PRETO SEMI FOSCO 25KG;SF 971500136;67;BRASILUX;11000430;DISSOLTEX IND QUIMICA LTDA;40004;TINTA EM PÓ
85423;TINTA EM PO POLIESTER - ROSE GOLD 25KG;BT 975601836;67;BRASILUX;11000430;DISSOLTEX IND QUIMICA LTDA;40004;TINTA EM PÓ
85397;TINTA EM PO POLIESTER - VERDE RAL 6005 25KG BRASILUX;BT 972238436;67;BRASILUX;11000430;DISSOLTEX IND QUIMICA LTDA;40004;TINTA EM PÓ
85316;TINTA EM PO POLIESTER - VERMELHO COCA COLA 25KG;BT 972309736;67;BRASILUX;11000430;DISSOLTEX IND QUIMICA LTDA;40004;TINTA EM PÓ
85379;TINTA EM PO POLIESTER - VERMELHO COCA COLA TEXTURIZADO 25 KG;TX 972309736;67;BRASILUX;11000430;DISSOLTEX IND QUIMICA LTDA;40004;TINTA EM PÓ
85400;TINTA EM PO POLIESTER - VERMELHO RAL 3002 25KG;BT 972380136;67;BRASILUX;11000430;DISSOLTEX IND QUIMICA LTDA;40004;TINTA EM PÓ
85322;TINTA EM PO POLIESTER - VERNIZ SUPER BRILHANTE INCOL;VN 970022143;67;BRASILUX;11000430;DISSOLTEX IND QUIMICA LTDA;40004;TINTA EM PÓ
87321;TINTA FOSCA GOLD AREIA 3,6LT MISTERCRYL;5692;800113;MISTERCRYL;11000468;DURACOLOR INDUSTRIA E COMERCIO DE TINTAS;30023;TEXTURA
87039;TINTA FOSCA GOLD LONDRES 3,6L MISTERCRYL;5691;800113;MISTERCRYL;11000468;DURACOLOR INDUSTRIA E COMERCIO DE TINTAS;30001;TINTA PAREDE
87340;TINTA FUNDO GALVANIZADO 3,6L MAZA;774;800053;MAZA;11000423;MAZA PRODUTOS QUIMICOS LTDA;40002;EPOXI
10103;TINTA HIPER PRATA 500ML;LB7777;999999;.;424;JAPA CROMO;20002;TINTAS POLIÉSTER
10324;TINTA LACA NC ALUMINIO OPALESCENTE 900ML ANJO;000065-23;2;ANJO;382;ANJO QUIMICA DO BRASIL LTDA;20047;TINTAS LACA
20149;TINTA LACA NC BRANCO PURO 900ML ANJO;000457-23;2;ANJO;382;ANJO QUIMICA DO BRASIL LTDA;999999;GRUPO CONVERSAO
10326;TINTA LACA NC PRETO CADILLAC 900ML ANJO;000067-23;2;ANJO;382;ANJO QUIMICA DO BRASIL LTDA;20047;TINTAS LACA
10325;TINTA LACA NC PRETO FOSCO 900ML  ANJO;000068-23;2;ANJO;382;ANJO QUIMICA DO BRASIL LTDA;20047;TINTAS LACA
84877;TINTA LÁTEX ACRÍLICA PREMIUM BRANCO FOSCO 18L;1;999999;.;99999999;FORNECEDOR CONVERSAO;999999;GRUPO CONVERSAO
23549;TINTA P/ CARIMBO;51682;31;UTILER;295;UTILER - UTILIDADES DE LEITURA E ESCRITA LTDA;999999;GRUPO CONVERSAO
85740;TINTA P/ PINCEL ATOMICO 40ML AZUL;11094;31;UTILER;522;DJF Comercial de Papelaria Ltda. - ME;999999;GRUPO CONVERSAO
85739;TINTA P/ PINCEL ATOMICO 40ML PRETA;16651;31;UTILER;522;DJF Comercial de Papelaria Ltda. - ME;999999;GRUPO CONVERSAO
85230;TINTA POLIESTER LISO 3,6L DILUIDO;;800051;TINTAS PRODUZIDAS;99999999;FORNECEDOR CONVERSAO;20064;TINTAS PRODUZIDAS
85231;TINTA POLIESTER METALICO 3,6L DILUIDO;;800051;TINTAS PRODUZIDAS;99999999;FORNECEDOR CONVERSAO;20064;TINTAS PRODUZIDAS
9749;TINTA PRETO FOSCO VINILICO WANDA-21,46-ST;484007;1;WANDA;34;AKZO NOBEL LTDA;20045;PRETO FOSCO VINÍLICO
85232;TINTA PU BRANCO 3,6L CONCENTRADO;;800051;TINTAS PRODUZIDAS;99999999;FORNECEDOR CONVERSAO;20064;TINTAS PRODUZIDAS
162;TINTA SINT VERMELHO II MASSEY FERGUSON 0,900ML SKY-21,94-ST;4,10903E+11;57;SKY;521;SKYLACK TINTAS E VERNIZES LTDA;40001;ESMALTES
23911;TINTA SINT. AMARELO VALMET 82 0,900ML SKY-21,94-ST;7,10901E+11;57;SKY;521;SKYLACK TINTAS E VERNIZES LTDA;40001;ESMALTES
23907;TINTA SINT. BRANCO PURO 0,900ML SKY-21,94-ST;10009500101;57;SKY;521;SKYLACK TINTAS E VERNIZES LTDA;40001;ESMALTES
23906;TINTA SINT. PRETO CADILLAC 3,600L SKY-21,94-ST;10009100113;57;SKY;521;SKYLACK TINTAS E VERNIZES LTDA;40001;ESMALTES
23900;TINTA SINT. VERMELHO MASSEY FERGUSON 0,900ML SKY-21,94-ST;10009520101;57;SKY;521;SKYLACK TINTAS E VERNIZES LTDA;40001;ESMALTES
85667;TINTA SPRAY ALTA TEMPERATURA ALUMINIO LATA 350ML/210G UNIPEGA;AES0534.0185;800067;UNIPEGA;11000482;A&S TECHNOLOGIES INDUSTRIA E COMERCIO S.A.;20021;SPRAYS 
85664;TINTA SPRAY ALTA TEMPERATURA BRANCO LATA 350ML/210G UNIPEGA;AES0534.0180;800067;UNIPEGA;11000482;A&S TECHNOLOGIES INDUSTRIA E COMERCIO S.A.;20021;SPRAYS 
85665;TINTA SPRAY ALTA TEMPERATURA PRETO BRILHO LATA 350ML/210G UNIPEGA;AES0534.0181;800067;UNIPEGA;11000482;A&S TECHNOLOGIES INDUSTRIA E COMERCIO S.A.;20021;SPRAYS 
85666;TINTA SPRAY ALTA TEMPERATURA PRETO FOSCO LATA 350ML/210G UNIPEGA;AES0534.0182;800067;UNIPEGA;11000443;A&S TECHNOLOGIES INDUSTRIA E COMERCIO LTDA;20021;SPRAYS 
85660;TINTA SPRAY LUMINOSO AMARELO LATA 350ML/210G UNIPEGA;AES0534.0176;800067;UNIPEGA;11000482;A&S TECHNOLOGIES INDUSTRIA E COMERCIO S.A.;20021;SPRAYS 
85661;TINTA SPRAY LUMINOSO LARANJA LATA 350ML/210G UNIPEGA;AES0534.0177;800067;UNIPEGA;11000482;A&S TECHNOLOGIES INDUSTRIA E COMERCIO S.A.;20021;SPRAYS 
85662;TINTA SPRAY LUMINOSO PINK LATA 350ML/210G UNIPEGA;AES0534.0178;800067;UNIPEGA;11000443;A&S TECHNOLOGIES INDUSTRIA E COMERCIO LTDA;20021;SPRAYS 
85663;TINTA SPRAY LUMINOSO VERDE LATA 350ML/210G UNIPEGA;AES0534.0179;800067;UNIPEGA;11000482;A&S TECHNOLOGIES INDUSTRIA E COMERCIO S.A.;20021;SPRAYS 
85655;TINTA SPRAY METALICO BRONZE LATA 350ML/210G UNIPEGA;AES0534.0171;800067;UNIPEGA;11000482;A&S TECHNOLOGIES INDUSTRIA E COMERCIO S.A.;20021;SPRAYS 
85656;TINTA SPRAY METALICO CROMO LATA 350ML/210G UNIPEGA;AES0534.0172;800067;UNIPEGA;11000482;A&S TECHNOLOGIES INDUSTRIA E COMERCIO S.A.;20021;SPRAYS 
85657;TINTA SPRAY METALICO OURO LATA 350ML/210G UNIPEGA;AES0534.0173;800067;UNIPEGA;11000482;A&S TECHNOLOGIES INDUSTRIA E COMERCIO S.A.;20021;SPRAYS 
85658;TINTA SPRAY METALICO PRATA LATA 350ML/210G UNIPEGA;AES0534.0174;800067;UNIPEGA;11000482;A&S TECHNOLOGIES INDUSTRIA E COMERCIO S.A.;20021;SPRAYS 
85659;TINTA SPRAY METALICO ROSE GOLD LATA 350ML/210G UNIPEGA;AES0534.0175;800067;UNIPEGA;11000482;A&S TECHNOLOGIES INDUSTRIA E COMERCIO S.A.;20021;SPRAYS 
85639;TINTA SPRAY USO GERAL ALUMINIO LATA 350ML/210G UNIPEGA;AES0534.0154;800067;UNIPEGA;11000482;A&S TECHNOLOGIES INDUSTRIA E COMERCIO S.A.;20021;SPRAYS 
85640;TINTA SPRAY USO GERAL AMARELO LATA 350ML/210G UNIPEGA;AES0534.0155;800067;UNIPEGA;11000482;A&S TECHNOLOGIES INDUSTRIA E COMERCIO S.A.;20021;SPRAYS 
85642;TINTA SPRAY USO GERAL AZUL CLARO LATA 350ML/210G UNIPEGA;AES0534.0157;800067;UNIPEGA;11000482;A&S TECHNOLOGIES INDUSTRIA E COMERCIO S.A.;20021;SPRAYS 
85641;TINTA SPRAY USO GERAL AZUL ESCURO LATA 350ML/210G UNIPEGA;AES0534.0156;800067;UNIPEGA;11000482;A&S TECHNOLOGIES INDUSTRIA E COMERCIO S.A.;20021;SPRAYS 
85643;TINTA SPRAY USO GERAL BRANCO BRILHANTE LATA 350ML/210G UNIPEGA;AES0534.0158;800067;UNIPEGA;11000443;A&S TECHNOLOGIES INDUSTRIA E COMERCIO LTDA;20021;SPRAYS 
85644;TINTA SPRAY USO GERAL BRANCO FOSCO LATA 350ML/210G UNIPEGA;AES0534.0159;800067;UNIPEGA;11000482;A&S TECHNOLOGIES INDUSTRIA E COMERCIO S.A.;20021;SPRAYS 
85645;TINTA SPRAY USO GERAL CINZA CLARO LATA 350ML/210G UNIPEGA;AES0534.0160;800067;UNIPEGA;11000482;A&S TECHNOLOGIES INDUSTRIA E COMERCIO S.A.;20021;SPRAYS 
85646;TINTA SPRAY USO GERAL GRAFITE LATA 350ML/210G UNIPEGA;AES0534.0161;800067;UNIPEGA;11000482;A&S TECHNOLOGIES INDUSTRIA E COMERCIO S.A.;20021;SPRAYS 
85647;TINTA SPRAY USO GERAL LARANJA LATA 350ML/210G UNIPEGA;AES0534.0162;800067;UNIPEGA;11000482;A&S TECHNOLOGIES INDUSTRIA E COMERCIO S.A.;20021;SPRAYS 
85648;TINTA SPRAY USO GERAL MARRON LATA 350ML/210G UNIPEGA;AES0534.0163;800067;UNIPEGA;11000482;A&S TECHNOLOGIES INDUSTRIA E COMERCIO S.A.;20021;SPRAYS 
85649;TINTA SPRAY USO GERAL PRETO BRILHANTE LATA 350ML/210G UNIPEGA;AES0534.0164;800067;UNIPEGA;11000482;A&S TECHNOLOGIES INDUSTRIA E COMERCIO S.A.;20021;SPRAYS 
85650;TINTA SPRAY USO GERAL PRETO FOSCO LATA 350ML/210G UNIPEGA;AES0534.0165;800067;UNIPEGA;11000482;A&S TECHNOLOGIES INDUSTRIA E COMERCIO S.A.;20021;SPRAYS 
85651;TINTA SPRAY USO GERAL ROSA LATA 350ML/210G UNIPEGA;AES0534.0167;800067;UNIPEGA;11000443;A&S TECHNOLOGIES INDUSTRIA E COMERCIO LTDA;20021;SPRAYS 
85652;TINTA SPRAY USO GERAL VERDE LATA 350ML/210G UNIPEGA;AES0534.0168;800067;UNIPEGA;11000482;A&S TECHNOLOGIES INDUSTRIA E COMERCIO S.A.;20021;SPRAYS 
85653;TINTA SPRAY USO GERAL VERMELHO LATA 350ML/210G UNIPEGA;AES0534.0169;800067;UNIPEGA;11000482;A&S TECHNOLOGIES INDUSTRIA E COMERCIO S.A.;20021;SPRAYS 
85654;TINTA SPRAY USO GERAL VIOLETA LATA 350ML/210G UNIPEGA;AES0534.0170;800067;UNIPEGA;11000482;A&S TECHNOLOGIES INDUSTRIA E COMERCIO S.A.;20021;SPRAYS 
85669;TINTA SPRAY VERNIZ BRILHANTE LATA 350ML/210G UNIPEGA;AES0534.0184;800067;UNIPEGA;11000482;A&S TECHNOLOGIES INDUSTRIA E COMERCIO S.A.;20021;SPRAYS 
85668;TINTA SPRAY VERNIZ FOSCO LATA 350ML/210G UNIPEGA;AES0534.0183;800067;UNIPEGA;11000482;A&S TECHNOLOGIES INDUSTRIA E COMERCIO S.A.;20021;SPRAYS 
85452;TINTA TECNICA ESPECIAL  BRANCO DNIT DEMARCACAO 3,6 LT;DM 150500702;67;BRASILUX;556;BRASILUX TINTAS TECNICAS LTDA;30003;TINTA PARA PISO
85502;TINTA TECNICA ESPECIAL - ALTA TEMP ALUMINIO 300ºC 3,6 LT;AL 150101002;67;BRASILUX;556;BRASILUX TINTAS TECNICAS LTDA;30027;KIT BRASCORTEN
85500;TINTA TECNICA ESPECIAL - ALTA TEMP ALUMINIO 300ºC 900 ML;AL 150101001;67;BRASILUX;556;BRASILUX TINTAS TECNICAS LTDA;30027;KIT BRASCORTEN
85503;TINTA TECNICA ESPECIAL - ALTA TEMP PRETO FOSCO 400ºC 3,6 LT;AL 151500102;67;BRASILUX;556;BRASILUX TINTAS TECNICAS LTDA;30027;KIT BRASCORTEN
85501;TINTA TECNICA ESPECIAL - ALTA TEMP PRETO FOSCO 400ºC 900 ML;AL 151500101;67;BRASILUX;556;BRASILUX TINTAS TECNICAS LTDA;30027;KIT BRASCORTEN
84914;TINTA TECNICA ESPECIAL - AMARELO DNIT DEMARCACAO 3,6L;DM 150203702;67;BRASILUX;556;BRASILUX TINTAS TECNICAS LTDA;30003;TINTA PARA PISO
84913;TINTA TECNICA ESPECIAL - AZUL 2,5PB4/10 DEMARCACAO 18L;DM 150309003;67;BRASILUX;556;BRASILUX TINTAS TECNICAS LTDA;30003;TINTA PARA PISO
84912;TINTA TECNICA ESPECIAL - AZUL 2,5PB4/10 DEMARCACAO 3,6L;DM 150309002;67;BRASILUX;556;BRASILUX TINTAS TECNICAS LTDA;30003;TINTA PARA PISO
84870;TINTA TECNICA ESPECIAL - BRANCO N 9,5 PURO 2,7L;BT 150523814;67;BRASILUX;556;BRASILUX TINTAS TECNICAS LTDA;40001;ESMALTES
84915;TINTA TECNICA ESPECIAL - PRETO DEMARCACAO 3,6L;DM 151500102;67;BRASILUX;556;BRASILUX TINTAS TECNICAS LTDA;30003;TINTA PARA PISO
85631;TINTA TECNICA ESPECIAL - VERMELHO 5R4/14 DEMARCACAO (18 LT);DM 152304503;67;BRASILUX;556;BRASILUX TINTAS TECNICAS LTDA;30003;TINTA PARA PISO
84365;TINTA TECNICA ESPECIAL - VERNIZ PU ACR. ALIFATICO (2,7 L);VN 150023114;67;BRASILUX;556;BRASILUX TINTAS TECNICAS LTDA;40002;EPOXI
85314;TINTA TECNICA ESPECIAL KIT POWER PISO CINZA CLARO KIT 3,6L BRASILUX;KT 150603126;67;BRASILUX;556;BRASILUX TINTAS TECNICAS LTDA;40002;EPOXI
85313;TINTA TECNICA ESPECIAL KIT POWER PISO INCOLOR KIT 3,6 LT BRASILUX;KT 150065326;67;BRASILUX;556;BRASILUX TINTAS TECNICAS LTDA;40001;ESMALTES
84897;TINTA TECNICA ESPECIAL KIT PU AMARELO 5Y8/12 SEG 3,6L BRASILUX;KT 150205126;67;BRASILUX;556;BRASILUX TINTAS TECNICAS LTDA;40002;EPOXI
84898;TINTA TECNICA ESPECIAL KIT PU AZUL 2.5PB4/10 SEG 3,6L BRASILUX;KT 150309026;67;BRASILUX;556;BRASILUX TINTAS TECNICAS LTDA;40002;EPOXI
84899;TINTA TECNICA ESPECIAL KIT PU BRANCO 3,6L BRASILUX;KT 150506226;67;BRASILUX;556;BRASILUX TINTAS TECNICAS LTDA;40002;EPOXI
84900;TINTA TECNICA ESPECIAL KIT PU CINZA MEDIO N5 3,6L BRASILUX;KT 150605426;67;BRASILUX;556;BRASILUX TINTAS TECNICAS LTDA;40002;EPOXI
85558;TINTA TECNICA ESPECIAL KIT PU CINZA N6,5 3,6L BRASILUX;KT 150601726;67;BRASILUX;556;BRASILUX TINTAS TECNICAS LTDA;40002;EPOXI
86935;TINTA TECNICA ESPECIAL KIT PU LARANJA 2.5YR6/14 3,6L;KT 150901426;67;BRASILUX;556;BRASILUX TINTAS TECNICAS LTDA;40002;EPOXI
84200;TINTA TECNICA ESPECIAL KIT PU PISCINA AZUL 4,5L BRASILUX;KT 150343048;67;BRASILUX;556;BRASILUX TINTAS TECNICAS LTDA;40002;EPOXI
84922;TINTA TECNICA ESPECIAL KIT PU PISCINA BRANCO 4,5L BRASILUX;KT 150500748;67;BRASILUX;556;BRASILUX TINTAS TECNICAS LTDA;40002;EPOXI
85292;TINTA TECNICA ESPECIAL KIT PU PRETO N1 3,6L BRASILUX;KT 151500826;67;BRASILUX;556;BRASILUX TINTAS TECNICAS LTDA;40002;EPOXI
84901;TINTA TECNICA ESPECIAL KIT PU VERDE 2,5 G 5/10 3,6L BRASILUX;KT 152264126;67;BRASILUX;556;BRASILUX TINTAS TECNICAS LTDA;40002;EPOXI
84902;TINTA TECNICA ESPECIAL KIT PU VERMELHO 5R4/14 3,6L BRASILUX;KT 152304526;67;BRASILUX;556;BRASILUX TINTAS TECNICAS LTDA;40002;EPOXI
85632;TINTA TECNICA ESPECIAL VERMELHO DEMARCAÇÃO 5R4/14 3,6 LT;DM 152304502;67;BRASILUX;556;BRASILUX TINTAS TECNICAS LTDA;30003;TINTA PARA PISO
26;TIRANTE RESPIRADOR 6000/6200 3M;H0001710963;4;3M;36;3M DO BRASIL LTDA;20027;EPI´S
85248;TOALHA CLAY BAR ZACS;2050511;10;VONIXX;425;VONIXX INDUSTRIA E COMERCIO DE POLIDORES LTDA;20011;LINHA DE HIGENIZAÇÃO E ESTÉTICA  AUTOMOTIVA VONIX
83873;TOALHA DE SECAGEM 40X80 VINTEX VONIXX;2005112;10;VONIXX;425;VONIXX INDUSTRIA E COMERCIO DE POLIDORES LTDA;20011;LINHA DE HIGENIZAÇÃO E ESTÉTICA  AUTOMOTIVA VONIX
83964;TOALHEIRO;5345;51;START;454;LIMA & PERGHERN INDUSTRIA E COMERCIO;999999;GRUPO CONVERSAO
24210;TOCHA SOLDA MIG 250A 24KD 3 METROS COM CONECTOR EURO V8;1003772;59;V8;11000431;ATLANTA INDUSTRIA, IMPORTACAO E COMERCIO LTDA;20028;APLICADORES / ADAPTADORES / ENGATES / SUPORTES
23692;TONNER BROTHER 1060 DEPOSITO;123;999999;.;99999999;FORNECEDOR CONVERSAO;999999;GRUPO CONVERSAO
23693;TONNER HP 12A  E 85A LOJA;234;999999;.;99999999;FORNECEDOR CONVERSAO;999999;GRUPO CONVERSAO
24190;TOP TIRES LIMPA PNEU;PA93;62;SAFIRA;539;SAFIRA COMERCIAL EIRELI-ME;20006;CERA  / LIMPEZA /  POLIMENTO VEICULAR
87034;TOQUE DE BRILHO LONDRES BALDE 25KG MISTERCRYL;5046;800113;MISTERCRYL;11000468;DURACOLOR INDUSTRIA E COMERCIO DE TINTAS;30023;TEXTURA
86972;TORNEIRA ALAVANCA PVC 18CM 1/2 BRANCA HERC;145;800110;HERC;11000465;IND DE PLASTICOS HERC LTDA;30043;TORNEIRA/DUCHA
86971;TORNEIRA COZINHA PVC 15CM 1/2 BRANCA HERC;134;800110;HERC;11000465;IND DE PLASTICOS HERC LTDA;30043;TORNEIRA/DUCHA
87382;TORNEIRA JARDIM METAL C/ ADAPTADOR P/ 3/4;;800110;HERC;80000530;VGS COMERCIO VAREJISTA DE MATERIAL DE CONSTRUÇÃO;30043;TORNEIRA/DUCHA
86967;TORNEIRA JARDIM PVC C/ ADAPTADOR P/ 3/4 PRETA HERC;101;800110;HERC;11000465;IND DE PLASTICOS HERC LTDA;30043;TORNEIRA/DUCHA
86973;TORNEIRA LAVATORIO PVC 1/2 BRANCA HERC;150;800110;HERC;11000465;IND DE PLASTICOS HERC LTDA;30043;TORNEIRA/DUCHA
86968;TORNEIRA MULTI-USO PVC 15CM 1/2 BRANCA HERC;115;800110;HERC;11000465;IND DE PLASTICOS HERC LTDA;30043;TORNEIRA/DUCHA
86969;TORNEIRA TANQUE PVC 10CM 1/2 BRANCA HERC;123;800110;HERC;11000465;IND DE PLASTICOS HERC LTDA;30043;TORNEIRA/DUCHA
86970;TORNEIRA TANQUE PVC 15CM 1/2 BRANCA HERC;395;800110;HERC;11000465;IND DE PLASTICOS HERC LTDA;30043;TORNEIRA/DUCHA
86977;TORNEIRA TANQUE/MAQUINA DE LAVAR ABS C/ BICO SICILIA BRANCA HERC;1000000711;800110;HERC;11000465;IND DE PLASTICOS HERC LTDA;30043;TORNEIRA/DUCHA
24269;TOTEM ASSEPTGEL 1,20MT 420GR;54752;51;START;452;LIMA & PERGHER INDUSTRIAL E COMERCIO;999999;GRUPO CONVERSAO
85036;"TRINCHA 315 1 1/2"" PINTURA RECORTE E ACAB. PLUMATEK AT315/4 ATLAS";AT315/4;35;ATLAS;80000522;ATLAS S.A.;30028;ROLOS / TRINCHAS / PINCÉIS / ESPÁTULAS
85035;"TRINCHA 315 1"" PINTURA RECORTE E ACAB. PLUMATEK AT315/3 ATLAS";AT315/3;35;ATLAS;80000522;ATLAS S.A.;30028;ROLOS / TRINCHAS / PINCÉIS / ESPÁTULAS
85033;"TRINCHA 315 1/2"" PINTURA RECORTE E ACAB. PLUMATEK AT315/1 ATLAS";AT315/1;35;ATLAS;80000522;ATLAS S.A.;30028;ROLOS / TRINCHAS / PINCÉIS / ESPÁTULAS
85038;"TRINCHA 315 2 1/2"" PINTURA RECORTE E ACAB. PLUMATEK AT315/6 ATLAS";AT315/6;35;ATLAS;80000522;ATLAS S.A.;30028;ROLOS / TRINCHAS / PINCÉIS / ESPÁTULAS
85037;"TRINCHA 315 2"" PINTURA RECORTE E ACAB. PLUMATEK AT315/5 ATLAS";AT315/5;35;ATLAS;80000522;ATLAS S.A.;30028;ROLOS / TRINCHAS / PINCÉIS / ESPÁTULAS
85039;"TRINCHA 315 3"" PINTURA RECORTE E ACAB. PLUMATEK AT315/7 ATLAS";AT315/7;35;ATLAS;80000522;ATLAS S.A.;30028;ROLOS / TRINCHAS / PINCÉIS / ESPÁTULAS
85034;"TRINCHA 315 3/4"" PINTURA RECORTE E ACAB. PLUMATEK AT315/2 ATLAS";AT315/2;35;ATLAS;80000522;ATLAS S.A.;30028;ROLOS / TRINCHAS / PINCÉIS / ESPÁTULAS
85040;"TRINCHA 315 4"" PINTURA RECORTE E ACAB. PLUMATEK AT315/9 ATLAS";AT315/9;35;ATLAS;80000522;ATLAS S.A.;30028;ROLOS / TRINCHAS / PINCÉIS / ESPÁTULAS
85044;"TRINCHA 319 1 1/2"" PINTURA ESMALTE 319/4 ATLAS";319/4;35;ATLAS;80000522;ATLAS S.A.;30028;ROLOS / TRINCHAS / PINCÉIS / ESPÁTULAS
85043;"TRINCHA 319 1"" PINTURA ESMALTE 319/3 ATLAS";319/3;35;ATLAS;80000522;ATLAS S.A.;30028;ROLOS / TRINCHAS / PINCÉIS / ESPÁTULAS
85041;"TRINCHA 319 1/2"" PINTURA ESMALTE 319/1 ATLAS";319/1;35;ATLAS;80000522;ATLAS S.A.;30028;ROLOS / TRINCHAS / PINCÉIS / ESPÁTULAS
85046;"TRINCHA 319 2 1/2"" PINTURA ESMALTE 319/6 ATLAS";319/6;35;ATLAS;80000522;ATLAS S.A.;30028;ROLOS / TRINCHAS / PINCÉIS / ESPÁTULAS
85045;"TRINCHA 319 2"" PINTURA ESMALTE 319/5 ATLAS";319/5;35;ATLAS;80000522;ATLAS S.A.;30028;ROLOS / TRINCHAS / PINCÉIS / ESPÁTULAS
85047;"TRINCHA 319 3"" PINTURA ESMALTE 319/7 ATLAS";319/7;35;ATLAS;80000522;ATLAS S.A.;30028;ROLOS / TRINCHAS / PINCÉIS / ESPÁTULAS
85042;"TRINCHA 319 3/4"" PINTURA ESMALTE 319/2 ATLAS";319/2;35;ATLAS;80000522;ATLAS S.A.;30028;ROLOS / TRINCHAS / PINCÉIS / ESPÁTULAS
85048;"TRINCHA 319 4"" PINTURA ESMALTE 319/9 ATLAS";319/9;35;ATLAS;8;PINCEIS ATLAS S.A.;30028;ROLOS / TRINCHAS / PINCÉIS / ESPÁTULAS
10114;"TRINCHA 395 1 1/2"" PINTURA LATEX E ACRILICA 395/4 ATLAS";395/4;35;ATLAS;80000522;ATLAS S.A.;30028;ROLOS / TRINCHAS / PINCÉIS / ESPÁTULAS
10115;"TRINCHA 395 1"" PINTURA LATEX E ACRILICA 395/3 ATLAS";395/3;35;ATLAS;80000522;ATLAS S.A.;30028;ROLOS / TRINCHAS / PINCÉIS / ESPÁTULAS
10116;"TRINCHA 395 1/2"" PINTURA LATEX E ACRILICA 395/1 ATLAS";395/1;35;ATLAS;80000522;ATLAS S.A.;30028;ROLOS / TRINCHAS / PINCÉIS / ESPÁTULAS
10117;"TRINCHA 395 2 1/2"" PINTURA LATEX E ACRILICA 395/6 ATLAS";395/6;35;ATLAS;80000522;ATLAS S.A.;30028;ROLOS / TRINCHAS / PINCÉIS / ESPÁTULAS
10118;"TRINCHA 395 2"" PINTURA LATEX E ACRILICA 395/5 ATLAS";395/5;35;ATLAS;80000522;ATLAS S.A.;30028;ROLOS / TRINCHAS / PINCÉIS / ESPÁTULAS
10120;"TRINCHA 395 3"" PINTURA LATEX E ACRILICA 395/7 ATLAS";395/7;35;ATLAS;80000522;ATLAS S.A.;30028;ROLOS / TRINCHAS / PINCÉIS / ESPÁTULAS
10119;"TRINCHA 395 3/4"" PINTURA LATEX E ACRILICA 395/2 ATLAS";395/2;35;ATLAS;80000522;ATLAS S.A.;30028;ROLOS / TRINCHAS / PINCÉIS / ESPÁTULAS
10121;"TRINCHA 395 4"" PINTURA LATEX E ACRILICA 395/9 ATLAS";395/9;35;ATLAS;80000522;ATLAS S.A.;30028;ROLOS / TRINCHAS / PINCÉIS / ESPÁTULAS
87093;"TRINCHA 416 1"" PINTURA ANGULAR IMPERIAL AT416/3AN ATLAS";AT416/3AN;35;ATLAS;8;PINCEIS ATLAS S.A.;30028;ROLOS / TRINCHAS / PINCÉIS / ESPÁTULAS
87094;"TRINCHA 416 1/2"" PINTURA ANGULAR IMPERIAL AT416/4AN ATLAS";AT416/4AN;35;ATLAS;8;PINCEIS ATLAS S.A.;30028;ROLOS / TRINCHAS / PINCÉIS / ESPÁTULAS
87096;"TRINCHA 416 2 1/2"" PINTURA ANGULAR IMPERIAL AT416/6AN ATLAS";AT416/6AN;35;ATLAS;8;PINCEIS ATLAS S.A.;30028;ROLOS / TRINCHAS / PINCÉIS / ESPÁTULAS
87097;"TRINCHA 416 2"" PINTURA ANGULAR CABO CURTO IMPERIAL AT416/5ES ATLAS";AT416/5ES;35;ATLAS;8;PINCEIS ATLAS S.A.;30028;ROLOS / TRINCHAS / PINCÉIS / ESPÁTULAS
87095;"TRINCHA 416 2"" PINTURA ANGULAR IMPERIAL AT416/5AN ATLAS";AT416/5AN;35;ATLAS;80000522;ATLAS S.A.;30028;ROLOS / TRINCHAS / PINCÉIS / ESPÁTULAS
85633;"TRINCHA 700E 1"" CONDOR";971397;800066;CONDOR PINCEIS;11000442;CONDOR PINCEIS LTDA;30028;ROLOS / TRINCHAS / PINCÉIS / ESPÁTULAS
85634;"TRINCHA 700E 2"" CONDOR";971399;800066;CONDOR PINCEIS;11000442;CONDOR PINCEIS LTDA;30028;ROLOS / TRINCHAS / PINCÉIS / ESPÁTULAS
85497;TRINCHA PLAST 1 POL SIMPLES TIGRE;;999999;.;99999999;FORNECEDOR CONVERSAO;30028;ROLOS / TRINCHAS / PINCÉIS / ESPÁTULAS
86962;TRYON 500ML VONIXX;2051023;10;VONIXX;425;VONIXX INDUSTRIA E COMERCIO DE POLIDORES LTDA;20011;LINHA DE HIGENIZAÇÃO E ESTÉTICA  AUTOMOTIVA VONIX
85205;TYRANT 240ML VONIXX;2050022;10;VONIXX;425;VONIXX INDUSTRIA E COMERCIO DE POLIDORES LTDA;20011;LINHA DE HIGENIZAÇÃO E ESTÉTICA  AUTOMOTIVA VONIX
10394;ULTRA LIGHT ADESIVO PLASTICO 495G MAXI RUBBER;1MG095;6;MAXI RUBBER;11000387;MAXI RUBBER INDUSTRIAS QUIMICAS LTDA;20026;COLA  PLÁSTICA 
23471;ULTRA PERFORMANCE POLIDOR 500ML 3M;HB004584361;4;3M;36;3M DO BRASIL LTDA;20018;LÍQUIDOS P/ POLIMENTO 
20625;ULTRA PRIMER ALTO SÓLIDOS 900ML MAXI RUBBER;2MA020;6;MAXI RUBBER;11000387;MAXI RUBBER INDUSTRIAS QUIMICAS LTDA;20035;PRIMER AUTOMOTIVO
23468;ULTRAFINA FINALIZADOR 500ML 3M;HB004584403;4;3M;36;3M DO BRASIL LTDA;20018;LÍQUIDOS P/ POLIMENTO 
84399;V-ECO 1,5L VONIXX;2011006;10;VONIXX;425;VONIXX INDUSTRIA E COMERCIO DE POLIDORES LTDA;20011;LINHA DE HIGENIZAÇÃO E ESTÉTICA  AUTOMOTIVA VONIX
83803;V-FINISH POLIDOR LUSTRO PREMIUM 500ML VONIXX;2009046;10;VONIXX;585;VOXER COMERCIO DE CERAS E POLIDORES LTDA;20011;LINHA DE HIGENIZAÇÃO E ESTÉTICA  AUTOMOTIVA VONIX
23442;V-FLOC 1,5L VONIXX;2011004;10;VONIXX;425;VONIXX INDUSTRIA E COMERCIO DE POLIDORES LTDA;20011;LINHA DE HIGENIZAÇÃO E ESTÉTICA  AUTOMOTIVA VONIX
84401;V-FLOC 3L VONIXX;2011081;10;VONIXX;425;VONIXX INDUSTRIA E COMERCIO DE POLIDORES LTDA;20011;LINHA DE HIGENIZAÇÃO E ESTÉTICA  AUTOMOTIVA VONIX
84873;V-FLOC 500ML VONIXX;2011069;10;VONIXX;425;VONIXX INDUSTRIA E COMERCIO DE POLIDORES LTDA;20011;LINHA DE HIGENIZAÇÃO E ESTÉTICA  AUTOMOTIVA VONIX
84402;V-FLOC 5L VONIXX;2008049;10;VONIXX;425;VONIXX INDUSTRIA E COMERCIO DE POLIDORES LTDA;20011;LINHA DE HIGENIZAÇÃO E ESTÉTICA  AUTOMOTIVA VONIX
23436;V-LEATHER 50ML VONIXX;2018013;10;VONIXX;425;VONIXX INDUSTRIA E COMERCIO DE POLIDORES LTDA;20011;LINHA DE HIGENIZAÇÃO E ESTÉTICA  AUTOMOTIVA VONIX
164;V-LIGHT PRO 50ML VONIXX;2018016;10;VONIXX;425;VONIXX INDUSTRIA E COMERCIO DE POLIDORES LTDA;20011;LINHA DE HIGENIZAÇÃO E ESTÉTICA  AUTOMOTIVA VONIX
22052;V-LUB 500ML VONIXX;PA11014;10;VONIXX;425;VONIXX INDUSTRIA E COMERCIO DE POLIDORES LTDA;20011;LINHA DE HIGENIZAÇÃO E ESTÉTICA  AUTOMOTIVA VONIX
84403;V-MOL 1,5L VONIXX;2050116;10;VONIXX;425;VONIXX INDUSTRIA E COMERCIO DE POLIDORES LTDA;20011;LINHA DE HIGENIZAÇÃO E ESTÉTICA  AUTOMOTIVA VONIX
85206;V-MOL 5L VONIXX;2050117;10;VONIXX;425;VONIXX INDUSTRIA E COMERCIO DE POLIDORES LTDA;20011;LINHA DE HIGENIZAÇÃO E ESTÉTICA  AUTOMOTIVA VONIX
23435;V-PAINT 20ML VONIXX;2018006;10;VONIXX;425;VONIXX INDUSTRIA E COMERCIO DE POLIDORES LTDA;20011;LINHA DE HIGENIZAÇÃO E ESTÉTICA  AUTOMOTIVA VONIX
23479;V-PAINT 50ML VONIXX;2018018;10;VONIXX;425;VONIXX INDUSTRIA E COMERCIO DE POLIDORES LTDA;20011;LINHA DE HIGENIZAÇÃO E ESTÉTICA  AUTOMOTIVA VONIX
23482;V-PLASTIC 20ML VONIXX;2018007;10;VONIXX;425;VONIXX INDUSTRIA E COMERCIO DE POLIDORES LTDA;20011;LINHA DE HIGENIZAÇÃO E ESTÉTICA  AUTOMOTIVA VONIX
23448;V-PLASTIC PRO 50ML VONIXX;2018015;10;VONIXX;425;VONIXX INDUSTRIA E COMERCIO DE POLIDORES LTDA;20011;LINHA DE HIGENIZAÇÃO E ESTÉTICA  AUTOMOTIVA VONIX
83804;V-POLISH POLIDOR REFINO PREMIUM 500ML VONIXX;2009045;10;VONIXX;425;VONIXX INDUSTRIA E COMERCIO DE POLIDORES LTDA;20011;LINHA DE HIGENIZAÇÃO E ESTÉTICA  AUTOMOTIVA VONIX
24332;V10 CORTE VERNIZ ASIATICO 500ML VONIXX;2009052;10;VONIXX;425;VONIXX INDUSTRIA E COMERCIO DE POLIDORES LTDA;20011;LINHA DE HIGENIZAÇÃO E ESTÉTICA  AUTOMOTIVA VONIX
65;V20 REFINO VERNIZ ASIATICO 500ML VONIXX;2009053;10;VONIXX;425;VONIXX INDUSTRIA E COMERCIO DE POLIDORES LTDA;20011;LINHA DE HIGENIZAÇÃO E ESTÉTICA  AUTOMOTIVA VONIX
66;V30 LUSTRO VERNIZ ASIATICO 500ML VONIXX;2009051;10;VONIXX;425;VONIXX INDUSTRIA E COMERCIO DE POLIDORES LTDA;20011;LINHA DE HIGENIZAÇÃO E ESTÉTICA  AUTOMOTIVA VONIX
23445;V40 4 EM 1 500ML VONIXX;2009033;10;VONIXX;425;VONIXX INDUSTRIA E COMERCIO DE POLIDORES LTDA;20011;LINHA DE HIGENIZAÇÃO E ESTÉTICA  AUTOMOTIVA VONIX
23446;V80 SELANTE SINTETICO 500ML VONIXX;2009023;10;VONIXX;425;VONIXX INDUSTRIA E COMERCIO DE POLIDORES LTDA;20011;LINHA DE HIGENIZAÇÃO E ESTÉTICA  AUTOMOTIVA VONIX
85542;VASSOURA C/ ROSCA PELO 40CM S/ CABO;11964;29;BRILHOMAX;112;COM.ALVORADA LIMPEZA E DESCARTAVEIS;999999;GRUPO CONVERSAO
23562;VASSOURA DE PALHA;BT4072;44;TUFF;112;COM.ALVORADA LIMPEZA E DESCARTAVEIS;999999;GRUPO CONVERSAO
250;VASSOURA PELO C/ CABO 30CM;2971;51;START;112;COM.ALVORADA LIMPEZA E DESCARTAVEIS;999999;GRUPO CONVERSAO
85687;VEDA CALHA ALUMINIO CARTUCHO 280ML UNIPEGA;AES0511.0059;800067;UNIPEGA;11000443;A&S TECHNOLOGIES INDUSTRIA E COMERCIO LTDA;30034;SILICONE
85688;VEDA CALHA CINZA CARTUCHO 280ML UNIPEGA;AES0511.0116;800067;UNIPEGA;11000482;A&S TECHNOLOGIES INDUSTRIA E COMERCIO S.A.;30034;SILICONE
84460;VEDA CHOQUE 300G BRASILUX;KT 870537844;67;BRASILUX;556;BRASILUX TINTAS TECNICAS LTDA;20049;VEDADORES / SELANTES
23624;VEDA-CHOQUE 150G 2 UNIDADES 75G MAXI RUBBER;4MP021;6;MAXI RUBBER;11000387;MAXI RUBBER INDUSTRIAS QUIMICAS LTDA;20049;VEDADORES / SELANTES
10403;VEDA-CHOQUE 290G 2 UNIDADES DE 145G MAXI RUBBER;4MP020;6;MAXI RUBBER;11000387;MAXI RUBBER INDUSTRIAS QUIMICAS LTDA;20049;VEDADORES / SELANTES
10404;VEDADOR CAPO KPO A 400G + B 60G MAXI RUBBER;4MG040;6;MAXI RUBBER;11000387;MAXI RUBBER INDUSTRIAS QUIMICAS LTDA;20049;VEDADORES / SELANTES
10397;VEDADOR CAPO KPO MAXIVED 1,15KG MAXI RUBBER;4MA040;6;MAXI RUBBER;11000387;MAXI RUBBER INDUSTRIAS QUIMICAS LTDA;20049;VEDADORES / SELANTES
85732;VEDADOR CAPO KPO SACHE 100G MAXIVED MAXI RUBBER;4MG049;6;MAXI RUBBER;11000387;MAXI RUBBER INDUSTRIAS QUIMICAS LTDA;20049;VEDADORES / SELANTES
28;VEDANTE PARA ESCAPAMENTO 100G TEK BOND;22201090100;71;TEK BOND;570;SAINT GOBAIN;20049;VEDADORES / SELANTES
87006;VENTOSA PLASTICA DE SUCÇÃO DE CABEÇA DUPLA AT194/1 ATLAS;AT194/1;35;ATLAS;8;PINCEIS ATLAS S.A.;20058;OUTRAS FERRAMENTAS / EQUIPAMENTOS
9836;VERMELHO LYRA WEG-21,94-ST;12271523;999999;.;99999999;FORNECEDOR CONVERSAO;20002;TINTAS POLIÉSTER
267;VERMELHO TORNADO-21,94-ST;CPP-711.04;999999;.;99999999;FORNECEDOR CONVERSAO;20002;TINTAS POLIÉSTER
20454;VERNIZ 8937 5L LAZZURIL;04.50.08937-641;3;SHERWIN WILLIAMS;35;SHERWIN - WILLIAMS DO BRASIL IND. E COM. LTDA;20034;VERNIZ AUTOMOTIVO
20399;VERNIZ 8937 900ML LAZZURIL;04.50.08937-442;3;SHERWIN WILLIAMS;35;SHERWIN - WILLIAMS DO BRASIL IND. E COM. LTDA;20034;VERNIZ AUTOMOTIVO
21444;VERNIZ 9100 ALTO SOLIDOS 2:1 18L WANDA-21,46-ST;529594;1;WANDA;34;AKZO NOBEL LTDA;20034;VERNIZ AUTOMOTIVO
21489;VERNIZ 9100 ALTO SOLIDOS 2:1 4L WANDA-21,46-ST;529595;1;WANDA;34;AKZO NOBEL LTDA;20034;VERNIZ AUTOMOTIVO
21073;VERNIZ 9100 ALTO SOLIDOS 2:1 900ML WANDA-21,46-ST;529593;1;WANDA;34;AKZO NOBEL LTDA;20034;VERNIZ AUTOMOTIVO
86921;VERNIZ 9500 ALTO SOLIDOS 2:1 4L WANDA;606323;1;WANDA;34;AKZO NOBEL LTDA;20034;VERNIZ AUTOMOTIVO
85282;VERNIZ 9500 ALTO SOLIDOS 2:1 900ML WANDA;605546;1;WANDA;34;AKZO NOBEL LTDA;20034;VERNIZ AUTOMOTIVO
24127;VERNIZ ALTO SOLIDO 12.000 0,675ML SKY-21,94-ST;2,2012E+11;57;SKY;521;SKYLACK TINTAS E VERNIZES LTDA;20034;VERNIZ AUTOMOTIVO
24130;VERNIZ ALTO SOLIDO 4:1 15.000 0,900ML SKY-21,94-ST;2,2015E+11;57;SKY;521;SKYLACK TINTAS E VERNIZES LTDA;20034;VERNIZ AUTOMOTIVO
85163;VERNIZ ALTO SOLIDOS 9038 900ML;VN 220093801;67;BRASILUX;556;BRASILUX TINTAS TECNICAS LTDA;20034;VERNIZ AUTOMOTIVO
84646;VERNIZ BASE EPOXI POLIAMIDA LINHA 03 18L BRASILUX;VN 030013403;67;BRASILUX;556;BRASILUX TINTAS TECNICAS LTDA;40003;BASES SISTEMA NO MACHINE 
84647;VERNIZ BASE EPOXI POLIAMINA LINHA 16 18L BRASILUX;VN 160016003;67;BRASILUX;556;BRASILUX TINTAS TECNICAS LTDA;40003;BASES SISTEMA NO MACHINE 
85450;VERNIZ BASE FOSCA P/ MAQUINAS 18L BRASILUX;VN 010064403;67;BRASILUX;556;BRASILUX TINTAS TECNICAS LTDA;40002;EPOXI
24355;VERNIZ BASE NITROCELULOSE 18L BRASILUX;VN 090002003;67;BRASILUX;556;BRASILUX TINTAS TECNICAS LTDA;40003;BASES SISTEMA NO MACHINE 
84648;VERNIZ BASE POLIAMIDA 18L BRASILUX;VN 330013803;67;BRASILUX;556;BRASILUX TINTAS TECNICAS LTDA;40003;BASES SISTEMA NO MACHINE 
24357;VERNIZ BASE PU FLEET 3X1 18L BRASILUX;VN 260013003;67;BRASILUX;556;BRASILUX TINTAS TECNICAS LTDA;40003;BASES SISTEMA NO MACHINE 
84490;VERNIZ BASE PU FLEET 3X1 BRASIDUR 3,6L;VN 260013002;67;BRASILUX;556;BRASILUX TINTAS TECNICAS LTDA;40003;BASES SISTEMA NO MACHINE 
24354;VERNIZ BASE SINTETICO 18L BRASILUX;VN 090013103;67;BRASILUX;556;BRASILUX TINTAS TECNICAS LTDA;40003;BASES SISTEMA NO MACHINE 
24233;VERNIZ DE MOTOR 1,5L VONIXX;2011005;10;VONIXX;425;VONIXX INDUSTRIA E COMERCIO DE POLIDORES LTDA;20011;LINHA DE HIGENIZAÇÃO E ESTÉTICA  AUTOMOTIVA VONIX
86963;VERNIZ DE MOTOR AEROSSOL 400ML VONIXX;2011107;10;VONIXX;425;VONIXX INDUSTRIA E COMERCIO DE POLIDORES LTDA;20011;LINHA DE HIGENIZAÇÃO E ESTÉTICA  AUTOMOTIVA VONIX
84055;VERNIZ EFEITO JATEADO 900ML BRASILUX;VN 190096001;67;BRASILUX;556;BRASILUX TINTAS TECNICAS LTDA;50001;LINHA MOVELEIRA
86123;VERNIZ EXTRA MARITIMO ACETINADO NATURAL 3,6L;5203123;800075;SPARLACK CETOL;34;AKZO NOBEL LTDA;50001;LINHA MOVELEIRA
86124;VERNIZ EXTRA MARITIMO ACETINADO NATURAL 900ML;5203124;800075;SPARLACK CETOL;34;AKZO NOBEL LTDA;50001;LINHA MOVELEIRA
86157;VERNIZ EXTRA MARITIMO BASE AGUA ACETINADO NATURAL 3,6L;5203179;800075;SPARLACK CETOL;34;AKZO NOBEL LTDA;50001;LINHA MOVELEIRA
86158;VERNIZ EXTRA MARITIMO BASE AGUA ACETINADO NATURAL 900ML;5203180;800075;SPARLACK CETOL;34;AKZO NOBEL LTDA;50001;LINHA MOVELEIRA
86151;VERNIZ EXTRA MARITIMO BASE AGUA BRILHANTE NATURAL 3,6L;5203165;800075;SPARLACK CETOL;534;AKZO NOBEL LTDA;50001;LINHA MOVELEIRA
86152;VERNIZ EXTRA MARITIMO BASE AGUA BRILHANTE NATURAL 900ML;5203166;800075;SPARLACK CETOL;534;AKZO NOBEL LTDA;50001;LINHA MOVELEIRA
86117;VERNIZ EXTRA MARITIMO BRILHANTE NATURAL 225ML;5203107;800075;SPARLACK CETOL;34;AKZO NOBEL LTDA;50001;LINHA MOVELEIRA
86114;VERNIZ EXTRA MARITIMO BRILHANTE NATURAL 3,6L;5203104;800075;SPARLACK CETOL;534;AKZO NOBEL LTDA;50001;LINHA MOVELEIRA
86115;VERNIZ EXTRA MARITIMO BRILHANTE NATURAL 900ML;5203105;800075;SPARLACK CETOL;534;AKZO NOBEL LTDA;50001;LINHA MOVELEIRA
86116;VERNIZ EXTRA MARITIMO BRILHANTE NATURAL LATA 18L;5203106;800075;SPARLACK CETOL;34;AKZO NOBEL LTDA;50001;LINHA MOVELEIRA
86112;VERNIZ EXTRA MARITIMO FOSCO NATURAL 3,6L;5203101;800075;SPARLACK CETOL;534;AKZO NOBEL LTDA;50001;LINHA MOVELEIRA
86113;VERNIZ EXTRA MARITIMO FOSCO NATURAL 900ML;5203102;800075;SPARLACK CETOL;534;AKZO NOBEL LTDA;50001;LINHA MOVELEIRA
218;VERNIZ HT W-20 0,750ML WEQ-21,94-ST;147258;999999;.;99999999;FORNECEDOR CONVERSAO;20034;VERNIZ AUTOMOTIVO
85395;VERNIZ PARA MADEIRA MARITIMO NOGUEIRA 3,6 LT;VM 094900802;67;BRASILUX;556;BRASILUX TINTAS TECNICAS LTDA;50001;LINHA MOVELEIRA
21490;VERNIZ PU 5100 HS 5LTS WANDA-21,94-ST;510439;1;WANDA;534;AKZO NOBEL LTDA;20034;VERNIZ AUTOMOTIVO
85079;VERNIZ PU ACAB FOSCO 750ML AUTOMOTIVO BRASIDUR;VN 240009213;67;BRASILUX;556;BRASILUX TINTAS TECNICAS LTDA;20034;VERNIZ AUTOMOTIVO
24415;VERNIZ SKYFAST HS 5:1 0,900 SKY-21,94-ST;220RR2000101;57;SKY;521;SKYLACK TINTAS E VERNIZES LTDA;20034;VERNIZ AUTOMOTIVO
84400;VERSE 500ML VONIXX;2011095;10;VONIXX;425;VONIXX INDUSTRIA E COMERCIO DE POLIDORES LTDA;20011;LINHA DE HIGENIZAÇÃO E ESTÉTICA  AUTOMOTIVA VONIX
87035;VERTEX LIMPADOR DE ESTOFADOS 1,5L VONIXX;2050886;10;VONIXX;425;VONIXX INDUSTRIA E COMERCIO DE POLIDORES LTDA;20011;LINHA DE HIGENIZAÇÃO E ESTÉTICA  AUTOMOTIVA VONIX
87036;VERTEX LIMPADOR DE ESTOFADOS 5L VONIXX;2050437;10;VONIXX;425;VONIXX INDUSTRIA E COMERCIO DE POLIDORES LTDA;20011;LINHA DE HIGENIZAÇÃO E ESTÉTICA  AUTOMOTIVA VONIX
85211;VEXUS 500ML SPRAY VONIXX;2005228;10;VONIXX;425;VONIXX INDUSTRIA E COMERCIO DE POLIDORES LTDA;20011;LINHA DE HIGENIZAÇÃO E ESTÉTICA  AUTOMOTIVA VONIX
85392;VIAMANTA POLIESTER 4 mm;V0118248;999999;.;11000433;VIAPOL LTDA.;1043;...........................................
24419;VX 45 VITRIFICADOR DE PINTURA AEROSOL 65ML ALCANCE;66;25;ALCANCE;387;ALCANCE TECNOLOGIA QUIMICA LTDA;20006;CERA  / LIMPEZA /  POLIMENTO VEICULAR
24199;VX45 100ML VITRIFICADOR DE PINTURA ALCANCE;6113;999999;.;387;ALCANCE TECNOLOGIA QUIMICA LTDA;20006;CERA  / LIMPEZA /  POLIMENTO VEICULAR
23074;VX45 VITRIFICADOR DE PINTURA 20ML ALCANCE;VX4520;999999;.;387;ALCANCE TECNOLOGIA QUIMICA LTDA;20006;CERA  / LIMPEZA /  POLIMENTO VEICULAR
9859;WANDABASE MM 1990 CONTROLE UNIVERSAL DE EFEITO 0,9L-21,46-ST;391718;1;WANDA;34;AKZO NOBEL LTDA;20031;BASES POLIÉSTER
23398;WANDABASE MM 1991 CONTROLE DE EFEITO METALICO 0,9 L-21,67-ST;529638;1;WANDA;34;AKZO NOBEL LTDA;20031;BASES POLIÉSTER
9860;WANDABASE MM 2000 BINDER 18L-21,45-ST;529639;1;WANDA;34;AKZO NOBEL LTDA;20031;BASES POLIÉSTER
20312;WANDABASE MM 2000 BINDER 3,6L-21,67-ST;391719;1;WANDA;34;AKZO NOBEL LTDA;20031;BASES POLIÉSTER
9861;WANDABASE MM 2001 ALUMINIO FINO 3,6L-21,46-ST;391720;1;WANDA;34;AKZO NOBEL LTDA;20031;BASES POLIÉSTER
9863;WANDABASE MM 2003 ALUMINIO GRAUDO 0,9L-21,45-ST;391721;1;WANDA;34;AKZO NOBEL LTDA;20031;BASES POLIÉSTER
20114;WANDABASE MM 2004 ALUMINIO BRILHANTE 3,6L-21,67-ST;389732;1;WANDA;34;AKZO NOBEL LTDA;20031;BASES POLIÉSTER
9865;WANDABASE MM 2005 ALUMINIO DOURADO 0,9L-21,67-ST;391723;1;WANDA;34;AKZO NOBEL LTDA;20031;BASES POLIÉSTER
21250;WANDABASE MM 2006 ALUMINIO MEDIO/FINO 3,6L-21,67-ST;484326;1;WANDA;34;AKZO NOBEL LTDA;20031;BASES POLIÉSTER
9867;WANDABASE MM 2007 ALUMINIO MEDIO II 3,6L-21,46-ST;391725;1;WANDA;34;AKZO NOBEL LTDA;20031;BASES POLIÉSTER
9868;WANDABASE MM 2008 ALUMINIO GR. BRILHANTE 0,9L-21,46-ST;391726;1;WANDA;34;AKZO NOBEL LTDA;20031;BASES POLIÉSTER
9869;WANDABASE MM 2009 ALUMINIO EXTRA FINO 0,9L-21,46-ST;391727;1;WANDA;34;AKZO NOBEL LTDA;20031;BASES POLIÉSTER
9870;WANDABASE MM 2100 BRANCO 0,9L-21,46-ST;391728;1;WANDA;34;AKZO NOBEL LTDA;20031;BASES POLIÉSTER
9871;WANDABASE MM 2102 BRANCO TR. II 0,9L-21,46-ST;391729;1;WANDA;34;AKZO NOBEL LTDA;20031;BASES POLIÉSTER
9872;WANDABASE MM 2200 MARROM TR. 0,9L-21,67-ST;391730;1;WANDA;34;AKZO NOBEL LTDA;20031;BASES POLIÉSTER
9873;WANDABASE MM 2203 VERMELHO VINHO TR. 3,6L-21,67-ST;391731;1;WANDA;34;AKZO NOBEL LTDA;20031;BASES POLIÉSTER
9874;WANDABASE MM 2232 VERMELHO ALARANJADO TRANSPARENTE 0,9L-21,67-ST;391732;1;WANDA;34;AKZO NOBEL LTDA;20031;BASES POLIÉSTER
9875;WANDABASE MM 2233 VERMELHO OXIDO 0,9L-21,67-ST;391733;1;WANDA;34;AKZO NOBEL LTDA;20031;BASES POLIÉSTER
9876;WANDABASE MM 2236 VERMELHO LIMPO 3,6L-21,46-ST;391734;1;WANDA;34;AKZO NOBEL LTDA;20031;BASES POLIÉSTER
9877;WANDABASE MM 2244 VERMELHO OXIDO TR. 3,6L-21,46-ST;391735;1;WANDA;34;AKZO NOBEL LTDA;20031;BASES POLIÉSTER
9878;WANDABASE MM 2246 LARANJA II 0,9L-21,46-ST;391736;1;WANDA;34;AKZO NOBEL LTDA;20031;BASES POLIÉSTER
9882;WANDABASE MM 2276 ROSA TR. II 0,9L-21,46-ST;391738;1;WANDA;34;AKZO NOBEL LTDA;20031;BASES POLIÉSTER
9883;WANDABASE MM 2400 AMARELO TR. 0,9L-21,46-ST;391739;1;WANDA;34;AKZO NOBEL LTDA;20031;BASES POLIÉSTER
9884;WANDABASE MM 2434 AMARELO OXIDO 0,9L-21,46-ST;391740;1;WANDA;34;AKZO NOBEL LTDA;20031;BASES POLIÉSTER
9885;WANDABASE MM 2435 AMARELO ALARANJADO TRANSPARENTE  0,9L-21,46-ST;391741;1;WANDA;34;AKZO NOBEL LTDA;20031;BASES POLIÉSTER
9886;WANDABASE MM 2455 AMARELO ESVERDEADO TR. 0,9L-21,67-ST;391742;1;WANDA;34;AKZO NOBEL LTDA;20031;BASES POLIÉSTER
9887;WANDABASE MM 2456 AMARELO ESVERDEADO 0,9L-21,45-ST;391743;1;WANDA;34;AKZO NOBEL LTDA;20031;BASES POLIÉSTER
9888;WANDABASE MM 2457 AMARELO BRILHANTE 0,9L-21,45-ST;391744;1;WANDA;34;AKZO NOBEL LTDA;20031;BASES POLIÉSTER
9889;WANDABASE MM 2545 VERDE AMARELADO TR. 3,6L-21,67-ST;391745;1;WANDA;34;AKZO NOBEL LTDA;20031;BASES POLIÉSTER
9890;WANDABASE MM 2565 VERDE AZULADO TR. 0,9L-21,46-ST;391746;1;WANDA;34;AKZO NOBEL LTDA;20031;BASES POLIÉSTER
21254;WANDABASE MM 2624 AZUL RUBIN TR. II 3,6L-21,45-ST;484302;1;WANDA;34;AKZO NOBEL LTDA;20031;BASES POLIÉSTER
9892;WANDABASE MM 2654 AZUL BETA 0,9L-21,45-ST;391748;1;WANDA;34;AKZO NOBEL LTDA;20031;BASES POLIÉSTER
9893;WANDABASE MM 2655 AZUL INTENSO 0,9L-21,46-ST;391749;1;WANDA;34;AKZO NOBEL LTDA;20031;BASES POLIÉSTER
9894;WANDABASE MM 2670 AZUL PURPURA TRANSPARENTE 3,6L-21,46-ST;482029;1;WANDA;34;AKZO NOBEL LTDA;20031;BASES POLIÉSTER
9895;WANDABASE MM 2700 VIOLETA TR. 0,9L-21,46-ST;391751;1;WANDA;34;AKZO NOBEL LTDA;20031;BASES POLIÉSTER
9897;WANDABASE MM 2723 VIOLETA AVERMELHADO TR. II 3,6L-21,46-ST;391752;1;WANDA;34;AKZO NOBEL LTDA;20031;BASES POLIÉSTER
9898;WANDABASE MM 2800 PRETO PROFUNDO 0,9L-21,45-ST;391753;1;WANDA;34;AKZO NOBEL LTDA;20031;BASES POLIÉSTER
9899;WANDABASE MM 2840 PRETO 3,6L-21,46-ST;391754;1;WANDA;34;AKZO NOBEL LTDA;20031;BASES POLIÉSTER
83843;WANDABASE MM 2850 PRETO AZULADO 3,6L-21,46-ST;567722;1;WANDA;34;AKZO NOBEL LTDA;20031;BASES POLIÉSTER
20426;WANDABASE MM 2903 BRANCO EFFECT COLOR 0,9L-21,46-ST;482025;1;WANDA;34;AKZO NOBEL LTDA;20031;BASES POLIÉSTER
9900;WANDABASE MM 2910 PEROLA BRANCA 0,9L-21,46-ST;391755;1;WANDA;34;AKZO NOBEL LTDA;20031;BASES POLIÉSTER
9901;WANDABASE MM 2911 PEROLA BRANCA PRATEADA 0,9L-21,46-ST;391756;1;WANDA;34;AKZO NOBEL LTDA;20031;BASES POLIÉSTER
9902;WANDABASE MM 2923 PEROLA MARROM 0,9L-21,67-ST;391757;1;WANDA;34;AKZO NOBEL LTDA;20031;BASES POLIÉSTER
9903;WANDABASE MM 2924 PEROLA VERMELHA 0,9L-21,46-ST;391758;1;WANDA;34;AKZO NOBEL LTDA;20031;BASES POLIÉSTER
9904;WANDABASE MM 2925 PEROLA VERMELHA ESPECIAL 0,9L-21,45-ST;391759;1;WANDA;34;AKZO NOBEL LTDA;20031;BASES POLIÉSTER
20424;WANDABASE MM 2926 VERMELHO EFFECT COLOR 0,9L-21,45-ST;482026;1;WANDA;34;AKZO NOBEL LTDA;20031;BASES POLIÉSTER
20192;WANDABASE MM 2941 PEROLA DOURADA MEDIA 0,9L-21,46-ST;389306;1;WANDA;34;AKZO NOBEL LTDA;20031;BASES POLIÉSTER
9905;WANDABASE MM 2942 PEROLA DOURADA 0,9L-21,67-ST;391760;1;WANDA;34;AKZO NOBEL LTDA;20031;BASES POLIÉSTER
22422;WANDABASE MM 2947 DOURADO EFFECT COLOR 0,9L-21,67-ST;482027;1;WANDA;34;AKZO NOBEL LTDA;20031;BASES POLIÉSTER
9906;WANDABASE MM 2952 PEROLA VERDE 0,9L-21,67-ST;391761;1;WANDA;34;AKZO NOBEL LTDA;20031;BASES POLIÉSTER
20193;WANDABASE MM 2954 PEROLA VERDE MEDIA 0,9L-21,67-ST;389288;1;WANDA;34;AKZO NOBEL LTDA;20031;BASES POLIÉSTER
9907;WANDABASE MM 2963 PEROLA AZUL ESPECIAL 0,9L-21,46-ST;391762;1;WANDA;34;AKZO NOBEL LTDA;20031;BASES POLIÉSTER
9908;WANDABASE MM 2964 PEROLA AZUL 0,9L-21,46-ST;391763;1;WANDA;34;AKZO NOBEL LTDA;20031;BASES POLIÉSTER
20423;WANDABASE MM 2968 AZUL EFFECT COLOR 0,9L-21,46-ST;482028;1;WANDA;34;AKZO NOBEL LTDA;20031;BASES POLIÉSTER
9909;WANDABASE MM 2975 PEROLA LILAS 0,9L-21,46-ST;391764;1;WANDA;34;AKZO NOBEL LTDA;20031;BASES POLIÉSTER
23408;WANDABASE MM 2998 ATIV ALTA TEMP 18L WANDA;529640;1;WANDA;34;AKZO NOBEL LTDA;20031;BASES POLIÉSTER
9911;WANDABASE MM 3200 BRANCO HS 3,6L-21,46-ST;391766;1;WANDA;34;AKZO NOBEL LTDA;20031;BASES POLIÉSTER
23392;WANDABASE MM 3210 BRANCO LIMPO 3,6L-21,67-ST;543193;1;WANDA;34;AKZO NOBEL LTDA;20031;BASES POLIÉSTER
9753;WANDAFILL PRIMER ALTO SOLIDOS WANDA-21,94-ST;529460;1;WANDA;534;AKZO NOBEL LTDA;20035;PRIMER AUTOMOTIVO
9840;WANDAPU MM 9000 PASTA FOSQUEANTE 0,9L-21,46-ST;391767;1;WANDA;534;AKZO NOBEL LTDA;20032;BASES PU
20046;WANDAPU MM 9010 BINDER MS 3,6L-21,67-ST;529649;1;WANDA;11000405;DAUTO COMERCIO DE PRODUTOS EQUIPAMENTOS E SERVICOS AUTOMOTIV;20032;BASES PU
9841;WANDAPU MM 9050 BINDER 3,6L-21,46-ST;391768;1;WANDA;534;AKZO NOBEL LTDA;20032;BASES PU
9843;WANDAPU MM 9150 PRETO 3,6L-21,46-ST;391770;1;WANDA;534;AKZO NOBEL LTDA;20032;BASES PU
9847;WANDAPU MM 9190 PRETO ESPECIAL 3,6L-21,46-ST;391773;1;WANDA;534;AKZO NOBEL LTDA;20032;BASES PU
9849;WANDAPU MM 9230 VERMELHO OXIDO 3,6L-21,94-ST;391775;1;WANDA;534;AKZO NOBEL LTDA;20032;BASES PU
20242;WANDAPU MM 9340 LARANJA 0,9L-21,67-ST;482030;1;WANDA;534;AKZO NOBEL LTDA;20032;BASES PU
9852;WANDAPU MM 9420 AMARELO OXIDO 0,9L-21,67-ST;391778;1;WANDA;534;AKZO NOBEL LTDA;20032;BASES PU
20156;WANDAPU MM 9430 AMARELO AVERMELHADO 0,9L-21,46-ST;482031;1;WANDA;534;AKZO NOBEL LTDA;20032;BASES PU
20155;WANDAPU MM 9450 AMARELO BRILHANTE 0,9L-21,67-ST;482032;1;WANDA;534;AKZO NOBEL LTDA;20032;BASES PU
9853;WANDAPU MM 9560 VERDE 0,9L-21,67-ST;391779;1;WANDA;534;AKZO NOBEL LTDA;20032;BASES PU
21278;WANDAPU MM 9610 AZUL AVERM. II 0,9L-21,67-ST;484303;1;WANDA;534;AKZO NOBEL LTDA;20032;BASES PU
9855;WANDAPU MM 9650 AZUL 3,6L-21,67-ST;391781;1;WANDA;534;AKZO NOBEL LTDA;20032;BASES PU
9856;WANDAPU MM 9710 ROSA TRANSPARENTE 0,9L-21,67-ST;391782;1;WANDA;534;AKZO NOBEL LTDA;20032;BASES PU
9857;WANDAPU MM 9720 VIOLETA AVERMELHADO 0,9L-21,67-ST;391783;1;WANDA;534;AKZO NOBEL LTDA;20032;BASES PU
9858;WANDAPU MM 9760 VIOLETA TRANSPARENTE 0,9L-21,46-ST;391784;1;WANDA;534;AKZO NOBEL LTDA;20032;BASES PU
22251;WANDEPOXY CAT AMINA RM VNZ 900ML;11931;999999;.;428;BRASFORT DISTRIBUIDORA DE TINTAS LTDA;40002;EPOXI
23937;WANDEPOXY CATALIS LOC 640 ML;11932;999999;.;428;BRASFORT DISTRIBUIDORA DE TINTAS LTDA;40002;EPOXI
22249;WANDEPOXY DILUENTE 5L;11933;999999;.;428;BRASFORT DISTRIBUIDORA DE TINTAS LTDA;20001;DILUENTE
23935;WANDEPOXY LOC BASE T 2,56L VERDE;11939;999999;.;428;BRASFORT DISTRIBUIDORA DE TINTAS LTDA;40002;EPOXI
23936;WANDEPOXY LOC BASE T 2,56L VERMELHO;11939.1;999999;.;428;BRASFORT DISTRIBUIDORA DE TINTAS LTDA;40002;EPOXI
23776;WANDEPOXY MASSA BICOMP BRANCO 4,3KG CORAL;11940;999999;.;428;BRASFORT DISTRIBUIDORA DE TINTAS LTDA;40002;EPOXI
20025;WASH PRIMER 2:1 N-1261 600ML ANJO;002535-56;2;ANJO;382;ANJO QUIMICA DO BRASIL LTDA;20035;PRIMER AUTOMOTIVO
21038;WASH PRIMER FUNDO/FONDO FOSFATIZANTE 600ML LAZZURIL;05.00.00045-016;3;SHERWIN WILLIAMS;35;SHERWIN - WILLIAMS DO BRASIL IND. E COM. LTDA;20035;PRIMER AUTOMOTIVO
21065;WASHPRIMER 600ML WANDA-21,46-ST;484008;1;WANDA;34;AKZO NOBEL LTDA;20035;PRIMER AUTOMOTIVO
85363;WASHPRIMER AMARELO 600ML BRASICAR BRASILUX;WH 360281704;67;BRASILUX;556;BRASILUX TINTAS TECNICAS LTDA;20045;PRETO FOSCO VINÍLICO
23730;WAX FINISH BRILHO RAPIDO 500ML PEROLA;50503;47;PEROLA;475;INDUSTRIA E COMERCIO DE POLIDORES PEROLA LTDA;20006;CERA  / LIMPEZA /  POLIMENTO VEICULAR
84917;ZARCAO CINZA CLARO 5LT SOLVENLUX;68794;800105;SOLVENLUX;11000422;GOIAS INDUSTRIA DE TINTAS LTDA;40001;ESMALTES
86924;ZARCAO CINZA EACURO 3,6L MAZA;15453;800053;MAZA;11000423;MAZA PRODUTOS QUIMICOS LTDA;40002;EPOXI
