UNICA ATACADISTA DE TINTAS;;;;;;;;;;;;;;;
;;;;;;;;;;;;;;;
FORNECEDORES - COMPLETO 17/07/2026 16:22;;;;;;;;;;;;;;;
;;;;;;;;;;;;;;;
Cadastro Inicial : TODOS;;;;;;;;;;;;;;;
Cadastro Final : TODOS;;;;;;;;;;;;;;;
Atividade : TODOS;;;;;;;;;;;;;;;
Material para Revenda : TODOS;;;;;;;;;;;;;;;
Situação : ATIVOS;;;;;;;;;;;;;;;
Ordenar por : CÓDIGO;;;;;;;;;;;;;;;
Destino : CSV;;;;;;;;;;;;;;;
;;;;;;;;;;;;;;;
CÓDIGO;NOME DO FORNECEDOR;ENDEREÇO;BAIRRO;CIDADE;UF;;C.E.P.;CAIXA POSTAL;C.P.F./C.N.P.J.;INSC. ESTADUAL;;CONTATO;DATA DE CADASTRO;TELEFONE;FAX
1;SIKKENS;;;CIDADE CONVERSAO;DF; ;;;;; ;;09/04/2007;;
2;ANJO QUIMICA DO BRASIL LTDA;RUA 13 Q. 11 L 36/40;VILA MACARINI;CRICIÚMA;SC; ;88818800;;2,92135E+12;253852110; ;BETO;11/04/2007;48 34618000;48 34618001
3;3M;;;CIDADE CONVERSAO;DF; ;;;;; ;;14/04/2007;;
4;WANDA;;;CIDADE CONVERSAO;DF; ;;;;; ;;09/04/2007;;
5;RENATO PARAISO MATTA - ME;RUA RIO POMBA,;PADRE EUSTAQUIO;BELO HORIZONTE;MG; ;30720290;;4,30986E+12;6,21191E+11; ;PRISCILA/IVAN;14/04/2007;31 30333017;
6;LIBERTY SEGUROS S/A;RUA DR. GERALDO CAMPOS MOREIRA;SAO PAULO;SÃO PAULO;SP; ;4571020;;6,15501E+13;; ;;08/09/2011;;
7;ARTEX INDUSTRIA DE TINTAS LTDA;ROD VALDOMIRO CORREA DE CAMARGO SP 79 KM;VILA MARTINS;ITU;SP; ;13308200;;6,15288E+13;3,87083E+11; ;LUANA 9944-331981;17/04/2007;49191346208;
8;PINCEIS ATLAS S.A.;BR 116,KM;ITAQUI;ITAPEVI;SP; ;6696100;;8,97238E+13;3,73097E+11; ;GILBERTO (ANJO);17/04/2007;11 21355121;11 21355113
9;PPG INDUSTRIAL DO BRASIL TINTAS E VERNIZES LTDA;RODOVIA ANHANGUERA,KM;NOVA VENEZA;SUMARÉ;SP; ;13180900;;4,39967E+13;6,71086E+11; ;NILTON - 99676.5003;17/04/2007;19 21036000;
10;BRASCOLA LTDA;RUA DONA FRANCISCA,N;DISTRITO INDUSTRIAL;JOINVILLE;SC; ;89219600;;6,11051E+13;255323492; ;LUIZ CARLOS;17/04/2007;47 32052727;80 07702660
11;COLOR BRILHO PRODUTOS AUTOIMOTIVOS;RUA: MARIA CONCEIÇÃO DAS DORES;VILA MARIA;APARECIDA DE GOIÂNIA;GO; ;74919376;;6,98474E+12;103808884; ;;17/04/2007;62 32802525;
12;SHERWIN WILLIAM DO BRASIL IND E COM.LTDA;ESTRADA DO MONTANHÃO;BAIRRO MONTANHAO;S.B.DO CAMPO;SP; ;9791250;;6,08723E+13;6,35088E+11; ;;18/04/2007;11 21684293;
13;LM INDUSTRIA,COMERCIO,IMPORTACAO E EXPORTACAO LTDA;RUA NIVALDO GUERREIRO NUNES,N;DISTRITO INDUSTRIAL;UBERLÂNDIA;MG; ;38402330;;2,23992E+13;7,02528E+12; ;JONATAN / PAULO;18/04/2007;34 32568800;34 32568825
14;SW DIESEL PECAS DE FIXACAO LTDA;RUA C-163 NUMERO;JARDIM AMERICA;GOIÂNIA;GO; ;74250210;;2,49992E+13;101903715; ;GILSON;17/04/2007;62 40135100;
15;H.S BOND COMERCIO DE ADESIVOS LTDA;RUA ANTONIO FLORENCE;HIGIENOPOLIS;ARAÇATUBA;SP; ;16010655;;5,23365E+13;1,77046E+11; ;RICARDO/CAMILA;17/04/2007;18 36233899;18 36247751
16;INDASA;;;CIDADE CONVERSAO;DF; ;;;;; ;;17/04/2007;;
17;DG COMERCIO DE MAT PARA PINT;SHN ÀREA ESPECIAL 55 LOJA;TAGUATINGA;TAGUATINGA;DF; ;72115300;;3,84487E+12;7,41076E+11; ;;17/04/2007;61 33546503;
18;FORMULA PRODUTOS AUTOMOTIVOS LTDA;QN 304 CONJUNTO 02 LOTE;SAMAMBAIA SUL;SAMAMBAIA;DF; ;72306002;;1,58119E+12;7,43258E+11; ;ANDERSON RODRIGUES/LEILAN;17/04/2007;61 34582060;
19;LIMP-CAR;;;CIDADE CONVERSAO;DF; ;;;;; ;;17/04/2007;;
20;MIX COMPONENTES AUTOMOTIVOS LTDA;AV.PRESIDENTE KUBITSCHEK-QD 40 LT 25 Nº;JARDIM PRESIDENTE;GOIÂNIA;GO; ;74353250;;2,34695E+12;103004904; ;VINICIUS;17/04/2007;62 35753232;
21;SAINT- GOBAIN DO BRASIL PROD. IND. E CONSTR. LTDA;RUA INDUBEL - COMPLEMENTO 688, 686;VILA AEROPORTO;GUARULHOS;SP; ;7170353;;6,10648E+13;3,36521E+11; ;;17/04/2007;;11 21385366
22;RETOQUE IND.E COM DE MASSAS PLASTICAS LTDA;RUA JAPARAIQUARA;SAO PAULO;SÃO PAULO;SP; ;3873000;;2,56647E+12;1,15092E+11; ;MARIA;18/04/2007;11 20410866;11 21460251
23;SIKA S.A.;AV. FERNANDO CERQUEIRA CESAR COIMBRA Nº 21;ALPHAVILE;BARUERI;SP; ;6465090;;3,30817E+13;2,06001E+11; ;;18/04/2007;11 36874600;11 36010280
24;SYNTEKO;;;CIDADE CONVERSAO;DF; ;;;;; ;;18/04/2007;;
25;IND E COMERCIO DE SOLVENTES E TINTAS TEMPO;TRAV.LEONOR MASCARENHAS,;RAMOS;RIO DE JANEIRO;RJ; ;21040135;;3,31973E+13;81797781; ;RAQUEL;18/04/2007;21 21310922;21 21310900
26;TESA BRASIL LTDA;RUA  JOÃO GUALBERTO 1259 CONJ.;ALTO DA GLORIA;CURITIBA;PR; ;80030001;;4,48065E+12;9024913845; ;SUENE;18/04/2007;41 30218100;41 30218110
27;TIRADENTES MEDICO HOSPITALAR LTDA;SOPI CONJ B LOTE;NUCLEO BANDEIRANTE;BRASILIA;DF; ;72000000;;1,53614E+12;7,32624E+11; ;IVONEIDE;18/04/2007;61 32251020;
28;MOACIR RHODEN P DA COSTA ME;;;CIDADE CONVERSAO;DF; ;;;;; ;;13/02/2012;;
29;MAXI RUBBER INDUSTRIAS QUIMICAS LTDA;AVENIDA LUIGI PAPAIZ,843/843;JD DAS NACOES;DIADEMA;SP; ;9931610;;2,83822E+11;2,86126E+11; ;CESAR;18/04/2007;11 40927777;11 40927778
30;AUTOAMERICA IMP.EXP. DE PROD. AUTO. LTDA;RUA SHIRLEI BOEIRA SOUTO,;CJ. IND. MAUA;COLOMBO;PR; ;83413740;;4,1404E+12;9022302202; ;FELIX;18/04/2007;41 32628191;41 32628161
31;REPINTURA E REPARACAO AUTOMOTI;RUA GOMES DE CARVALHO, Nº;VILA OLIMPIA;SÃO PAULO;SP; ;4547003;;2,83822E+11;1,17102E+11; ;;18/04/2007;11 08007078;
32;LIDER DISTRIBUIDORA CENTRO OESTE LTDA;SIA TRECHO 2 LOTE;SIA SUL;BRASILIA;DF; ;71200020;;4,66062E+12;7,42611E+11; ;MARCELO;19/04/2007;61 34336900;61 34336920
33;SIGEL ESTOPAS SOC IND GOIANA;RUA 38 NUMERO;SETOR SANTOS DUMONT;GOIÂNIA;GO; ;74463750;;1,60059E+13;101859503; ;APARECIDO;22/05/2007;62 32971047;62 32977682
34;AKZO NOBEL LTDA;RUA ASSUMPTA SABATINI ROSSI 1650 PORTAO A;BATISTINI;SÃO BERNARDO DO CAMPO;SP; ;9842000;;6,05617E+13;6,35073E+11; ;PEDRO;19/06/2007;11 11454359;
35;SHERWIN - WILLIAMS DO BRASIL IND. E COM. LTDA;RODOVIA ANHANGUERA, KM 106,8 UNIDADE E;NOVA VENEZA;SUMARÉ;SP; ;13170970;;6,08723E+13;1,88116E+11; ;;20/06/2007;80 07023569;11 47885225
36;3M DO BRASIL LTDA;VIA ANHANGUERA, KM;JARDIM MANCHEST;SUMARÉ;SP; ;13181900;;4,59854E+13;6,71E+11; ;GUTO;27/06/2007;19 38387485;90800136363
37;JOHNSON;;;CIDADE CONVERSAO;DF; ;;;;; ;;29/06/2007;;
38;SAGOL PRODUTOS AUTOMOTIVOS LTDA;AV. BERLIM N 1253 QD 79 LTS 04/05;JARDIM EUROPA;GOIÂNIA;GO; ;74330010;;3,19813E+11;103817980; ;;29/06/2007;62 32365500;62
39;U.SEAL 500;;;CIDADE CONVERSAO;DF; ;;;;; ;;30/06/2007;;
40;UNIFORT LTDA;AV. AMAZONAS, 4.333;CACHOIERA;BETIM;MG; ;32610360;;4,19163E+13;1,868E+12; ;;23/07/2007;31 21915500;
41;WURTH DO BRASIL PECAS DE FIXACAO LTDA;RUA ADOLF WURTH  557-JD SAO VICENTE;COTIA;SÃO PAULO;SP; ;6713250;;4,3649E+13;2,78024E+11; ;;30/07/2007;11 46131900;
42;RICAQUIMICA IND. E COM. DE PRODUTOS QUIMICOS LTDA;RUA MARIA SOLDEIRA LOURENÇON;SANTA JULIA;ITUPEVA;SP; ;13295000;;6,00361E+12;3,88074E+11; ;;24/10/2007;11 45918740;11 44963994
43;J.PROLAB IND. E COM. DE PRODUTOS PARA LABORATORIO;Avenida Rocha Pombo;Águas Belas;SÃO JOSÉ DOS PINHAIS;PR; ;83010620;;8,03924E+13;; ;;25/01/2008;41 32998800;
44;NOVA DISTRIBUIDORA DE FERRAGENS LTDA;AV.CENTRAL S/N QD AREA LT 3 SETOR EMPRESARIAL;FAZENDA CAVEIRAS;GOIÂNIA;GO; ;74583350;;2,59563E+12;103057609; ;;18/01/2008;62 32217700;26296119803
45;RAPIDO TRANSPAULO LTDA;ADE CONJ 02/03/13/14;ADE;NUCLEO BANDEIRANTE;DF; ;71735720;;8,83178E+13;7,44988E+11; ;;07/02/2011;61 33997086;
46;CONDOR ATACADISTA LTDA;SIA TRECHO 02 LOTES 1650 A 1700 PARTE A;SIA SUL;BRASILIA;DF; ;71200020;;3,2612E+12;7,40511E+11; ;JADSON;08/02/2008;61 21078800;
47;NOGUEIRA E ARAUJO COMERCIO DE TINTAS LTDA;AREA ESP 2A CONJ E LOTE 2/4;GUARA II;GUARA II;DF; ;72220182;;5,82324E+12;7,44768E+11; ;;09/02/2008;61 33825351;
49;NACIONAL TINTAS LTDA;AV. T-2 N.;VILA SOL NASCENTE;GOIÂNIA;GO; ;74410200;;3,78626E+13;102591300; ;;15/02/2008;62 32911000;62 32913669
50;AUTOCOAT BT;;;CIDADE CONVERSAO;DF; ;;;;; ;;;;
51;CIATINTAS COMERCIO DE TINTAS LTDA;AVENIDA ANHANGUERA N. 1885 QD C-2 LT;S. LESTE UNIVERSITARIO;GOIÂNIA;GO; ;74711000;;6,10418E+12;103697217; ;LEANDRO/JUNIOR;15/02/2008;62 32021920;
52;MANO TRANSPORTES LTDA;RUA ANTONIO CARLOS QD 79 LT 2;CAPUAVA;GOIÂNIA;GO; ;74450360;;1,39477E+12;102850950; ;;27/05/2015;32951689;
53;AA DISTRIBUIDORA E COMERCIO AUTOAMERICA LTDA ME;SRIA QE 40 CONJUNTO H LOTE;GUARA;BRASILIA;DF; ;71015127;;9,32475E+12;7,49828E+11; ;CRISTIANE;04/03/2008;61 33522871;61 35682385
54;IRMA INDUSTRIA LTDA;RUA  CAVOUR;VILA PRUDENTE;SÃO PAULO;SP; ;3136010;;5,48324E+12;1,16668E+11; ;FERNANDA;15/02/2008;11 20617000;
55;CASA DOS PARAFUSOS LTDA;SIA TRECHO 03 LOTE;SIA SUL;BRASILIA;DF; ;71200030;;463000153;7,32864E+11; ;RAIMUNDO;11/03/2008;61 34336800;
56;,;Q 5C LOTE 07 LOJA;SIA SUL;BRASILIA;DF; ;71200055;;7,59758E+12;7,47118E+11; ;;15/02/2008;61 33610722;
57;P.P.J COMERCIO DE TINTAS LTDA;SIA SUL TRECHO 02 LTS 835/845;ZONA INDUSTRIAL (GUARA);BRASILIA;DF; ;71200020;;1,64803E+12;7,3728E+11; ;;22/02/2008;34035000;
58;V. CARDOSO INDUSTRIA & COM. DE CONFECCOES LTDA-ME;SHC/AOS EA 04/05 BL D LOJA;OCTOGONAL;BRASILIA;DF; ;70660049;;7,04026E+12;7,46111E+11; ;;04/03/2008;61 32340254;
59;TINTAS ANCORA LTDA;RUA EUCLIDES DA CUNHA,;VILA EUCLIDES;SAO BERNANDO DO CAMPO;SP; ;9725550;;5,91096E+13;6,35011E+11; ;;15/05/2009;11 41267373;
60;MELHORES MARCAS COMERCIO E REPR.DE FERRAMENTAS LT;SIA/SUL QUADRA 5C,AE;SIA/SUL;BRASILIA;DF; ;71200055;;4,78961E+12;7,42887E+11; ;NILSON;29/05/2008;61 33610044;61 32333091
61;EQUIMAF S/A. EQUIPAMENTOS MAQ. E FERRAMENTAS;SIA/SUL TRECHO 02 LT 995/1005;GUARA;BRASILIA;DF; ;71200020;;3,80466E+13;7,33837E+11; ;;04/03/2008;61 33622900;
62;JERMANDA COMERCIO DE TINTAS LTDA;QNE 35-LOTE 23-LOJA 01-TAGUATINGA-DF;TAGUATINGA;TAGUATINGA;DF; ;;;2,69142E+12;7,30725E+11; ;;14/03/2008;61 33541498;61 33543821
63;ADE COMERCIO DE TINTAS LTDA;ADE CONJUNTO 19 LOTES 36/37;AGUAS CLARAS;BRASILIA;DF; ;71989300;;7,12401E+12;7,46209E+11; ;IRENE;05/03/2008;61 33998444;61 33998677
64;SP EQUIPAMENTOS DE PROTECAO AO TRABALHO E MRO LTDA;RUA VISCONDE DE INHAUMA-;VILA DA SAUDE;SÃO PAULO;SP; ;4145030;;5,96091E+13;1,15351E+11; ;NATHALIA/LAERTE;28/04/2008;11 43916644;11 43916640
65;ANAEROBICOS DO BRASIL ADESIVOS LTDA;RUA ARNALDO SILVEIRA DE SOUZA, 12 AREA INDUSTRIAL;FAZENDA SANTO ANTONIO;SÃO JOSÉ;SC; ;88104740;;4,46506E+12;255052596; ;;03/05/2008;48 30294600;80 06004633
66;L.G EQUIPAMENTOS PARA PINTURA LTDA EPP;RUA CORIFEU DE AZEVEDO MARQUES,;PALMITAL;MARÍLIA;SP; ;17511360;;3,76863E+12;4,38192E+11; ;JULIANA;27/06/2008;14 34253582;
67;YAC INDUSTRIA DE MAQUINA DE SOLDA LTDA EPP;AV.BERTIOGA,1420-JD BERTIOGA;VARZEA PAULISTA;SÃO PAULO;SP; ;13225000;;7,23296E+12;7,12107E+11; ;;09/05/2008;11 45962715;
68;DURAMAR INDUSTRIA E COMERCIO LTDA;CSG 05 LOTES 04 E 15;TAGUATINGA SUL;TAGUATINGA SUL;DF; ;72035505;;1,02156E+12;7,36502E+11; ;;05/07/2008;61 30336262;61 30363317
69;RCA FERRAMENTAS AUTOMOTIVAS LTDA;QUADRA 02 CONJ A LOTES 1/3 LOJA 02 SOF SUL;GUARA;BRASILIA;DF; ;71070087;;7,6516E+12;7,47136E+11; ;TIAGO OU VITOR;18/08/2008;61 39671156;61 78139989
70;CONFERE COMERCIO DE SEGURANCA ELETRONICA LTDA;SAAN,QD 03-N320 PARTE A;ASA NORTE;BRASILIA;DF; ;71220000;;2,64131E+13;7,31496E+11; ;;21/08/2009;61 34037200;61 34037272
71;BAND EQUIPAMENTOS E MAQUINAS REPUXADORAS LTDA EPP;RUA JOSÉ RABELO PORTELLA Nº;JD BERTIOGA;VARZEA PTA;SP; ;13225100;;4,18604E+11;7,12027E+11; ;CARLOS;18/08/2008;11 46062407;11 45950251
72;PRIMEIRA LINHA COMERCIAL DE ROLAMENTOS LTDA;QD 4C BLOCO D LOTE;SIA SUL;BRASILIA;DF; ;71200045;;2,49076E+13;7,3132E+11; ;ASSIS;10/05/2008;61 34625000;
73;S&C INDUSTRIA E COMERCIO DE ESTOPAS LTDA;RUA SÃO PAULO Nº886 QD 03 LT;JARDIN PETROPOLIS;GOIÂNIA;GO; ;74460020;;1,02549E+13;104328967; ;SONIA MARIA CAMPOS;02/09/2008;62 32976335;62 35930114
74;VECTRA DISTRIBUIDORA LTDA;AV.CASTELO BRANCO Nº5033 QD 29 A LT;SETOR RODOVIARIO;GOIÂNIA;GO; ;74430130;;5,45976E+12;103576193; ;;23/09/2008;62 35818187;62 32952721
75;CARLOS RAMALHO SOARES COMERCIO;RUA RORAIMA N.20 LOTE;SETOR URIAS MAGALHAES;GOIÂNIA;GO; ;74565360;;3,32631E+12;103178813; ;;12/07/2008;62 32102198;
76;CELULOSA COM CONF ART PAPEL LTDA;ADE QD 01 CONJUNTO B LOTE;P SUL;CEILANDIA;DF; ;70000000;;4,68708E+12;7,42687E+11; ;;13/06/2008;61 33768416;
77;DFL COMERCIO DE TINTAS E LICENCIAMENTOS LTDA EPP;SOF SUL QUADRA 14 CONJ A LOTES 05/08 LJ;SOF SUL;GUARA;DF; ;71215271;;7,59758E+12;7,47118E+11; ;;12/06/2009;61 32331803;
78;WIMPEL EQUIPAMENTOS LTDA;AV. MARIA LUIZA AMERICANO,;CIDADE;SÃO PAULO;SP; ;8280190;;5,84266E+13;1,1163E+11; ;SIBELI/TARCISIO;02/08/2008;11 20236299;
79;VIDERA LTDA;RUA SAO FELIPE 189/191/195;PARQUE SAO JORGE;SÃO PAULO;SP; ;3085010;;9,36621E+12;1,49991E+11; ;;02/08/2008;11 22966311;11 22966286
80;PALMA TECNOLOGIA E INFORMATICA LTDA;SHC/CLSW 303-BLOCO C ENTRADA 18/20 LOJA 47 SUBSOLO;SUDOESTE;BRASILIA;DF; ;70673623;;8,38527E+12;7,4809E+11; ;;30/06/2009;61 30338907;
81;COMERCIAL DE TINTAS MR LTDA-EPP;AREA ESPECIAL 1 QE 12 LOJA;GUARA I;BRASILIA;DF; ;71010111;;2,44901E+12;7,38374E+11; ;;19/06/2008;61 35676834;
82;TIM CELULAR S.A;;;CIDADE CONVERSAO;DF; ;;;;; ;;10/12/2011;;
83;GERA-IND. E COMERCIO DE FERRAMENTAS LTDA-ME;VIA VICENTE BARBOSA DA SILVA,;DIST. IND. ADOLFO BALDAN;MATÃO;SP; ;15991400;;6,44988E+13;4,4103E+11; ;;04/08/2008;16 33823164;16 33843442
84;RODAGEM TRANSPORTES DE CARGAS LTDA ME;RUA CIRENE DE OLIVEIRA LAET;VILA NILO;JACANA;SP; ;2279010;;9,28115E+12;1,4838E+11; ;;15/07/2009;11 22404543;
85;RG OSASCO TRANSPORTES RODOVIARIOS LTDA;RUA MARTIN AFONSO,;JARDIM PIRATINGA;OSASCO;SP; ;6233130;;2,59242E+12;4,92351E+11; ;;01/07/2009;11 36878917;
86;CASCOL COMBUSTIVEIS PARA VEICULOS LTDA;SHCS SQ 303 BLOCO A S/N PLL;ASA SUL;BRASILIA;DF; ;70336000;;38463000495;7,33356E+11; ;;02/07/2009;61 32178585;
87;JEFTE TRANSPORTADORA LTDA;RUA OTAWA,Nº16 LOTE 2 PA;VIGARIO GERAL;RIO DE JANEIRO;RJ; ;21241220;;4,96469E+12;77468293; ;;02/07/2009;21 34516857;
88;PORTO RICO COMERCIO E DISTRIBUICAO LTDA-ME;QNN 02-CONJ.A LOTE;CEILANDIA;CEILANDIA;DF; ;72225160;;1,23991E+12;7,44032E+11; ;;21/07/2009;61 39659745;61 39659742
89;LOG EXPRESS TRANSPORTES LTDA;RUA MANOEL SILVIO BANDEIRA DE MELO,;VILA GUILHERME;SÃO PAULO;SP; ;2054040;;6,99565E+12;1,16891E+11; ;;02/07/2009;11 29051961;
90;SEM FURO TRANSPORTES LTDA;RUA VENÂNCIO MARTINS Nº;FREGUESIA DO O;SÃO PAULO;SP; ;2755050;;3,67616E+13;1,13224E+11; ;;02/07/2009;61 33732277;16133732723
91;ROBERLO DO BRASIL LTDA;RUA JOAO VITORINO,;MAUA;COLOMBO;PR; ;83413680;;9,56223E+12;9046643086; ;FELIX;27/07/2009;54131398204;
92;EURO TECHNIKER COM. IMP. E EXP. DE EQUIP. IND. LTD;RUA BELÉM,;FAZENDINHA;SANTANA DE PARNAÍBA;SP; ;6529190;;2,86776E+12;6,23052E+11; ;ANDRE;22/07/2009;11 29354180;11 39315325
93;WHITE & RED FORMULARIOS E PAPEIS LTDA;SHCGN CLR QD 714 BL C LJ;ASA NORTE;BRASILIA;DF; ;70760553;;7,63124E+12;7,47098E+11; ;;03/07/2009;61 33470407;
94;FM SERVICOS EM EQUIPAMENTOS DE ESCRITORIO LTDA;ADE CONJUNTO 08 LOTE;AGUAS CLARAS;BRASILIA;DF; ;72030979;;3,32405E+12;7,40018E+11; ;;30/07/2009;61 32019958;
95;CTIS TECNOLOGIA S/A;SGCV EPIA MÓDULO;GUARA;BRASILIA;DF; ;71215100;;1,64473E+12;7,31737E+11; ;;08/08/2009;61 32189000;61 32189025
96;MATRIX LOGISTICA E SUPRIMENTO S.A.;SIG/SUL QD06 N2040 PARTE A;SETOR GRAFICO;BRASILIA;DF; ;70610460;;3,80078E+13;7,3061E+11; ;;10/08/2009;61 33413100;
97;ATLAS TRANSPORTES E LOGISTICA DO BRASIL;RUA FORMOSA 103-COND IND;PORTAL DA SE;PINHAIS;PR; ;83325070;;6,06648E+13;9030236510; ;;28/08/2009;41 36019090;41 36019090
98;PAPELARIA ABC COMERCIO E INDUSTRIA LTDA;SIG/SUL QUADRA 2 LOTE;SETOR GRAFICO;BRASILIA;DF; ;70610400;;5,40252E+11;7,31427E+11; ;;10/09/2009;61 21031515;61 21031517
99;DFIX SOLUCOES AUTOMOTIVAS LTDA ME;SRIA QI 10 BLOCO B LOTE;GUARA I;BRASILIA;DF; ;71010627;;8,9895E+12;7,49112E+11; ;;15/09/2009;61 33818133;
100;ADELBRAS IND. E COM. DE ADESIVOS LTDA;RUA FRANCISCO FOGA,675 DISTR. IND.;VINHEDO;SÃO PAULO;SP; ;13280000;;7,30773E+13;7,14091E+11; ;;21/09/2009;19 40097711;
101;TRANSREFER TRANSPORTE E LOGISTICA LTDA;RUA FELIZARDO FORTES;BAIRRO RAMOS;RIO DE JANEIRO;RJ; ;21031160;;1,96942E+13;75849567; ;;09/10/2009;21 38650091;
102;APICE COMERCIO  DE EQUIPAMENTOS E UTILIDADE LTDA;CSG 05 LT 06 GALPAO A;TAGUATINGA SUL;TAGUATINGA SUL;DF; ;72035505;;1,10938E+13;7,52627E+11; ;ISMAIL;28/10/2009;61 33566690;
103;R&K COMERCIO DE PRODUTOS DE LIMPEZA LTDA ME;AC 319 CONJ.A LOTE 07 SALA B;SANTA MARIA;SANTA MARIA;DF; ;72445060;;1,03727E+13;7,51053E+11; ;ANA PAULA;07/12/2009;61 30326811;
104;GRAVIA INDUSTRIA DE PERFILADOS DE ACO LTDA;TRECHO 2 LOTES 105/135;SIA SUL;BRASILIA;DF; ;70000000;;2,64877E+13;7,31725E+11; ;;09/01/2010;61 34030444;
105;PONTO MAXIMO PECAS E SERVICOS LTDA;QD 03 CONJ A LOTE;SOF SUL;BRASILIA;DF; ;71215226;;3,88549E+12;7,41141E+11; ;;18/01/2010;61 33618865;61 33618267
106;GRAFICA S&S VAZ LTDA;QNP 28 CONJUNTO N LOTE;P SUL;CEILANDIA;DF; ;70000000;;5,81194E+12;0; ;;21/01/2010;61 33766689;61 33783175
107;CELG DISTRIBUICAO;;;CIDADE CONVERSAO;DF; ;;;;; ;;14/06/2012;;
108;A ALTA PRESSAO LTDA;SIA TRECHO 03 LOTE 570/580;SIA SUL;BRASILIA;DF; ;71200030;;6,74932E+11;7,39029E+11; ;;27/01/2010;61 32345666;
109;ALIANCA CONTABIL LTDA ME;SCS QD 06 BLOCO A NR 141 ED PRESIDENTE SALA;ASA SUL;BRASILIA;DF; ;70327900;;9,41881E+12;7,50026E+11; ;;04/02/2010;61 30322221;
110;IRMAOS PEPE LTDA;SIA SUL TRECHO 2 LOTE 445 A 475 GALPAO A&B;SIA SUL;BRASILIA;DF; ;71200020;;3,70618E+13;7,318E+11; ;RONAN;10/02/2010;61 33635005;
111;G.R.AMORIM INFORMATICA ME;QSA QSA 04 LT 20 E 22 LOJA;TAGUATINGA;TAGUATINGA;DF; ;72015020;;1,1239E+13;7,52915E+11; ;;17/02/2010;61 30211151;
112;COM.ALVORADA LIMPEZA E DESCARTAVEIS;3 AV COM LJ 1 T SUB E LJ 2 LT 1090/LJ1;NUCLEO BANDEIRANTES;BRASILIA;DF; ;71720006;;7,88825E+12;7,47594E+11; ;JUNIOR;10/02/2010;61 33860089;
113;KRISTA TECNOLOGIA LTDA;SHC/SCR QUADRA 511 BLOCO A LOJA;ASA SUL;BRASILIA;DF; ;70361510;;3,80585E+13;7,33724E+11; ;;19/02/2010;61 32149000;
114;EBF IND.COM.E SERVICOS LTDA;CHÁCARA 2;CONDOMINIOS;SH VICENTE PIRES;DF; ;72110800;;3,80132E+13;7,31224E+11; ;;19/03/2010;61 33971321;61 33971409
115;VIVO S.A.;SCS QD 02 BL C Nº206 E;ASA SUL;BRASILIA;DF; ;70319901;;2,44999E+12;7,48036E+11; ;;12/04/2010;8486;
116;EASY TECH INFORMATICA;3ºAV.LOTE 1178-A LOJA;NUCLEO BANDEIRANTE;NUCLEO BANDEIRANTE;DF; ;71720010;;5,46254E+12;7,44129E+11; ;;12/04/2010;61 33867973;61 30325294
117;STILUS COMERCIO DE UNIFORMES LTDA;QNG 31 LOTE 02 (L1) LOJA;TAGUATINGA NORTE;TAGUATINGA;DF; ;72130310;;5,98507E+12;7,45027E+11; ;;15/04/2010;61 33542023;
118;MARCOS ROGERIO GIMENES - ME;RUA MANOEL DE MACEDO,;RIBEIRAO PRETO;RIBERAO PRETO;SP; ;14030560;;3,82512E+12;5,82587E+11; ;;23/04/2010;16 36375208;16 30233214
119;SOLIDA TRANSPORTE LTDA;AV DESVIO BUCAREST,550 JD.N.MUNDO;GOIANIA;GOIÂNIA;GO; ;74703100;;7,41672E+13;102645167; ;;17/04/2010;62 32068100;62 32068100
120;SUL AMERICA SEGURO SAUDE S.A;;;CIDADE CONVERSAO;DF; ;;;;; ;;22/02/2012;;
121;MAQUINAS JUNQUEIRA LTDA;RUA TENENTE GUIMARÃES,;NOVA ERA;JUIZ DE FORA;MG; ;36087070;;2,15647E+13;3,67017E+12; ;;27/04/2010;32 32225222;
122;EMBRATEL EMPRESA DE TELECOMUNICACOES S/A;ST COMERCIAL SUL QD 5 BL E S/N;ASA SUL;BRASILIA;DF; ;70310500;;3,35305E+13;0; ;;17/04/2010;80 07215421;
123;INFORTONNER INFOMATICA LTDA ME;SC/S QD 06 BLOCO A 81 SALA;ASA SUL;BRASILIA;DF; ;70326900;;1,09158E+13;7,52279E+11; ;;07/05/2010;61 30371901;
124;CENTERDATA ANALISES DE SISTEMAS E SERVICOS LTDA ME;AV AGUAS CLARAS QS 06 LOTE C27 TERREO E 1ANDAR;AGUAS CLARAS;AGUAS CLARAS;DF; ;72030979;;2,59687E+12;7,33214E+11; ;;14/06/2010;61 30396343;61 33564075
125;INSAN DO BRASIL LTDA;RUA MARIALVA,;JARDIM PEDRO DEMETERCO;PINHAIS;PR; ;83324180;;7,15553E+12;9032822409; ;MARCIA;02/07/2010;41 21173232;41 21173230
126;ALLCHEM QUIMICA IND. E COM. LTDA;RUA A,;DISTRITO INDUSTRIAL;RIO GRANDE;RS; ;98200970;;9,31532E+13;1000134188; ;;22/02/2011;53 21263000;53 21263001
127;GMI DISTRIBUIDORA LTDA;AV DOM PEDRO I 12;STA BRANCA;BELO HORIZONTE;MG; ;70000000;;4,09836E+12;6,21133E+11; ;VINICIUS;14/06/2010;31 34900777;31 34393614
128;BANACH FERRAMENTAS LTDA;RUA RIBEIRO DO VALE,;BROOKLIN PAULISTA;SÃO PAULO;SP; ;4568001;;6,19205E+13;1,05497E+11; ;ALFREDO;15/07/2010;11 55335435;11 55352194
129;TG TRANSP.GERAIS E DIST LTDA;RUA VIANA DO CASTELO 1007-31255-160;SAO FRANCISCO;BELO HORIZONTE;MG; ;31255160;;3,56293E+12;6,21005E+11; ;;05/07/2010;31 31152700;31 30691732
130;R&F TINTAS LTDA;QUADRA 43-LOTE;MORADA NOBRE;VALPARAIZO DE GOIAS;GO; ;72870303;;2,63396E+12;103053778; ;;03/08/2010;61 36275099;
131;COMERCIAL OLIVEIRA E SANTOS LTDA EPP;RUA SAO JORGE C/RUA UBERABA;JARDIM NOVA ERA ACRESCIMO;APARECIDA DE GIOANIA;GO; ;74916310;;1,16512E+13;104645547; ;;13/08/2010;62 30976404;
132;FUNDAMENTAL COM E SERV LTDA;QUADRA 10 CONJ A;SOF SUL;BRASILIA;DF; ;71215251;;3,34363E+13;7,41351E+11; ;;09/08/2010;61 33628880;
133;FILTRAGUA COMERCIO ARTIGOS DO LAR LTDA;SD NORTE CONJ A LOJA S 25 1 SUBSOLO;CNB;ASA NORTE;DF; ;70000000;;2,5967E+12;7,38657E+11; ;;28/08/2010;61 33264790;
134;REGIANE VIEIRA DOS SANTOS ME;QNO 13 CONJ A LOTE 11 LOJA;CEILANDIA;CEILANDIA;DF; ;72255301;;1,46016E+13;7,59158E+11; ;POTENCIALVENDAS3GMAIL.COM;31/08/2010;61 30818283;61 85170480
135;HC PNEUS S.A;TRECHO 01 LOTE;SIA SUL;BRASILIA;DF; ;71200010;;802000282;7,31792E+11; ;;30/09/2010;61 21061818;61 21061898
136;BEIJA FLOR COMERCIO DE TINTAS LTDA;RUA DR. MARCOLINO Nº;CENTRO;PATOS DE MINAS;MG; ;38700160;;6,62094E+13;4,80761E+12; ;CELIO;24/09/2010;34 21068001;
137;DAUTO TINTAS LTDA ME;QE 40 RUA11 LOTE 8 POLO DE MODAS;GUARA II;BRASILIA;DF; ;71070511;;1,96942E+12;7,37591E+11; ;;15/10/2010;61 33011055;61 33011224
138;NOVA CASA DIST.MAT P/ CONST-LTDA;QI 06 LOTE 10/12 GALPAO A-S/N;TAG.NORTE;TAGUATINGA;DF; ;72153060;;7,42004E+13;7,43134E+11; ;;15/10/2010;61 33555100;
139;BRASAL BRASILIA SERVICOS AUTOMOTORES S/A;SIA TRECHO 01 Nº;SIA SUL;BRASILIA;DF; ;71200010;;885000129;7,33094E+11; ;;18/10/2010;61 39626655;61 39626813
140;ARCO IRIS MOVEIS PARA ESCRITORIO LTDA EPP;CND 02 LT 09 LJ;TAGUATINGA;TAGUATINGA;DF; ;70000000;;2,72486E+12;7,38885E+11; ;;12/11/2010;61 33540564;
141;RITA HOLANDA DO NASCIMENTO ME;QD 04 CONJ I LOTE;AREA DE DESENVOLVIMENTO ECONOM;BRASILIA;DF; ;72237490;;8,65932E+12;7,4846E+11; ;;17/11/2010;33763316;
142;COMANDO EXTINTOR LTDA;COLÔNIA AGRICOLA BERNARDO SAIÃO CHACARA;BERNARDO SAIAO;GUARA;DF; ;71080000;;4,98585E+12;7,43256E+11; ;;23/11/2010;61 33813373;61 35673679
143;TERRA UTIL. DE MAQUINAS, FERRAMENTAS E UTILID.;SIA/SUL TRECHO 02 LOTES 525/545;SIA SUL;BRASILIA;DF; ;71200020;;7,14451E+12;7,46253E+11; ;GUSTAVO;26/11/2010;61 37017000;
144;CKX  COMERCIO DE TINTAS LTDA EPP;Q 5C LOTE 07 0;SIA SUL;BRASILIA;DF; ;71220055;;1,27639E+13;7,55395E+11; ;;21/12/2010;61 33610722;
145;Q1 COMERCIAL DE ROUPAS LTDA;SD/NORTE CONJUNTO A;CENTRO;BRASILIA;DF; ;70077900;;9,04424E+12;7,49458E+11; ;;28/12/2010;;
146;SARKIS & SARKIS LTDA;SIA QUADRA 05C LOJA;SIA SUL;BRASILIA;DF; ;71200055;;5,33018E+11;7,32398E+11; ;;05/01/2011;61 33618900;
147;SOFTSYSTEM ENGENHARIA EM SOFTWARE LTDA;COND.SAN DIEGO LOTE 01 LJ 08 SL3;CENTRO EMPRESARIAL;JARDIM BOTANICO;DF; ;71680362;;2,80715E+12;7,39033E+11; ;;14/01/2011;61 34274949;
148;LONG SERVICOS DE DEDETIZACAO LTDA;SCLN QD 114 BLOCO C LOJAS 19/21;ASA NORTE;BRASILIA;DF; ;70764530;;3,34624E+13;7,34059E+11; ;;18/01/2011;61 32742000;
149;ALAN DA SILVA ME;COL AGRICOLA AGUAS CLARAS CH-08 LT-01  20;GUARA;BRASILIA;DF; ;71090045;;1,27417E+13;7,54965E+11; ;;24/01/2011;61 35687206;
150;SOL COMERCIO E SERV DE INFORMATICA LTDA;SCLRN QD 703, BLOCO D, LOJA;ASA NORTE;BRASILIA;DF; ;73730514;;7,6079E+12;7,47053E+11; ;;28/01/2011;61 33289090;
151;TC TRANSCARPAL TRANSPORTE DE CARGAS;RUA 7. N 130, QD 56 LT10;ST SANTOS DUMONT;GOIÂNIA;GO; ;74463490;;9,19444E+12;103817980; ;;22/02/2011;62 35972284;
152;ENEIAS COMERCIO DE MOTOPECAS LTDA EPP;C02, LT 05, LJ 01 E 02;TAGUATINGA;TAGUATINGA;DF; ;72010020;;3,7098E+13;7,30161E+11; ;;23/02/2011;61 35626576;
153;REAL AUTO ELETRICA LTDA;QD 07 CONJ B LOTE;SOF SUL;BRASILIA;DF; ;71215222;;3,67708E+13;7,52279E+11; ;;25/03/2011;61 39644497;
154;BRASPRESS TRANSPORTES URGENTES LTDA;RUA PADRE AMERICO CEPPI;MARTA HELENA;UBERLÂNDIA;MG; ;38400672;;4,87404E+13;1,86363E+12; ;;24/02/2011;34 21017100;34 21017101
155;ARCOM S.A.;ROD ANEL VIARIO SENNA;DIST INDUSTRIAL;UBERLÂNDIA;MG; ;38414512;;2,57693E+13;7,02027E+12; ;JOSE CARLOS;02/04/2011;34 32184200;34 32184100
156;PRODESIVO INDUSTRIA E COMERCIO LTDA;CSG 08 LOTE, Nr;TAGUATINGA SUL;TAGUATINGA;DF; ;72035508;;2,65006E+13;7,31532E+11; ;PAULO;05/04/2011;61 33560060;
157;STILO SIGN SERVICOS DE CONFECCOES DE PLACAS;QE 40 RUA 20 LOTE 13 LOJA B;POLO DE MODAS;GUARA;DF; ;70000000;;1,03445E+13;7,51001E+11; ;;19/04/2011;61 30214774;
158;MERCOBRAS MATERIAIS E EQUIPAMENTOS LTDA ME;SIA TRECHO 02 LOTE 1675 TERREO;SIA SUL;BRASILIA;DF; ;71200020;;7,88374E+12;7,47758E+11; ;;28/04/2011;61 30378833;
159;PAPEIS VITORIA 5 ESTRELAS LTDA ME;RUA MANUEL DE MACEDO,;JARDIM PIRATININGA;RIBEIRAO;SP; ;14030560;;5,91285E+12;5,82652E+11; ;;24/06/2011;16 36375208;
160;BRASILIA TELEFONIA E INFORMATICA LTDA ME;SIBS QD 03 CONJ A LT 55 NUCLEO BANDEIRANTE;NUCLEO BANDEIRANTE;BRASILIA;DF; ;71736301;;8,99207E+12;7,49129E+11; ;;16/07/2011;61 33868301;61 33868301
161;COMPANHIA DE SANEAMENTO AMBIENTAL DO DF;AV. SIBIPIRUNA LTS 13/21 AGUAS CLARAS;AGUAS CLARAS;BRASILIA;DF; ;71928720;;82024000137;7,32467E+11; ;;20/07/2011;;
162;OI S.A;SCS QD 02 BLOCO E PROJEÇÃO;ASA SUL;BRASILIA;DF; ;70302903;;7,65358E+13;7,40893E+11; ;;20/07/2011;;
163;EMF INDUSTRIA METALURGICA;RUA MARCOS BORTINI;DISTRITO INDUSTRIAL;MARÍLIA;SP; ;17512330;;1,1287E+13;4,38278E+11; ;;22/07/2011;14 34253582;
164;CEB DISTRIBUICAO;SIA AREA DE SERVICOS PUBLICOS LOTE C;SIA;BRASILIA;DF; ;71215902;;7,52267E+12;7,46894E+11; ;;28/07/2011;;
165;AMIL ASSISTENCIA MEDICA INTERNACIONAL LTDA;SCS QD 06 BL A N 157 5 ANDAR SALAS 501 A;SETOR COMERCIAL;BRASILIA;DF; ;70300910;;2,93091E+13;7,32414E+11; ;;28/07/2011;61 32131000;
166;GLOBAL VILLAGE TELECOM LTDA;Q SIA SUL TRECHO 03 LT 0565/1575/1585;SIA;BRASILIA;DF; ;71200030;;3,42093E+12;7,41326E+11; ;;02/08/2011;;
167;PLASPEL EMBALAGENS LTDA;CSG 05 LOTE 03 TAG. SUL;TAGUATINGA;BRASILIA;DF; ;72035505;;4,63802E+11;7,33435E+11; ;;24/08/2011;;
168;PATRIMOB ADM IMOBILIARIO LTDA;;;CIDADE CONVERSAO;DF; ;;;;; ;;15/08/2011;;
169;ROSANA SILVA LEITE-ME;ADE QD. 04 CJ. B LT;P. SUL;BRASILIA;DF; ;72000000;;1,6793E+13;7,621E+11; ;;24/08/2011;61 33766689;
170;CPL DIST. DE MAT. DE CONSTRUCAO LTDA;QD TRECHO 03 N S/N LT;GUARA;BRASILIA;DF; ;71200030;;1,10093E+13;7,52463E+11; ;;30/08/2011;34336800;
171;INMETRO  SERVICOS PUBLICOS FEDERAL;;;CIDADE CONVERSAO;DF; ;;;;; ;;08/09/2011;;
172;KERS IMPORTADORA AUTOMOTIVA KERS IMPORTADORA LTDA;RUA MARIA DA GLÓRIA;SÃO JOÃO;ITAJAÍ;SC; ;88304330;;3,12334E+12;258832886; ;ANTONIO;04/11/2011;62 99300151;62999300151
173;DEPARTAMENTO DE TRANSITO DO DISTRITO FEDERAL;;;CIDADE CONVERSAO;DF; ;;;;; ;;12/12/2011;;
174;CENTRO DE INT EMPRESA ESCOLA CIEE;;;CIDADE CONVERSAO;DF; ;;;;; ;;19/09/2011;;
175;MERCADO NA REDE LTDA-ME;SHCSW CLSW 303 BL C ENT. 18/20 LJ;SUDOESTE;BRASILIA;DF; ;70673623;;4,84336E+12;7,43006E+11; ;;04/01/2012;61 30346559;
176;OCT VEICULOS LTDA;QS 01 RUA 212 LOTES 19 E 21, 19;AGUAS CLARAS;TAGUATINGA;DF; ;71950550;;5,49675E+11;7,32411E+11; ;MARIANA ( FINANCEIRO );06/01/2012;61 21066000;
177;SIND. TRAB. COM.ATAC E VAR. MATER. CONSTR DO DF;;;CIDADE CONVERSAO;DF; ;;;;; ;;10/01/2012;;
178;MUNDO DOS FILTROS LTDA;;;CIDADE CONVERSAO;DF; ;;;;; ;;30/01/2012;;
179;INDUSTRIA DE LIXADORES PURPER LTDA;RUA NILO PECANHA, SALA 01 N.;SAO CRISTOVAO;LAJEADO;RS; ;95900000;;1,07894E+13;720129532; ;WANDER;28/02/2012;51 37144436;
180;RDV FERRAMENTAS AUTOMOTIVAS LTDA ME;SIA SULQD 4C BL E LJS 45/65;GUARA;BRASILIA;DF; ;71200045;;9,54465E+12;7,50347E+11; ;RICARDO;02/04/2012;61 39671156;
181;TSI TECNOLOGIA EM SISTEMAS DE INFORMACAO;;;CIDADE CONVERSAO;DF; ;;;;; ;;02/04/2012;;
182;K&K COMERCIO DE PRODUTOS E COMPLEMENTO;;;CIDADE CONVERSAO;DF; ;;;;; ;;02/04/2012;;
183;ESTRUTURA CENTER COM. DE MATERIAIS DE CONST. LTDA;SIA TRECHO 2 LOTE 1315/13;SIA;BRASILIA;DF; ;71200020;;1,73927E+12;7,36957E+11; ;;02/04/2012;61 33611737;
184;TESUS  UNIFORMES;;;CIDADE CONVERSAO;DF; ;;;;; ;;03/05/2012;;
185;ITW PPF BRASIL ADESIVOS LTDA;RUA ANTONIO FELAMINGO;MACUCO;VALINHOS;SP; ;13279452;;5,85878E+12;7,08189E+11; ;;09/05/2012;19 38817788;
186;JG COM. IMP. E EXP. DE PECAS LTDA;RUA LUIS GREGNANIN,;VILA PRUDENTE;SÃO PAULO;SP; ;3127001;;1,17354E+13;1,47095E+11; ;;24/05/2012;11 20211878;
187;MC DISTRIBUIDORA DE PRODUTOS AUTOMOTIVOS LTDA;;;CIDADE CONVERSAO;DF; ;;;;; ;;21/06/2012;;
188;COE, COELHO & CIA LTDA;SIA TRECHO 02 LOTE;SETOR DE INDUSTRIAS;BRASILIA;DF; ;71200020;;2,49346E+13;7,32299E+11; ;;28/06/2012;61 32336123;61 32334901
189;INVESTIMENTO PRODUCOES E PUBLICIDADE;;;CIDADE CONVERSAO;DF; ;;;;; ;;21/06/2012;;
190;DISMONZA DIST. DE TINTAS E ABRAS. LTDA;QNE 19 LOTE;TAGUATINGA NORTE;BRASILIA;DF; ;72125190;;1,28012E+13;7,55709E+11; ;;19/07/2012;61 33551733;
191;EQUIPAMENTOS CONTRA INCENDIO EM GERAL;QD 203 CONJ. 07 LT;RECANTO DAS EMAS;BRASILIA;DF; ;72610300;;4,75038E+12;7,42799E+11; ;;25/07/2012;61 34344444;
192;CANAL TINTAS;QUADRA 08 CONJ. A;SOF SUL;GUARA;DF; ;71215241;;2,44406E+12;7,52463E+11; ;;11/07/2012;61 32331803;
193;JOSE HUMBERTO XAVIER;AV. SAO DOMINGOS QD. 03 LT 16,150;VILA MUTIRAO;GOIÂNIA;GO; ;74480120;;1,06182E+13;104476362; ;;19/07/2012;62 35956724;
194;TEF AUTOMOCAO COMERCIAL LTDA;SCLR/NORTE CLR QD 7;ASA NORTE;BRASILIA;DF; ;70750701;;5,43812E+12;7,441E+11; ;;26/07/2012;61 30376333;
195;PNEUS WAY PNEUS SERVICOS AUTOMOTIVOS LTDA;SIA TRECHO;SIA;BRASILIA;DF; ;71205970;;1,01897E+12;7,31956E+11; ;RONI/GUSTAVO;08/08/2012;80  0610009;33620002
196;K & K COM. PROD. COMP. AUTOMOTIVOS LTDA;RUA 15A LOSTRACCO QD 26 LOTE 07, 594;JARDIM PLANALTO;GOIÂNIA;GO; ;74333215;;1,08872E+13;104488123; ;;27/07/2012;62 39318363;
197;ER MIRANDA RELOGIO DIGITAL;QD 15 LOTE 09,102;SETOR LESTE;GAMA;DF; ;72460250;;9,217E+12;7,49614E+11; ;;31/08/2012;;
198;TNT MERCURIO CARGAS E ENCOMENDAS EXPRESSAS S.A;SETOR STRC TRECHO 3 CONJ D LOTES. 1/2;SIA SUL;BRASILIA;DF; ;71225500;;9,55917E+13;7,46333E+11; ;;04/09/2012;61 21042800;
199;IMPERMEAVEL DIST. DE IMPERMEABILIZANTES LTDA;RUA SALVADOR QD.;SETOR URIAS;GOIÂNIA;GO; ;74565620;;1,10721E+13;104529016; ;;11/09/2012;62 32101288;
200;SADIF COMERCIO DE VEICULOS LTDA;TRECHO SIA 2 N.;ZONA INDUSTRIAL;BRASILIA;DF; ;71200020;;9,34822E+12;7,4987E+11; ;;12/09/2012;61 34036363;
201;REFRICENTER REFRIGERACAO E CM. DE PECAS LTDA;CRS 515 BLOCO B LOJA 34/35;ASA SUL;BRASILIA;DF; ;70381520;;1,19491E+12;7,36172E+11; ;;20/09/2012;61 32452054;
202;HIDRALUZ MATERIAIS ELETRICOS EPP;RUA 13 LOTE;GUARA II;BRASILIA;DF; ;71070513;;3,35217E+13;7,30886E+11; ;;25/09/2012;61 33013107;
203;CATRAL REFRIGERACAO E ELETRODOMESTICOS LTDA;QND 28 LOTE;TAG. NORTE;BRASILIA;DF; ;72120280;;2,37592E+12;7,49822E+11; ;;28/09/2012;61 32040404;
204;SADA TRANSPORTES;RUA GUSTAF DALEN,;DISTR. IND. PAULO CAMILO;BETIM;MG; ;32669174;;1,91993E+13;6,73628E+11; ;;04/10/2012;31 30719577;
205;CASA DA JARDINAGEM LTDA;TRECHO 3 Nº.0. LT;SIA SUL;BRASILIA;DF; ;71200020;;1,08105E+13;7,5204E+11; ;;11/10/2012;61 34336800;
206;EXAUSTEC SISTEMAS DE VENT. E AUT. IND LTDA EPP;ADE CONJUNTO 24 LOTE;AGUAS CLARAS;AGUAS CLARAS;DF; ;71990360;;2,47317E+12;7,38423E+11; ;;15/10/2012;61 33991183;
207;COMERCIAL ABADIA IND. E COMERCIO RESIDUO TEXTIL .;RUA 38, 38;SETOR SANTOS DUMONT;GOIÂNIA;GO; ;74463750;;1,52312E+13;105294047; ;THAIS;19/10/2012;62 32971047;
208;THAYCE KELLY CARDOSO NUNES;RUA FLOR DE MAIO QD 45 LT;PONTA KAIANA;TRINDADE;GO; ;74480120;;2697811109;; ;;30/10/2012;;
209;CELSO CAVINI DIAS SERRALHERIA ME;RUA ETELVINO DE FREITAS,;JARDIM SAO JOSE;SÃO BERNARDO DO CAMPO;SP; ;9762010;;2,10611E+12;6,35619E+11; ;;19/11/2012;11 41247703;
210;V8 BRASIL LTDA EPP;RUA GOVERNADOR JOSE BOABAID;DISTRITO INDUSTRIAL;SÃO JOSÉ;SC; ;88104750;;4,8952E+12;254455352; ;;19/11/2012;48 33418600;
211;HP ELETROTECNICA COM. MAN. E LOC. DE EQUIP.;SIA QD 04C BL C SN;SIA SUL;BRASILIA;DF; ;71200045;;9,63645E+12;7,50551E+11; ;;22/11/2012;61 33620130;
212;PROTECAO COMERCIO REPRESENTACAO TREINAMENTO LTDA;AV. BRASIL SUL, 4590 QD. 22 LT;CALIXFOLANDIA;ANÁPOLIS;GO; ;75130630;;2,74606E+12;103080856; ;;14/12/2012;62 33136464;
213;COMERCIAL GAMARRA DE EQUIPAMENTOS DE AREIRELE - EP;RUA CANUTO SARAIVA 752, SALA;MOOCA;SÃO PAULO;SP; ;1310000;;1,66053E+13;1,45506E+11; ;;07/01/2013;11 20211878;
214;GONDIM TRANSP. E LOG LTDA;AV. MARIA DE MELO 02 LT 9,S/N-GP;VL IND. P. ABAAO;GOIÂNIA;GO; ;74583245;;1,97687E+12;102955948; ;;20/12/2012;62 35729200;
215;TOK FINAL COMERCIO DE TINTAS LTDA;AV. BRASIL NORTE N.;CIDADE JARDIM;ANÁPOLIS;GO; ;75080240;;9,33174E+12;104232668; ;;05/03/2013;62 30994055;
216;ROMANEL SERV. TRANSP. LTDA;RUA ALIXANDRE JUZARRO N.;JARDIM PRIMEVERA;SÃO PAULO;SP; ;2755080;;8,78308E+12;1,49987E+11; ;;15/03/2013;11 39365944;
217;DAKAI SISTEMAS ELETRONICOS DE SEGURANCA LTDA;QNA 35 CASA;TAGUATINGA NORTE;BRASILIA;DF; ;72110350;;7,17952E+12;7,46378E+11; ;;21/03/2013;61 34360430;
218;BRASIL VEICULOS CIA DE SEGUROS;;;CIDADE CONVERSAO;DF; ;;;;; ;;05/04/2013;;
219;BRASIL VEICULOS CIA DE SEGUROS;;;CIDADE CONVERSAO;DF; ;;;;; ;;05/04/2013;;
220;FARAO LTDA ME;AV. LISBOA, S/N Q D30 LOTE;FORQUILHINHAS;SÃO JOSÉ;SC; ;88107350;;1,33146E+13;256342466; ;;12/04/2013;48 33331002;
221;SOF NORTE PECAS E TINTAS AUTOMOTIVAS LTDA - EPP;SOF/N CL QD 04 BL A LJ;ASA NORTE;BRASILIA;DF; ;70634463;;7,846E+12;7,47534E+11; ;;17/05/2013;61 34652277;
222;SIM IMPORTADORA DE FERRAGENS LTDA;RUA SAO PAULO,;JARDIM AMERICA;CAIXAS DO SUL;RS; ;95050450;;1,09205E+13;290507103; ;;27/06/2013;54 30290099;
223;SW INDUSTRIA E COMERCIO DE RESIDUOS TEXTIL LTDA;AV. PERIMETRAL OESTE QD 14 LT 10 N.;JARDIN BONANZA;GOIÂNIA;GO; ;74463840;;1,65143E+13;105406910; ;;10/07/2013;62 32976506;
224;TEKCLEAN SOLUCOES PARA MAQUINAS LTDA;QD ADE LOTE 07 E 08 CONJ.;AGUAS CLARAS;BRASILIA;DF; ;71986360;;1,18426E+13;7,63611E+11; ;GUSTAVO 8485-1981;31/07/2013;61 33561157;
225;W.L. DE OLIVEIRA & CIA LTDA;SIA TRECHO 02 LT 785/95;SETOR DE INDUSTRIA;BRASILIA;DF; ;71200020;;1,01253E+11;7,33502E+11; ;;09/08/2013;61 33615500;
226;CLAUDIO ANTONIO DE SOUZA;RUA FLOR DE MAIO S/N QD 45 LT;SETOR PONTA KAYANA;TRINDADE;GO; ;75380000;;1,76986E+13;105592765; ;;22/08/2013;62 32100507;
227;SIGMA TOOLS COM. MAQUINAS EQUIP. E ACE;RUA MATRIX,;MOINHO VELHO;COTIA;SP; ;6714360;;1,3032E+13;2,7831E+11; ;;05/09/2013;11 37831424;
228;BARBOSA COMERCIO DE TINTAS;BR 070 KM 28 LOJA;MANSOES CENTRO OESTE;AGUAS LINDAS;GO; ;72000000;;9,68771E+12;104317019; ;;06/09/2013;;
229;MARDONIO CARGO EXPRESS LTDA;ALAMEDA RIO PRETO,;CENTRO EMPRESARIAL TAMBORE;BARUERI;SP; ;6460050;;6,77436E+13;2,06273E+11; ;JOSELHA 8599-1460 / TIAGO;10/09/2013;11 41332995;
230;PRINT MASTER INFORMATICA;SCLN 113 BL A LJ 33 SUBSOLO;ASA NORTE;BRASILIA;DF; ;70763510;;1,37003E+13;7,57459E+11; ;ALVINO;01/10/2013;61 85653838;
231;SOFTYEL COMERCIO E SERVICOS DA INFORMATICA LTDA ME;CLSW 303 BL C LOJAS;SUDOESTE;BRASILIA;DF; ;70673623;;2,66683E+13;7,65206E+11; ;;21/10/2013;61 30338907;
232;WB COMPONENTES AUTOMOTIVOS;RUA DO NIQUEL QD  54 LT 03 667;PARQUE OESTE INDUSTRIAL;GOIÂNIA;GO; ;74375660;;8,52839E+12;104082054; ;;29/10/2013;62 32360500;
233;HYUNDAI CAOA DO BRASIL LTDA;SIA TRECHO 4 LOTE 300 A;SIA SUL;BRASILIA;DF; ;71200030;;3,51873E+12;7,56487E+11; ;FINANCEIRO 11-5538-1035 R;28/11/2013;61 37090050;
234;TSO DISTRIBUIDORA DE MATERIAIS DE CONSTRUCAO LTDA;SHVP CHACARA 29 LOTE 23 LOJA 01,02 E 03;VICENTE PIRES;TAGUATINGA;DF; ;72110800;;9,54715E+12;; ;;19/12/2013;61 33976363;
235;FALCAO INDUSTRIA E COMERCIO DE TINTAS LTDA;AV. RAVISO PEREIRA MAIA,;JARDIM BOTANICO;CAMPOS GERAIS;MG; ;37160000;;9,25265E+12;10553610090; ;EDILENE;28/11/2013;35 38533140;
236;FENIX ADVANCE PRODUTOS AUTOMOTIVOS LTDA-ME;RUA GALILEIA, 161 SOBRELOJA;CASA VERDE;SAO  PAULO;SP; ;2530000;;1,27422E+13;1,47585E+11; ;;21/01/2014;11 38584878;
237;AUTO CONSTRUCAO DST. DE PECAS E SEVICOS LTDA EPP;SDE QD 3 CJ A LOTE;TAGUATINGA NORTE;BRASILIA;DF; ;719850;;5,82417E+12;7,44774E+11; ;;28/11/2013;61 39641526;
238;ESPACO E FORMA M. E DIVISORIAS LTDA;OUT ADE CONJ. 26 N O LT 06/07;AGUAS CLARAS;TAGUATINGA;DF; ;71990720;;3,79777E+13;7,32036E+11; ;;23/01/2014;61 30342222;
239;ELETROFRAN MAT. ELETRICOS LTDA ME;SIA QD 05 AREA ESPECIAL 10 LOJA N.;SIA;BRASILIA;DF; ;71200055;;1,07926E+13;7,52008E+11; ;;29/01/2014;61 33610480;
240;EM7 DISTRIBUICAO E IMPORTACAO LTDA;RUA CEL. JOSE CARVALHO DE OLIVEIRA, 1720 BL 1;UBERABA;CURITIBA;PR; ;81570160;;1,89508E+13;9064349110; ;;07/02/2014;41 91165003;
241;CURINGA DOS PNEUS LTDA;SIA QD 01 TRECHO 02, 1170 PARTE A;SETOR DE INDUSTRIA;BRASILIA;DF; ;71200020;;41327003801;7,31555E+11; ;;18/02/2014;61 21062121;
242;RODONAVES TRANSP. E ENCOMENDAS LTDA;RUA GEN. AUGUSTO SOARES DOS SA,;PRQ IND. LAGOINHA;RIBEIRAO PRETO;SP; ;14095240;;4,4915E+13;5,82249E+11; ;;22/01/2014;16 21019900;
243;TRANSPORTODORA E COMERCIO BRASILIENSE LTDA;RUA SARGENTO JETER AUGUSTO PEREIRA,;PARQUE NOVO MUNDO;SÃO PAULO;SP; ;2188070;;4,25926E+11;1,11077E+11; ;;10/02/2014;11 29545633;
244;TERRAVIVA IND. E COM. DE MAT. P/ CONST, TRANS.;TRECHO SIA TRECHO 2 LOTES 205 A 275,  ZONA;GUARA;BRASILIA;DF; ;71200020;;1,55986E+13;7,60887E+11; ;;22/02/2014;61 35333150;
245;FORTPLAC COMERCIO DE MADEIRAS;TRECHO 02 LOTE;SIA;BRASILIA;DF; ;72000000;;1,88598E+13;7,65646E+11; ;;10/02/2014;;
246;MADERMACK COMERCIO DE TINTAS LTDA;CND 1 LT 08 N. 0 LOJA;TAG. NORTE;BRASILIA;DF; ;72120015;;4,53999E+12;7,42423E+11; ;;27/02/2014;61 33542666;
247;REVILLE COMERCIO E REFRIGERACAO LTDA;QE 40 RUA 11 LOTE 31 POLO DE MODAS;GUARA II;BRASILIA;DF; ;71070511;;8,67822E+11;7,35546E+11; ;;27/03/2014;61 33013440;
248;CARLES E SOUSA LTDA;RUA 29-A QD 49-A  710 SALA 30 SETOR AEROPORTO;GOIANIA;GOIÁS;GO; ;74075320;;1,19443E+13;104701064; ;;02/04/2014;;
249;S3 COMERCIO E CONSTRUCOES EIRELI - ME;RUA 10 CHACARA 168 VICENTE PIRES SN;VICENTE PIRES;BRASILIA;DF; ;719850;;1,96543E+13;7,67077E+11; ;;28/03/2014;39641524;
250;RF EMBALAGENS LTDA;SIAL SUL TRECHO 10 LOTE 05 BOX Nº;BRASILIA;BRASILIA;DF; ;71208900;;5,03397E+12;7,43335E+11; ;;22/04/2014;;
251;REAL CORES COMERCIO DE TINTAS LTDA;AVENIDA T 9, 3149 QD 269 LT 21 - JARDIM AMERICA;JARDIM AMERICA;GOIÂNIA;GO; ;74255220;;1,14627E+13;104607742; ;;02/04/2014;;
252;SIA PARAFUSOS E FERRAMENTAS LTDA;SIA SUL QD 4C BL E LT 46/48/49 LJ 71/73;SIA;BRASILIA;DF; ;71200045;;5,90275E+12;7,44901E+11; ;;24/04/2014;61 32338838;
253;CAVALCANTE E SOUSA SERVICOS E COMERCIO DE TINTAS;QS 03 EPTC LOTE 27 LOJA 03 PARTE B;AGUAS CLARAS;BRASILIA;DF; ;71953000;;1,55314E+13;7,60796E+11; ;;02/04/2014;61 34035050;
254;WESLEY ALVES DE BARROS;QS 11 CONJ. F N.;AREAL;AGUAS CLARAS;DF; ;71979720;;1,85242E+13;7,65091E+11; ;;05/05/2014;61 30483667;
255;PLANO COMERCIO DE POLIDORES E P;QNJ 43 N.;TAGUATINGA NORTE (TAGUATINGA);BRASILIA;DF; ;72140430;;3,8052E+13;7,66902E+11; ;;14/05/2014;61 34911565;
256;PLASPEL II EMBALAGENS LTDA EPP;CSG 5 - LOTE 03 - GALPAO PARTE;TAGUATINGA SUL;BRASILIA;DF; ;72035505;;1,94552E+13;7,66751E+11; ;;19/05/2014;35330722;
257;FRANCISCO GILDENOR DA SILVA-ME;RUA 20 LOTE 24 LOJA 01(POLO DE MODAS);GUARA II;BRASILIA;DF; ;71070520;;1,8559E+13;7,65185E+11; ;;10/06/2014;61 85171980;
258;SAGA S/A GOIAS DE AUTOMOVEIS - HYUNDAI BSB;SGCV SUL LT 12 PARTE C L;ZONA INDUSTRIAL (GUARA);BRASILIA;DF; ;71215100;;1,10475E+12;7,40624E+11; ;;21/07/2014;61 34039390;34039390
259;FARBEN S/A INDUSTRIA QUIMICA;ROD ICR 364 KM 03, 03;SANTA CATARINA;IÇARA;SC; ;88820000;;8,51114E+13;252264398; ;;24/07/2014;48 21014300;
260;MARCON INDUSTRIA METALURGICA LTDA;RUA COELHO NETO,;MARIANA;MARÍLIA;SP; ;17510013;;5,7212E+13;4,3806E+11; ;;25/08/2014;14 34012425;
261;SOLUCAO ADESIVOS E SELANTES LTDA;RUA  JUSCELINO KUBITSCHEK DE OLIVEIRA - 12953 1- D;CIDADE INDUSTRIAL;CURITIBA;PR; ;81460000;;9,09246E+12;9042153254; ;CLEISON;01/10/2014;41 33271301;
262;BRILHO MAX COMERCIAL DESCARTAVEIS E LIMPEZA LTDA-M;TERCEIRA AVENIDA AE;NUCLEO BANDEIRANTE;BRASILIA;DF; ;71710350;;1,72524E+13;7,62885E+11; ;;03/10/2014;61 30220005;
263;CLARO S/A;AVENIDA 24 DE OUTUBRO - DE 521 A 1389 - LADO IMPAR;SETOR CAMPINAS;GOIÂNIA;GO; ;74505011;;4,04325E+13;105450944; ;;14/10/2014;;
264;BRYLCOR SANTANA IND. COM. TINTAS;AVENIDA JOSE ROBERTO DE CAMARGO TOLEDO,;CHACARAS SAO LUIS;SANTANA DE PARNAÍBA;SP; ;6504150;;7,09423E+12;6,23095E+11; ;JORGE;17/10/2014;11 41542311;
265;PPJ COMERCIO DE TINTAS LTDA;SQ;AGUAS CLARAS;BRASILIA;DF; ;70310500;;1,64803E+12;7,3728E+11; ;;21/10/2014;61 33520505;
266;REDE BRASIL DSIT. E LOGIST. LTDA FILIAL DF;QUADRA CSG;TAG. SUL;BRASILIA;DF; ;70035513;;7,72807E+12;7,4789E+11; ;;03/11/2014;61 41010772;
267;PAR TECNOLOGIA E SERVICOS DE INFORMATICA LTDA EPP;SAAN QD 02 LOTES 850/880;ASA NORTE;BRASILIA;DF; ;70847550;;5,41463E+12;7,52261E+11; ;;07/11/2014;61 33496288;
268;ZAMER DISTRIBUIDORA DE BATERIAS LTDA EPP;QUADRA 10 CONJ A  LOTE 1/3;ZONA INDUSTRIAL (GUARA);BRASILIA;DF; ;71215251;;1,6267E+12;7,31278E+11; ;;18/11/2014;61 32336330;
269;SERGIO WILLIAN VIEIRA SE SOUUSA;RUA 12 CHACARA;SETOR HABITACIONAL VICENTE PIR;BRASILIA;DF; ;72007820;;4287505166;; ;;27/12/2014;;
270;NOVO MUNDO MOVEIS E UTILIDADES LTDA;C 5 LOTE 07 LJS 02/03/04;TAGUATINGA CENTRO (TAGUATINGA);BRASILIA;DF; ;72010050;;1,53408E+12;7,30208E+11; ;;15/01/2015;61 39052828;
271;DAIANE LETICIA DE OLIVEIRA REZENDE;RUA SEBASTIAO BRAZ,;VILA FREI EUGENIO;UBERABA;MG; ;38015440;;1,9695E+13;23071530056; ;;16/01/2015;34 91241952;
272;NOVA AMAZONAS IND. COM. IMP. ALIM. LTDA;POLO DE DESENVOLVIMENTO JUSCELINO KUBITSCHEK TRECH;SANTA MARIA;BRASILIA;DF; ;72549555;;3,72592E+13;7,41838E+11; ;;03/02/2015;61 21050000;
273;SIQUEIRA CAMPOS IMPORTACAO E DISTRIBUICAO LTDA;POLO DE DESENVOLVIMENTO JUSCELINO KUBITSCHEK TRECH;SANTA MARIA;BRASILIA;DF; ;72549520;;1,79142E+12;7,37023E+11; ;;16/03/2015;61 21078400;
274;TRIPAR BEB ADMINISTRADORA DE CARTOES LTDA;SHCN NORTE CR QD 502 BLOCO B 23 3º ANDAR SALÃO;ASA NORTE;BRASILIA;DF; ;70720502;;2,56112E+12;7,38591E+11; ;;08/04/2015;61 21960700;
275;MONICA OLIVEIRA SOUSA & CIA LTDA;SC/S QD 05 BL. C TERREO LJ;ASA SUL;BRASILIA;DF; ;70300500;;4,2193E+12;7,50831E+11; ;;11/05/2015;32012050;
276;EXTRA COMPANHIA BRASILEIRA DE DISTRIBUICAO;SMAS S/N TRECHO 3 CONJ;GUARA;BRASILIA;DF; ;71215300;;4,75084E+13;7,30479E+11; ;;03/06/2015;;
277;F BRASIL LTDA;AV PREFEITO JOAO VILALLOBO QUERO,1560 MD;JARDIM BELVAL;BARUERI;SP; ;6422122;;2,63493E+12;2,06235E+11; ;;23/06/2015;11 48732111;
278;DEDOES BRASIL COMERCIO DE EQUIPAMENTOS DE MISTURA;AVENIDA DOUTOR TIMOTEO PENTEADO - DE 3451/3452 A 4;VILA GALVAO;GUARULHOS;SP; ;7061002;;9,09739E+12;3,3682E+11; ;;01/07/2015;11 24559892;
279;NB COMERCIAL DE TINTAS LTDA;AV CENTRAL LOTE 430 LOJA;NUCLEO BANDEIRANTE;NUCLEO BANDEIRANTE;DF; ;71705200;;3,65161E+12;7,4072E+11; ;;17/07/2015;61 35525000;
280;PAPEL MASCARAUTO LTDA;SRIA QI-10, BLOCO-B LOTE-;JARDIM MONTE ALEGRE;TABOÃO DA SERRA;SP; ;6755270;;1,37252E+13;6,752E+11; ;EVELIN;27/07/2015;11 45582915;
281;RENAUTO VEICULOS E PECAS LTDA;RUA 3 - DE 758 A 99998 - LADO PAR;SETOR CENTRAL;GOIÂNIA;GO; ;74023010;;7,35222E+13;102607052; ;;04/08/2015;26235013239;
282;PINCEL PLACAS E LETREIROS LTDA ME;QD 4C BLOCO D LOTE;ZONA INDUSTRIAL (GUARA);BRASILIA;DF; ;71200045;;1,08643E+13;7,52166E+11; ;NAYANE;11/08/2015;32342366;
283;PANIFICADORA E CONFEITARIA PAO DA HORA;QE 40 RUA 11 LT 8;GUARA II;BRASILIA;DF; ;71070511;;1,32604E+13;7,56637E+11; ;;14/08/2015;;
284;BICALHO MOVEIS PARA ESCRITORIO LTDA ME;CND 2 LOTE 14 LOJA 01 LOTE 15 LOJA;TAGUATINGA NORTE (TAGUATINGA);BRASILIA;DF; ;72120025;;3,71364E+13;7,46498E+11; ;;12/08/2015;61 33544000;
285;A.A. ASA COPIAS COPIADORA LTDA;SCLRN 715 BLOCO D;ASA NORTE;BRASILIA;DF; ;70770514;;2,59393E+12;7,38647E+11; ;;14/08/2015;61 33404663;
286;ROBERT BOSCH LTDA;VIA ANHANGUERA, KM 99 E 98;JARDIM EULINA;BOA VISTA - CAMPINAS;SP; ;13065900;;4,59902E+13;2,44007E+11; ;FELIX (ROBERLO);26/08/2015;47 38022960;
287;HUMBERTO DE FREITAS - ME;QS 5 RUA;AREAL (AGUAS CLARAS);BRASILIA;DF; ;71964180;;1,05262E+13;7,51398E+11; ;PLACAS DE ACRILICO;26/08/2015;61 33562140;
288;JUSSARA FERREIRA GOMES;CONDOMINIO VILLE MONTAGNE;SETOR HABITACIONAL JARDIM BOTA;BRASILIA;DF; ;71680357;;1,82935E+13;; ;GILSON;14/08/2015;61999961911;
289;SEBRAE DF;SIA TRECHO 3 LOTE;GUARA;BRASILIA;DF; ;72000000;;4,382E+11;; ;;31/08/2015;33621600;
290;SHERWIN- WILLIAMS 2;RUA 11 SEM NOME;JARDIM MARACANA (NOVA VENEZA);SÃO PAULO;SP; ;13181902;;6,08723E+13;6,71009E+11; ;;03/09/2015;;
291;ALVARO HENRIQUE CRUZ DINIZ EIRELI;SIA SUL QD 03 C LT;SIA;BRASILIA;DF; ;70200035;;3,51321E+12;7,40441E+11; ;;08/09/2015;61 33611488;
292;BRASILIA FILTROS COMERCIO E UTILIDADES;SIA TR 03 LT.625/695 SALA;ZONA INDUSTRIAL (GUARA);BRASILIA;DF; ;71200030;;3,70701E+13;7,49131E+11; ;;25/09/2015;61 30318441;
293;SERVWELD ASSIST TECNICA TRANSP LOC COMERCIAL LTDA;QD 03 CONJ A LOTE;ZONA INDUSTRIAL (GUARA);BRASILIA;DF; ;71215226;;1,15043E+13;7,67152E+11; ;;29/09/2015;61 32346622;
294;RIACHO DOCE  CONST. E INCORP. LTDA;QD 4C BLOCO K LOTE 56 SL 111 ED SIA CENTER;ZONA INDUSTRIAL (GUARA);BRASILIA;DF; ;71200045;;3,11965E+12;7,71183E+11; ;;30/09/2015;;
295;UTILER - UTILIDADES DE LEITURA E ESCRITA LTDA;QNM 17 CONJUNTO E;CEILANDIA SUL (CEILANDIA);BRASILIA;DF; ;72215175;;3,6754E+13;7,30114E+11; ;;05/10/2015;61 39650456;
296;HL INFORMATICA TECNOLOGIA E SUPORTE LTDA;CLN 208 BLOCO D LOJAS 03,07;ASA NORTE;BRASILIA;DF; ;70853540;;9,32809E+12;7,49834E+11; ;;20/10/2015;61 30371350;
297;MADRUGA PAPEL E PAPELAO;RUA INAJA - DE 901/902 AO FIM;SITIO CERCADO;CURITIBA;PR; ;81900497;;1,39595E+13;9062041185; ;GUSTAVO;03/12/2015;41 32659415;
298;ZAMBA INDUSTRIA E COMERCIO DE BRINDES;AVENIDA OURO VERDE DE MINAS;JARDIM IMPERADOR (ZONA LESTE);SÃO PAULO;SP; ;3937090;;3,22846E+12;1,15157E+11; ;;04/12/2015;11 27219494;
299;METAL LIGHT IND E COM DE MOVEIS DE ACO LTDA;ESTRADA;CHACARAS DE RECREIO SAO JOAQUI;GOIÂNIA;GO; ;74470260;;7,80994E+12;103981691; ;;05/12/2015;62 40089523;
300;DELL COMPUTADORES DO BRASIL LTDA;QE 40 RUA 11 LT 8;PARQUE DOS PINHEIROS;HORTOLÂNDIA;SP; ;13184654;;7,23812E+13;7,48131E+11; ;;09/12/2015;19 21184000;
301;DAUTO TINTAS LTDA ME;SRIA QE 40 CONJUNTO H LT 45 LJ;GUARA;BRASILIA;DF; ;71015127;;1,96942E+12;7,37591E+11; ;;21/12/2015;16139671396;
302;CYBERWEB NETWORKS LTDA;SAO PAULO;SIA SUL;BRASILIA;DF; ;70000000;;5,30567E+12;; ;;13/01/2016;40035464;
303;MW BANDEIRANTE COMERCIAL LTDA;Rua Ajuruete,;JARDIM LEONIDAS MOREIRA;SÃO PAULO;SP; ;5792020;;5,26515E+13;1,10895E+11; ;ADRIANA;18/01/2016;11 58417012;
304;FABRICIO & RAFAEL TINTAS LTDA -ME;QD 07 LJ 11/1;SOBRADINHO;BRASILIA;DF; ;73050180;;1,36831E+13;; ;RAFAEL;21/01/2016;61 30510301;
305;DAUTO TINTAS LTDA ME;QD 4C LOTE 48/49 BL E LJ;SIA;BRASILIA;DF; ;71225540;;1,96942E+12;7,37591E+11; ;;24/02/2016;61 33610580;
306;DAUTO TINTAS LTDA ME;SOF NORTE QD 02 BL A LOTE;SOFNORTE;BRASILIA;DF; ;72000000;;1,96942E+12;7,37591E+11; ;;24/02/2016;61 34652055;61 34652354
307;MERCADO DAS TINTAS LTDA;QI 07 LOTE 1160B SETOR INDUSTRIAL;GAMA LESTE;BRASILIA;DF; ;72445070;;7,26284E+13;7,47233E+11; ;;24/02/2016;16135560556;
308;MERCADO DAS TINTAS LTDA;QNN 18 CONJ E LOTE;CEILANDIA;BRASILIA;DF; ;72220185;;7,26284E+13;7,47233E+11; ;;24/02/2016;16133990699;
309;MERCADO DAS TINTAS LTDA;ADE CONJ 12 LOTE;AGUAS CLARAS;BRASILIA;DF; ;72030100;;7,26284E+13;7,47233E+11; ;;24/02/2016;16133990699;
310;COMERCIAL TAGUASUL DE PARAFUSOS LTDA ME;QSE 16 LT 02 LJ;TAGUATINGA SUL (TAGUATINGA);BRASILIA;DF; ;72025160;;4,65454E+12;7,42606E+11; ;;28/04/2016;61 30425648;
311;DNIT- DEPARTAMENTO NACIONAL DE INF DE TRANSP;SOPI CONJ B LOTE;PLANO;BRASILIA;DF; ;72000000;;4,89271E+12;; ;;08/08/2016;;
312;MASTIFLEX INDUSTRIA DE SELANTES E MASSAS LTDA;RUA DOUTOR JALLES MARTINS SALGUEIRO;LOTEAMENTO INDUSTRIAL CORAL;MAUÁ;SP; ;9372000;;1,50802E+13;4,42149E+11; ;MARCOS;11/05/2016;11 45468383;
313;FFAM COMERCIO DE TINTAS LTDA;SETOR SCIA QUADRA 14 CONJUNTO;ZONA INDUSTRIAL (GUARA);BRASILIA;DF; ;71250125;;2,2564E+13;7,72338E+11; ;;06/06/2016;61 33462005;
314;LIMPOPLUS INDUSTRIA DE ESTOPAS LTDA;RUA PETUNIA;CHACARA DO QUITAO;ITAÚNA;MG; ;35680423;;6,05142E+12;3,38272E+12; ;AMARAL;15/06/2016;;
315;BRASCOLA LTDA.;RUA BRASCOLA;ZONA INDUSTRIAL NORTE;JOINVILLE;SC; ;89219600;;6,11051E+13;252895738; ;;06/06/2016;;
316;COMERCIAL ANTONIO CARVALHO LTDA;RUA ALEMANHA - DE 851/852 AO FIM;VILA CAMILOPOLIS;SANTO ANDRÉ;SP; ;9240001;;2,55943E+12;6,26351E+11; ;LUIZ ABDALA;21/06/2016;11 49969010;
317;PLANETA VEICULOS LTDA;SIA/SUL TR 01 LOTE 170/200;ZONA INDUSTRIAL (GUARA);BRASILIA;DF; ;71200010;;3,29638E+12;7,44824E+11; ;;08/06/2016;33622424;33622400
318;SECRETARIA DE FAZENDA DF;SBN QD. 02 BL. A ED. VALE DO RIO DOCE 13 ANDAR;ASA NORTE;ASA NORTE;DF; ;70040909;;3,94684E+11;; ;;24/06/2016;61156;
319;MECANICA PLATINO LTDA;SIA TR 02 LOTES 1570 A;ZONA INDUSTRIAL (GUARA);BRASILIA;DF; ;71200010;;9,24091E+12;7,49647E+11; ;;09/06/2016;61 32348010;
320;FL PNEUS E RODAS;SOF NORTE QD 04 CONJ B LOTE;SOF;BRASILIA;DF; ;72000000;;1,18146E+13;; ;;01/07/2016;;
321;GLEIDSON P. DA SILVA DISTRIBUIDORA DE BEBIDAS ME;QNM03 CONJUNTO P LOTE;CEILANDIA NORTE (CEILANDIA);BRASILIA;DF; ;72210262;;1,13775E+13;7,53177E+11; ;;29/06/2016;61 39657576;
322;ITA CARIMBOS;QE 40 CONJUNTO I LOTE 23 GUARA II;GUARA II;BRASILIA;DF; ;72000000;;1,25442E+12;; ;;04/07/2016;61 33811488;
323;A FERMAQUINAS COMERCIO DE FERRAMENTAS LTDA EPP;ADE CJ 11 LT 7 LJ;AGUAS CLARAS;AGUAS CLARAS;DF; ;72000000;;1,50614E+13;7,59907E+11; ;;29/06/2016;30473999;
324;MINISTERIO DA FAZENDA;SOPI CONJ B LOTE;PLANO;BRASILIA;DF; ;72000000;;3,9446E+11;; ;;19/07/2016;;
325;RG FESTAS;RUA 10 QD 43 CASA;VALPARAISO;VALPARAISO;GO; ;72000000;;1,27279E+13;; ;;29/06/2016;30832369;
326;SALGADOS E BEBIDAS;GAMA;GAMA;GAMA;GO; ;72000000;;2,09874E+13;; ;;29/06/2016;;
327;PANIFICADORA PANITTA;QNN 18 CONJ F LOJAS 01/02;CEILANDIA;CEILANDIA;DF; ;72000000;;9,35681E+11;7,44522E+11; ;;29/06/2016;34711465;
328;COMERCIAL DE FRUTAS E VERD. CANTEIROS;QE 40 RUA 08 LT 2;GUARA II;BRASILIA;DF; ;71070511;;3,80302E+13;7,34708E+11; ;;06/07/2016;;
329;CIA IMOBILIARIA DE BRASILIA - TERRACAP;ADE AGUAS CLARAS CONJ 12 LOTE;AGUAS CLARAS;BRASILIA;DF; ;72000000;;3,59877E+11;; ;;27/07/2016;;
330;ESTOPA BRASILIA LTDA;AVENIDA RECANTO QUADRA;RECANTO DAS EMAS;BRASILIA;DF; ;72620159;;2,39669E+13;7,7521E+11; ;CLEYTON;12/07/2016;61 38791666;
331;IRMAOS BRAZ MAT. P/ CONSTR. E UTIL. P/ O LAR LTDA;RUA 21 LOTE;GUARA II;BRASILIA;DF; ;71070511;;8,33249E+12;7,47997E+11; ;;29/06/2016;33010101;
332;WLS REFRIGERACAO;QUADRA 36 LOTE 03 LOJA;SETOR SUL;GAMA;DF; ;72000000;;8,20249E+12;7,47774E+11; ;;29/06/2016;35564444;
333;KIKA COMERCIO DE LOCACAO DE MAT P/ FESTAS LTDA-ME;QSE;TAGUATINGA SUL (TAGUATINGA);BRASILIA;DF; ;72025070;;1,23305E+13;7,54489E+11; ;;01/08/2016;16133565357;
334;MARQUES MATERIAIS DE CONSTRUCAO E SERVICOS LTDA-ME;RUA 5 (POLO DE MODAS);GUARA II;BRASILIA;DF; ;71070505;;2,13947E+13;7,70152E+11; ;;18/07/2016;61 35327200;
335;O RETALHAO MALHAS E TECIDOS LTDA;ED TAGUACENTER LOJAS 32/34;TAGUATINGA;BRASILIA;DF; ;72000000;;4,51419E+11;7,33421E+11; ;;18/07/2016;;
336;AUTO POSTO SAO MARCOS LTDA;SPMS ROD BRASILIA ANAPOLIS LT;NUCLEO BANDEIRANTE;BRASILIA;DF; ;72000000;;7,25871E+13;7,34514E+11; ;;18/07/2016;;
337;URUACU TRANSP. C. LOG. LTDA;AVENIDA MARIA DE MELO;ZONA INDUSTRIAL PEDRO ABRAO;GOIÂNIA;GO; ;74583245;;7,37523E+13;102644810; ;;18/07/2016;26235729200;
338;SONIA SERTANEJO NETO EIRELI - ME;ADE QD 04 CONJ H LOTE;PSUL;BRASILIA;DF; ;72237010;;2,5026E+13;7,77249E+11; ;LEONARDO;27/07/2016;61 33763316;
339;INSTITUTO NACIONAL DO SEGURO SOCIAL - INSS;PLANO PILOTO;PLANO;BRASILIA;DF; ;72000000;;1,67272E+13;; ;;19/07/2016;;
340;CRECHE ABC CRIANCA;EQNO 3/5 BLOCO C (COMERCIO);CEILANDIA NORTE (CEILANDIA);BRASILIA;DF; ;72250513;;5,4973E+12;; ;;05/08/2016;;
341;OGAWA SALGADOS PARA FESTAS EIRELI-ME;ADE CJ 11 LT 07 LJ;AGUAS CLARAS;BRASILIA;DF; ;72000000;;1,38338E+13;7,57694E+11; ;;20/07/2016;;
342;THALISSON SANTOS DE LIMA;QE 40 CONJUNTO M;GUARA II;BRASILIA;DF; ;71070132;;1,73909E+13;7,63137E+11; ;;01/08/2016;61 30222466;61 84071366
343;BASE ATACADISTA LTDA;ADE AGUAS CLARAS CJ 31 LOT 1 N 1;AGUAS CLARAS;BRASILIA;DF; ;72000000;;6,10882E+12;7,45271E+11; ;;20/07/2016;;
344;ALFA EMBALAGEM LTDA-ME;QNM 20 CONJ B LOTE 10 E 12;CEILANDIA N;BRASILIA;DF; ;72000000;;2,35089E+13;7,74122E+11; ;;12/08/2016;98  5970142;
345;CAIXA ECONOMICA FEDERAL;PLANO;CENTRO;BRASILIA;DF; ;72000000;;3,60305E+11;; ;;28/07/2016;;
346;STUDIO 54 LOCACOES LTDA-ME;RUA 20 LOTE 18 POLO DE MODAS;GUARA;BRASILIA;DF; ;72000000;;4,64656E+12;7,42592E+11; ;;01/08/2016;;
347;ANA PAULA DA SILVA SANTOS - ME;QE 38 CONJUNTO O;GUARA II;BRASILIA;DF; ;71070150;;1,48131E+13;; ;;28/07/2016;;
348;MARCELO SILVA RIBAS;QS 11 CONJUNTO A LOTE 101 AREAL;AGUAS CLARAS;BRASILIA;DF; ;72000000;;1,17224E+13;7,53695E+11; ;;05/08/2016;61 84592231;
349;DAUTO COELHO DOS SANTOS;QE 30 CONJUNTO F;GUARA II;BRASILIA;DF; ;71065060;;30825415187;; ;;29/07/2016;;
350;MS PRODUCOES E EVENTOS SERVICOS GRAFICOS LTDA-ME;AE 2A CONJ F LT 11 LJ;GUARA II;BRASILIA;DF; ;72000000;;1,60995E+13;; ;;02/08/2016;32570360;
351;MARLENE MARIA DOS SANTOS RODRIGUES;CEILANDIA;CEILANDIA;BRASILIA;DF; ;72000000;;39298604149;; ;;29/07/2016;;
352;FABIANO ANTONIO FERREIRA ME;SOPI CONJ B LOTE;NUCLEO BANDEIRANTE;BRASILIA;DF; ;72000000;;1,19342E+13;7,5396E+11; ;;23/08/2016;;
353;J.M.C LIMA SERVICOS DE MANUT DE FILTROS ME;C;TAGUATINGA CENTRO (TAGUATINGA);BRASILIA;DF; ;72010100;;1,25973E+13;7,55283E+11; ;;08/08/2016;61 30425949;
354;F & C COM VAREJISTA DE MAT ELETRICOS LTDA-ME;SIA COMPLEXO C BLOCO F;ZONA INDUSTRIAL (GUARA);BRASILIA;DF; ;71215000;;1,85574E+13;7,65145E+11; ;;16/08/2016;33610480;
355;ADEVILSON DA MOTA RAMOS;QNM 10 CONJUNTO D;CEILANDIA NORTE (CEILANDIA);BRASILIA;DF; ;72210104;;2,466E+13;7,76593E+11; ;;08/08/2016;61985777508;
356;PEDRO EDENIR DA ROCHA;CSD;TAGUATINGA SUL (TAGUATINGA);BRASILIA;DF; ;72020015;;1,84502E+13;7,65018E+11; ;;26/09/2016;61 35261848;
357;ALCE TRANSPORTES E TECNOLOGIA;CH.96 LOTE 01-B LOJA;ST HAB VIC PIRES;BRASILIA;DF; ;72110800;;7,77181E+12;; ;;12/08/2016;;
358;FERRAGENS PONTUAL LTDA-EPP;AE 4 LT A BL A LJ 5/7;GUARA II;BRASILIA;DF; ;72000000;;3,78623E+12;7,40969E+11; ;;24/08/2016;;
359;ELETRICA SARAIVA LTDA-EPP;AREA ESPECIAL 2-A CJ 01 LOTE;GUARA I;BRASILIA;DF; ;72000000;;1,79061E+12;7,37372E+11; ;;24/08/2016;;
360;ARCO-IRIS ARMARINHO E CONFECCOES LTDA-ME;QE 40 CONJ R LOTE;GUARA II;BRASILIA;DF; ;71070970;;2,64227E+13;7,32774E+11; ;;24/08/2016;61 33813500;
361;R&H COMERCIO DE ALIMENTOS LTDA-ME;QS 11 CJ D LTS 09-10-11 E 32;VILA AREAL;BRASILIA;DF; ;72000000;;7,46206E+12;7,46787E+11; ;;24/08/2016;;
362;BRASPLASTICOS IND E COM DE EMBALAGENS LTDA;QI 25, LOTE 29 E 30;SETOR INDUSTRIAL (TAGUATINGA);BRASILIA;DF; ;72135250;;9,17619E+12;7,49507E+11; ;;26/09/2016;61 33950075;
364;LUMIBRAS COMERCIOS E SERVICOS DE LETREIROS LUMINOS;SMDC QUADRA 4 LOTE 31/32 CEILANDIA NORTE;SETOR DE MATERIAIS DE CONSTRUC;BRASILIA;DF; ;72265715;;9,20845E+12;7,49578E+11; ;;03/10/2016;61 33547503;
365;MUNDIAL CENTER ATACADISTA;RODOVIA BR-;SAMAMBAIA SUL (SAMAMBAIA);BRASILIA;DF; ;72317800;;1,71396E+12;7,37032E+11; ;;21/10/2016;61 21083803;
366;IND. DE GOND. NOSSA SRA. APARECIDA LTDA;AVENIDA W 6 CH 3;CHACARAS SAO PEDRO;APARECIDA DE GOIÂNIA;GO; ;74923225;;9,5058E+12;104276835; ;;03/10/2016;62 32424040;
367;TRONIX COMERCIO E SERVICOS DE INFORMATICA;CLN 5 BLOCO K (COMERCIO);RIACHO FUNDO I;BRASILIA;DF; ;71805531;;1,10442E+13;7,52523E+11; ;;16/11/2016;61 33991520;
368;JORGE FERREIRA DE SOUSA;QUADRA;RESIDENCIAL PORTAL DA BARRAGEM;ÁGUAS LINDAS DE GOIÁS;GO; ;72912267;;2,11132E+13;106138057; ;PORTA ETIQUETA;16/11/2016;32353280;
369;BIG COMERCIO DE PARAFUSOS E FERRAGENS LTDA;Q 5C LOTE 07 LOJA;ZONA INDUSTRIAL (GUARA);BRASILIA;DF; ;71200055;;8,25889E+12;7,48041E+11; ;;17/11/2016;61 33614439;
370;FREE LASER REC DE CARTUCHOS E SERV LTDA;SDS ED VENANCIO VI LJ 14 SUBSOLO, 14 - CONIC;ASA SUL;BRASILIA;DF; ;70393905;;8,31393E+12;7,47971E+11; ;;07/12/2016;61 33218809;
371;ATM COMERCIO DE GASES EIRELI - ME;QUADRA AC 219 CONJUNTO D;SANTA MARIA;BRASILIA;DF; ;72549320;;2,22594E+13;7,71674E+11; ;;14/02/2017;61 33948655;
373;TECH FLEET;;;CIDADE CONVERSAO;DF; ;;;;; ;;;;
374;RIOCARGAS DISTRIBUICAO E LOGISTICA LTDA;ARTHUR ANTONIO SENDAS,;PORTO VELHO;SÃO GONÇALO;RJ; ;24426148;;2,33923E+13;87020592; ;;09/12/2016;21 37542122;
375;RAPIFIX FITAS ADESIVAS;RUA CAI;VILA PRINCESA IZABEL;CACHOEIRINHA;RS; ;94940030;;1,00039E+12;1770149578; ;CESAR;05/05/2017;51 34413080;
376;CARREFOUR COMERCIO E INDUSTRIA LTDA;ST COMERCIAL SUL QD 5 BL E S/N;ASA SUL;BRASILIA;DF; ;70310500;;4,55439E+13;7,31281E+11; ;;10/12/2016;;
377;CITEL ANALISE E PROGRAMACAO DE SISTEMA LTDA;AVENIDA MAURILIO BIAGI - ATE 2000 - LADO PAR;SANTA CRUZ DO JOSE JACQUES;RIBEIRAO PRETO;SP; ;14020750;;5,12129E+13;; ;FRED;16/05/2017;16 40096000;
378;DAUTO TINTAS LTDA;ADE CONJUNTO 12 LOTE;AREA DE DESENVOLVIMENTO ECONOM;BRASILIA;DF; ;71987540;;1,96942E+12;7,37591E+11; ;;11/05/2017;61 33998937;
379;MERCADO DAS TINTAS LTDA ME;POLO DE MODAS RUA 22 LT 1;GUARA I;BRASILIA;DF; ;71015127;;7,26284E+13;7,47233E+11; ;;11/05/2017;61 33011055;
380;DIVERSOS;Q1;;BRASILIA;DF; ;11111111;;0;; ;;05/06/2017;;
381;ETITEC SOLUCOES INTELIGENTES;QI 12 LOTES 21 A 23 LOJA 01;TAGUATINGA NORTE;TAGUATINGA NORTE;DF; ;72135120;;2,28613E+13;7,72911E+11; ;EMIVAL;07/06/2017;61 33557400;
382;ANJO QUIMICA DO BRASIL LTDA;AC RIO MAINA;RIO MAINA;RIO MAINA;SC; ;88818800;;2,92135E+12;253852110; ;GILBERTO;08/06/2017;55548346180;
383;BRILHO ESTOPA;Q ADE QUADRA 04 CONJ H LOTE 10;CEILANDIA;CEILANDIA;DF; ;70000000;;2,5026E+13;7,77249E+11; ;VERONICA;07/07/2017;61 33763316;
384;Axalta Coating Systems Brasil Ltda;Av. Lindomar Gomes de Oliveira;CUMBICA;GUARULHOS;SP; ;7220900;;1,53734E+13;7,96012E+11; ;;22/08/2017;11 24658133;
386;PLASZOM ZOMER INDUSTRIA DE PLASTICOS LTDA;RODOVIA SC 108 S/N KM 336,1 CORRIDAS;ORLEANS;ORLEANS;SC; ;88870000;;8,5286E+13;253421985; ;;04/10/2017;48 34666300;
387;ALCANCE TECNOLOGIA QUIMICA LTDA;RUA BALTAZAR CARRASCO DOS REIS 2065;;REBOUÇAS;PR; ;80230070;;2,52971E+13;9074272859; ;;16/10/2017;41 31512990;
388;ITALIA TRANSPORTES RODOVIARIOS EIRELI - EPP;AVENIDA DOS IMIGRANTES NUMERO 1359;CRICIUMA;CRICIÚMA;SC; ;88817615;;8,15742E+13;251912680; ;;18/10/2017;48 34387070;
389;AMS MATERIAL DE LIMPEZA EIRELI ME;TERCEIRA AVENIDA AE 12 LOTE G1 LOJA 01;NUCLEO BANDEIRANTE;NUCLEO BANDEIRANTE;DF; ;71710350;;2,34995E+13;; ;;24/10/2017;61 30220005;
390;JOSE ALTEMAR BARBOSA SOARES ME;QUADRA 04 LOTE 280;GAMA;BRASILIA;DF; ;72445040;;3,60676E+12;7,47016E+11; ;;26/10/2017;;
391;SI SUPORTE INFORMATICA EIRELI-ME;QUADRA 03 LOTE 1140 SALAS 101 A 105;SAAN;BRASILIA;DF; ;70632310;;7,83229E+12;7,47743E+11; ;;30/10/2017;;
392;CAMARA DE DIRIGENTES LOJISTAS DO DISTRITO FEDERAL;SETOR SIA TRECHO 17 VIA IA-A;SETOR DE INDUSTRIA E ABASTECIMENTO;BRASILIA;DF; ;71200260;;1,14868E+11;; ;;31/10/2017;61 32181500;
394;KINGHOST HOSPEDAGEM DE SITES;AV CRISTOVAO COLOMBO 2360 CONJ 605;BAIRRO FLORESTA;PORTO ALEGRE;RS; ;90560002;;5,30567E+12;20227523; ;;05/01/2018;;
395;BOREAL TINTAS LTDA ME;SOF CONJ D LOTE 76 SN;PLANALTINA;PLANALTINA;DF; ;73340040;;3,20692E+12;7,3972E+11; ;;06/01/2018;61 33896743;
396;OBJETIVA ATACADISTA DA CONTRUÇÃO LTDA;STRC TRECHO 2 CONJUNTO D;ZONA INDUSTRIAL (GUARÁ);BRASILIA;DF; ;71225524;;5,05927E+12;7,43393E+11; ;;08/01/2018;61 34623535;
397;TELEBINA TELECOM;SCLN COMERCIO LOCAL QUADRA 410 BLOCO C LOJA 67;;BRASILIA;DF; ;70865530;;1,10024E+13;; ;;10/01/2018;61 33492626;
398;ELETROGOMES MAT ELETRICOS E ILUMINACAO;SIA QUADRA 05 C AREA ESPECIAL 0910 S/N;SIA;BRASILIA;DF; ;72215000;;2,27518E+13;7,72725E+11; ;;12/01/2018;61 33610480;
399;AC COELHO MATERIAIS PARA CONSTRUÇÃO LTDA;TRECHO SIA TRECHO 3 LOTES 1010 ZONA INDUSTRIAL;GUARA;BRASILIA;DF; ;71200030;;3,70835E+13;7,30943E+11; ;;12/01/2018;61 34033434;
400;HOMETECK SISTEMAS CONSTRUTIVOS;SIA TRECHO 3 LT 425,435,445 E 455;GUARA;BRASILIA;DF; ;71200030;;1,496E+13;7,59706E+11; ;;16/01/2018;61 35481520;
401;CASA DO CONSTRUTOR;SCLRN 713 BLOCO A LOJA 33;ASA NORTE;BRASILIA;DF; ;70760531;;1,52458E+13;; ;;16/01/2018;;
402;FRIGELAR COMERCIO E INDUSTRIA LTDA;TRECHO SIA TRECHO 1 L1290 1300 1310 1320;;BRASILIA;DF; ;71200012;;9,26604E+13;7,75007E+11; ;;23/01/2018;;
403;ROMMA SISTEMAS DE SEGURANÇA ELETRONICAEIRELI;ZONA INDUSTRIAL;GUARA;BRASILIA;DF; ;71200033;;2,91881E+13;7,83718E+11; ;;26/01/2018;61 32334000;
404;ROSSI SOLUÇOES DISTRIBUIDORA DE PRODDE SEG LTDA;ADE CONJUNTO 19 LOTE 39;AGUAS CLARAS;BRASILIA;DF; ;71989000;;9,47295E+12;7,5017E+11; ;;06/02/2018;61 33993888;
405;JO COMERCIO E DISTRIBUIÇAO DE PAPEIS EIRELI-ME;QNH 10 LOTE 01 LOJA 003;TAGUATINGA;BRASILIA;DF; ;72130600;;1,66404E+13;7,61801E+11; ;;22/02/2018;61 32349588;
406;RTL CARGAS E LOGISTICA LTDA-ME;AV REZENDE 45 QD 75 LT 06 SI.MTZ;SAO FRANCISCO;GOIÂNIA;GO; ;74455210;;1,0712E+13;104490195; ;;23/02/2018;62329520000;
407;JBS COMERCIO DE MOVEIS EIRELI-ME;CNB LOTE 14;TAGUATINGA;BRASILIA;DF; ;72120025;;2,83691E+13;7,82193E+11; ;;27/02/2018;61 33544000;
408;TEL-LINE TELECOMUNICAÇOES;SOFN CL QUADRA 02 CONJ ALOJA 10;SETOR DEOFICINAS;BRASILIA;DF; ;70634210;;1,86218E+13;7,65279E+11; ;;02/03/2018;;
409;SMM COMERCIO DE BALANÇAS E REFRIGERAÇÃO EIRELE ME;CNF 02 LOTE 05 LOJA 01 SUBSOLO;TAGUATINGA;BRASILIA;DF; ;72125525;;1,04707E+13;7,51294E+11; ;;12/03/2018;61 30369184;
410;SILVINO INFORMATICA LTDA;QUADRA CLN 406 BLOCO E LOTE 32;ASA NORTE;BRASILIA;DF; ;70847550;;2,67792E+12;7,42042E+11; ;;14/03/2018;61 33475450;
411;RCG INDUSTRIA METALURGICA LTDA;R SILVIO MANDREDI 214 PQ IND CUMBICA;;SAO  PAULO;SP; ;7241000;;6,11565E+13;3,36133E+11; ;;20/03/2018;11 21458500;
412;BIOCENTRIX  MATERIAIS PARA LABORATORIOS;RUA VAPABUSSU 882 LOJA 252 JARDIM AEROPORTO;;SAO  PAULO;SP; ;4632011;;2,85949E+13;1,18494E+11; ;;22/03/2018;11974563075;
413;UP SERVIÇOS EIRELI - ME;RUA DAS PALMEIRAS 06 APT 103 PAR-NORTE;;BRASILIA;DF; ;71918000;;2,51117E+13;; ;;09/04/2018;;
414;ETICA COMERCIO VAREJISTA DE TINTAS LTDA;QUADRA 2 BLOCO A LOTE;SOF NORTE;BRASILIA;DF; ;71987540;;4,74445E+12;; ;;13/04/2018;;
415;ART COLOR BH TINTAS LTDA - EPP;RUA PADRE EUSTAQUIO 80;;BELO HORIZONTE;MG; ;30710580;;1,6971E+13;20400770083; ;;03/05/2018;31 32177577;
416;NOVA ERA INDUSTRIA E COMERCIO DE EMBALAGENS PLASTICAS;PARQUE RINCAO COTIA;;SAO  PAULO;SP; ;6705435;;4,59675E+12;2,78135E+11; ;JAQUELINE;03/05/2018;11 46174990;
417;ROYAL QUIMICA LTDA - EM RECUPERACAO JUDICIAL;ESTRADA ANTONIO JORGE;CHACARAS NOVA SUZANO;BOA VISTA PAULISTA;SP; ;8666151;;5,81754E+12;6,72265E+11; ;;13/06/2018;11 31642733;
418;TECNOCOPY MAQUINAS E SUPRIMENTOS EIRELI;SCRN QUADRA 708/709 BLOCO C LOJA 36;ASA NORTE;BRASILIA;DF; ;70741630;;3,70961E+13;; ;;27/06/2018;;
419;TECNODIGITAL INFORM. E COMUNI. VISUAL;SIA SUL QUADRA 5C PARTE A LOTE 14;;BRASILIA;DF; ;71200055;;1,81558E+12;7,46916E+11; ;;05/07/2018;61 32344500;
420;ZURICH MINAS BRASIL SEGUROS S/A;AV GETULIO VARGAS 1420 5 E 6 ANDAR;;SAO  PAULO;SP; ;30112021;;1,71974E+13;; ;;31/07/2018;;
421;RIACHO TINTAS;AV CENTRAL BL 294 LT 372 LJ 10/02;NUCLETO BANDEIRANTE;BRASILIA;DF; ;71720500;;1,16291E+13;; ;;03/08/2018;61 33860165;
422;ANEST IWATA DO BRASIL COMERCIAL LTDA.;RUA BENEDICTA DA SILVA PERINA;JARDIM RESIDENCIAL FLORA;LIMEIRA;SP; ;13482238;;1,30902E+13;4,17435E+11; ;ANDRE;15/08/2018;19 34421123;
423;EXTINTORES BRASIL;QSD 02 LOTE 17;TAGUATINGA;BRASILIA;DF; ;72020015;;2,40346E+13;; ;;28/08/2018;61 35261807;
424;JAPA CROMO;AVENIDA AGUIA DE HAIA;PARQUE PAINEIRAS;VARZEA PTA;SP; ;3694000;;3,03617E+13;1,19396E+11; ;;18/09/2018;;
425;VONIXX INDUSTRIA E COMERCIO DE POLIDORES LTDA;R LUIS FRANCISCO XAVIER;PAUPINA;FORTALEZA;CE; ;60872508;;7,3162E+12;61795704; ;;09/10/2018;;
426;JAS-COMERCIO E CONFECÇOES;QE RUA 15 LOTE 204 POLO DE MODAS;GUARA;BRASILIA;DF; ;71070515;;1,18232E+13;; ;;12/11/2018;;
427;NET;ST SEN QUADRA 3;ASA NORTE;BRASILIA;DF; ;72000000;;4,04325E+13;; ;;07/12/2018;;
428;BRASFORT DISTRIBUIDORA DE TINTAS LTDA;Q CSG 10 LOTE 06 E 07;TAGUATINGA SUL;BRASILIA;DF; ;72035510;;3,03221E+13;; ;;21/12/2018;61 34561530;
429;THAYCE KELLY CARDOSO NUNES ME;Rua flor de Maio;Ponta Kayana;TRINDADE;GO; ;75384367;;1,37871E+13;105033090; ;;16/01/2019;62 32100507;
430;CARAUBAS COMERCIO DE CERAS POLIDORES LTDA;PARUQE GUADALAJARA RUA ARARE 1532;CAUCAIA;CAUCAIA;CE; ;61650110;;1,65627E+13;66275075; ;;01/02/2019;85 32742896;
431;INTEXTIL ITAUNA TEXTIL LTDA;AVENIDA ITAUNA 31 DISTRITO INDUSTRIAL;ITAUNA;ITAÚNA;MG; ;35681782;;3,10069E+12;10055630014; ;;21/02/2019;37 32429872;
432;NUNES E MOCELLIN INFORMATICA;CJ SIA TRECHO 007 CINJ N 100 QUIOSQUE LOJA C;;BRASILIA;DF; ;71208900;;2,41226E+13;; ;;29/03/2019;;
433;NATRIELLI QUIMICA LTDA;RUA GUANABARA;JARDIM REPRESA (FAZENDINHA);SANTANA DE PARNAÍBA;SP; ;6529220;;5,88121E+13;6,23022E+11; ;GALBER;18/04/2019;11 41568888;
434;CLINICA UNIROCHA DE ESTETICA E MEDICINA DO TRABALHO LTDA;Q C 12 AREA ESPECIAL PARA CINEMA;TAGUATINGA;BRASILIA;DF; ;72019900;;1,24526E+13;; ;;18/04/2019;61 30426345;
435;DHL LOGISTICS BRAZIL LTDA;AVENIDA MARCOS PENTEADO DE ULHOA RODRIGUES;TAMBORE;ALDEIA;SP; ;6460040;;2,83606E+12;2,06284E+11; ;;26/04/2019;;
436;MERCADO LIVRE;LOJA MOV CAR;;BRASILIA;DF; ;71000000;;0;; ;;09/05/2019;;
437;RENOVA INDUSTRIA E COMERCIO DE FILTROS LTDA;RUA SERRA DE CAPIVARUCU;VILA RENATO ZONA LESTE;SÃO PAULO;SP; ;3979010;;2,86852E+13;; ;;04/06/2019;11 35934312;
438;JULIANA DA ROCHA MAIA;Q SCLRN 706 BLOCO B;ASA NORTE;BRASILIA;DF; ;70740512;;1,52661E+13;; ;;10/06/2019;62 30342088;
439;PRO-SAUDE DISTRIBUIDORA DE MEDICAMENTOS EIRELI;Q QUADRA 2;SETOR INDUSTRIAL (CEILANDIA);BRASILIA;DF; ;72265020;;2,12978E+13;7,70079E+11; ;;18/06/2019;61 30443250;
440;BRILHO COMERCIO DE PRODUTOS DE LIMPEZA LTDA;TERCEIRA AVENIDA AREA ESPECIAL 02 AVENIDA LOTE 1 LOJA 01;BRASILIA;BRASILIA;DF; ;71720585;;3,34318E+13;; ;;21/06/2019;;
441;JET STREET PRODUTOS AUTOMOTIVOS LTDA;RUA RIO;RUDGE RAMOS;SAO BERNANDO DO CAMPO;SP; ;9629000;;1,2035E+13;6,35819E+11; ;;21/06/2019;;
442;SIKA SA;R LUIZA DE OLIVEIRA SOUZA;JD ALVORADA;JANDIRA;SP; ;6612270;;3,30817E+13;3,98079E+11; ;;04/07/2019;11 47727100;
443;BEMATECH;QD 02LOTE 430 GALPAO 2 P0ARTES;SIA;BRASILIA;DF; ;70632210;;3,87395E+12;; ;;18/07/2019;61 33218339;
444;SO ESTOPAS INDUSTRIA E COM. DE RESIDUO TEXTIL;RUA SV 21 QUADRA 15 LOTE 18;;GOIÂNIA;GO; ;74470625;;3,24941E+13;; ;;13/08/2019;;
445;ETITEC PH COMERCIO;QI 12 LOTES 21 A 23 LOJA 1;TAGUATINGA NORTE;BRASILIA;DF; ;72135120;;2,28613E+13;; ;;16/08/2019;61 33557400;
446;N2 SOLUCOES EM AUTOMOCAO EIRELI;SCRN 712/713 BLOCO C LOJA 2 52;;BRASILIA;DF; ;70760630;;9,32099E+12;; ;;28/08/2019;61 21077575;
447;VITRINE DO AUDIO INSTRUMENTOS MUSICAIS;TR SIA TRECHO 5,S N;ZONA INDUSTRIAL GUARA;BRASILIA;DF; ;71205050;;2,51116E+13;; ;;24/09/2019;;
448;PERFILADOS TERRA LTDA;TRECHO 02 LO6TES 485/495;SIA BRASILIA;BRASILIA;DF; ;71200020;;2,741E+12;; ;;16/10/2019;61 32333525;
449;INPRESS BRASILIA COMUNICAÇÃO LTDA;SIBS QD 01 CONJUNTO A LOTE 01;NUCLEO BANDEIRANTE;BRASILIA;DF; ;71736101;;9,4328E+12;; ;;16/10/2019;61 33422929;
450;JTCE TRANSPORTES LTDA ME;RUA JOSE PEREIRA 220;PAUPINA;FORTALEZA;CE; ;60874380;;2,49323E+13;65324579; ;;19/11/2019;85323502194;
451;FINK SISTEMAS AUTOMOTIVOS LTDA;Q SOF SUL QD 8 CONJ A SN LOTE 04 SALA 201;;GUARA;DF; ;71215241;;3,59565E+12;7,73783E+11; ;;25/11/2019;61 99847778;
452;LIMA & PERGHER INDUSTRIAL E COMERCIO;LOG Q AC 2019 CONJ D S/N CASA 07;SANTA MARIA;BRASILIA;DF; ;72549320;;2,26853E+13;7,48064E+11; ;;02/12/2019;61 34514900;
453;KALUNGA .COM. E IND. GRAFICA LTDA;Q SCN QUADRA 1,1;ASA NORTE;BRASILIA;DF; ;72000000;;4,32838E+13;; ;;02/12/2019;;
454;LIMA & PERGHERN INDUSTRIA E COMERCIO;LOG Q AC 2019 CONJUNTO D N.S/N CASA 07;SANTA MARIA;BRASILIA;DF; ;72549320;;2,26853E+13;; ;;06/12/2019;61 34045655;
455;DIANA DE ARAUJO;RUA SERRA DE ITABAIANA;PARQUE SANTA MADALENA;SÃO PAULO;SP; ;3981040;;3,19104E+13;; ;;17/12/2019;11 27196888;
456;BSB PRODUTORA DE EQUIPAMENTOS DE PROTEÇÃO;RUA RUI BARBOSA 1600 JARDIM DAS CAMELIAS;;ELDORADO;MS; ;79970000;;1,0473E+13;; ;;30/12/2019;67 34735400;
457;TRANSPORTADORA EXATA CARGO LTDA ME;AV PAPA JOAO PAULO I;JARDIM DAS NACOES;GUARULHOS;SP; ;7183495;;6,18673E+12;3,36942E+11; ;;16/01/2020;;
458;MARGIL MARMORES E GRANITOS INDEPEDENCIA LTDA - EPP;ROD BR 101 SUL, 0 , KM 419;INDEPEDENCIA;ATÍLIO VIVÁCQUA;ES; ;29490000;;3,24164E+13;81294484; ;;20/02/2020;28 35385100;
459;CASA DA MADEIRA LTDA;SIA TRECHO 2 LT 1235 E 1245;;GUARA;DF; ;71200026;;5,19731E+12;; ;;06/03/2020;61 30223131;
460;SANTINT DO BRASIL;RUA ROSA KASINSKI;CAPUAVA;MAUÁ;SP; ;9380128;;2,73897E+13;4,42355E+11; ;;10/03/2020;;
461;UNICA ATACADISTA DE TINTAS LTDA;ST SCIA QUADRA 14 CONJUNTO 10;ZONA INDUSTRIAL (GUARA);BRASILIA;DF; ;71250150;;3,65172E+13;7,96821E+11; ;;24/03/2020;;
462;CENTRO OESTE COM.E SERV.DE ELETRONICOS LTDA;AV CENTRAL BLOCO 1185;NUCLEO BANDEIRANTE;BANDEIRANTE;DF; ;71710027;;8,64877E+12;; ;;30/03/2020;;
463;PANATEL TELEIFORMATICA LTDA;SCS QD02 BLOCO C N 104 SALA 610;;ASA SUL;DF; ;70317900;;2,94026E+12;; ;;31/03/2020;61 32024646;
464;GMAD GRUPO MASCOMPEN;SIA TRECHO 2 LOTE 1235;;GUARA;DF; ;71200026;;8,93359E+12;; ;;31/03/2020;;
465;REVILLE COMERCIO E REFRIGERAÇÃO LTDA;RUA 11 LOTE 31 POLO DE MODAS;;GUARA;DF; ;71070511;;2,49346E+13;; ;;09/04/2020;61 33013440;
466;MOVIMINAS COMERCIO E REPRESENTACOES LTDA;SETOR SCIA QUADRA 14 CONJUNTO 8;ZONA INDUSTRIAL (GUARA);BRASILIA;DF; ;71250140;;1,67728E+12;7,47101E+11; ;;15/04/2020;61 33563733;
467;CIA BRASILEIRA DE DISTRINUIÇÃO;SMAS S/N TRECHO 03 CONJUNTO 5;;GUARA;DF; ;71215300;;4,75084E+13;; ;;20/04/2020;61 87019200;
468;REDE EPI EQUIPAMENTOS DE SEGURANÇA LTDA;RUA 5 CHACARA 96;VICENTE PIRES;BRASILIA;DF; ;79000000;;1,84286E+13;; ;;23/04/2020;;
469;EQUIPOMAQUINAS COMERCIO E ASSISTENCIA TECNICA LTDA;2 AVENIDA LT 1425 LOJA 1;;NUCLEO BANDEIRANTE;DF; ;71710555;;2,52877E+12;; ;;06/05/2020;61 33865728;
470;CIELO S.A;XINGU;ALPHAVILLE;BARUERI;SP; ;6455030;;1,02706E+12;; ;;07/05/2020;11 21847600;
471;RESICOLOR INDUSTRIA DE PRODUTOS LTDA;AVENIDA PERIMETRAL NORTE QD LOTE 1 E 2;;PALMEIRAS DE GOIÁS;GO; ;76190000;;9,58006E+13;; ;;11/05/2020;64 35718200;
472;MG VIDROS AUTOMOTIVOS LTDA;SIA SUL TRECHO 2 LOTES 810 A 840;GUARA;CIDADE CONVERSAO;DF; ;71200020;;7,57175E+12;7,4835E+11; ;;12/05/2020;61 21086800;
473;NEWPAD PRODUTOS AUTOMOTIVOS LTDA;RUA JOAO DE BARRO 207 VILA AYROSA;;OSASCO;SP; ;3280090;;1,23771E+13;; ;DONI;13/05/2020;11 35992822;
474;ETIPLAST - IND. COM. ETIQUETAS LTDA;QI 12;TAGUATINGA NORTE;CIDADE CONVERSAO;DF; ;72135120;;1,25212E+13;7,54722E+11; ;;20/05/2020;61 33557400;
475;INDUSTRIA E COMERCIO DE POLIDORES PEROLA LTDA;R AMAZONAS 2786 NOVA GERTY;;PORTO AMAZONAS;PR; ;9540204;;5,9308E+13;; ;;21/05/2020;11 42385844;
476;SOL COMERCIO E SERVIÇOS DE INFORMATICA LTDA;SCLRN 703 BLOCO D LOJAS 21 E 23;ASA NORTE;ASA NORTE;DF; ;70730514;;7,6079E+12;; ;;22/05/2020;;
477;ELETRICA PADRÃO;AV ALFREDO NASSER QD 01 LOTE 08;;LUZIÂNIA;GO; ;72814510;;4,4891E+11;; ;;09/06/2020;;
478;LOG 100 TRANSPORTES EIRELI_TBS;RUA GUARACIABA 428 TERREO FDS CHACARA CALIFORNIA;SAO PAULO;SAO  PAULO;SP; ;3404000;;1,69266E+13;; ;;12/06/2020;11 39361100;
479;BAND INSTALAÇÃO TELECOMUNICAÇÃO LTDA;ST SPLM CONJ 06 LOTE 11;NUCLEO BANDEIRANTE;BRASILIA;DF; ;71732060;;2,03211E+13;; ;;18/06/2020;;
480;SAGA MOTORS;AV COMERCIAL S/N TAGUARI;LAGO NORTE;BRASILIA;DF; ;70630000;;5,47188E+12;; ;;18/06/2020;61 35779000;
481;MADEREIRA SIA FORT INS.COM, DE MAD. EIRELI;SIA SUL TRECHO 2 LOTES 1055/1065;;BRASILIA;DF; ;71200020;;2,77631E+12;; ;;22/06/2020;61 32346688;
482;LIRA APARECIDA DE SOUZA CALDAS REIS;R GONÇALVES DIAS QUADRA LOTE 24;LUZIANIA;LUZIÂNIA;GO; ;72804010;;1,28731E+13;; ;;22/06/2020;;
483;JRL FERRAGENS LTDA;AVENIDA ALFREDO NASSER QUADRA 78 LOTE 06/28;;LUZIÂNIA;GO; ;72804010;;5,96614E+12;; ;;22/06/2020;;
484;UTILAR - UTILIDADES E PRESENTES EIRELI - EPP;Q RUA DO COMERCIO QUADRA 58;;LUZIÂNIA;GO; ;72800010;;1,28604E+13;; ;;23/06/2020;;
485;PLASTINI SACOLAS;RUA FLORIANO MIRANDA,115;RUA FLORIANO MIRANDA,115;SAO  PAULO;SP; ;8341390;;2,12423E+13;; ;;24/06/2020;;
486;REI DAS FONTES;SIA TRECHO 07 CONJUNTO D MOD 03;;BRASILIA;DF; ;71208900;;3,70557E+13;; ;;25/06/2020;;
487;ELETRICA PADRÃO;AV ALFREDO NASSER QUADRA 01 LOTE 08;MANDU LUZIANIA;LUZIÂNIA;GO; ;72814510;;4,4891E+11;; ;;25/06/2020;;
488;DAUTO TINTAS;AV ALFREDO NASSER;SETOR MANU II;LUZIÂNIA;GO; ;72814510;;3,61138E+13;; ;;25/06/2020;;
489;ELETROSOM S.A;RUA SAO BENTO 520;MONTE CARMELO;MONTE CARMELO;MG; ;72000000;;2,2165E+13;; ;;29/06/2020;;
490;QUITANDA E CONFEITARIA SAO JUDAS TADEU LTDA;EUA AMERICANO DO BRASIL 191 CENTRO;LUZIANIA;LUZIÂNIA;GO; ;72800570;;1,1306E+13;; ;;29/06/2020;;
491;A ALTA PRESSÃO;SIA TRECHO 03 LOTES 570/580;;BRASILIA;DF; ;71200003;;6,74932E+11;; ;;03/07/2020;;
492;SCHWEERS METALURGICA EIRELI;R.ITAJAI 1617;VORSTADT;BLUMENAU;SC; ;89015200;;8,13113E+13;; ;;06/07/2020;47992320029;
493;BRASILIA NOVIDADES;CNG 07 LOTE 09 LOJA 101;TAGUATINGA NORTE;BRASILIA;DF; ;72130075;;4,97609E+12;; ;;07/07/2020;;
494;QUALIFORTE INDISTRIA E COMERCIO DE RECICLAGEM;SETOR INDUSTRIAL CEILANDIA;CEILANDIA;BRASILIA;DF; ;72265060;;1,80825E+13;; ;;08/07/2020;;
495;FLYNET TELECOM LTDA;R.SEB.CARNEIRO DE MENDONÇA S/N SETOR MANDU;SETOR MANDU;LUZIÂNIA;GO; ;72814560;;9,40826E+12;; ;;13/07/2020;;
496;ENEL;RUA NUMERO 02 QUADRA A-37 NUMERO 505;JD.GOIAS;LUZIÂNIA;GO; ;74800518;;1,54303E+12;; ;;13/07/2020;;
497;DIGITAL WORLD LTDA;AVENIDA INDEPENDENCIA QUADRA X LOTE 15;SETOR AEROPORTO;GOIÂNIA;GO; ;74070010;;8,90678E+12;; ;;14/07/2020;62 30958900;
498;ANDAIMES REMO;SAAN QUADRA 02 SN LOTES 1225/35;SAAN;BRASILIA;DF; ;70632200;;1,5966E+12;; ;;15/07/2020;;
500;FUJIOKA ELETRO IMAGUM;RUA PORTO NACIONAL NUMERO 265 QUADRA 57 LOTES 01/35;;GOIÂNIA;GO; ;74675690;;1,00871E+12;; ;;20/07/2020;;
501;SUPER ADEGA;SIA TRECHO 12 LOTE 05;SIA;BRASILIA;DF; ;72000000;;7,73807E+12;; ;;21/07/2020;;
502;O.V.D. IMPORTADORA E DISTRIBUIDORA LTDA;AV MARIA E L SANTOS AREA 02 QUADRA 16;APARECIDA DE GOIANIA;GOIÂNIA;GO; ;74993530;;7,66357E+13;104363185; ;PEDRO;23/07/2020;;
503;MARWELL INDUSTRIA LTDA;AVENIDA DOUTOR ULYSSES GUIMARAES 1065;DIADEMA;SAO  PAULO;SP; ;9990625;;1,19974E+13;; ;;27/07/2020;;
504;MIRKA BRASIL LTDA;ROD PRES CASTELO BRANCO 30,5 ESTRADA DO INGAI;BARUERI;SAO  PAULO;SP; ;6421400;;8,15805E+12;; ;;28/07/2020;11 55433639;
506;FABIO PEREIRA DE SOUZA;QUADRA 114 LOTE 2;SETOR OCIDENTE DA VILA BRASILIA;APARECIDA DE GOIÂNIA;GO; ;74905795;;2,2846E+13;106379283; ;;30/07/2020;;
507;GRAFICA ITALIANA LTDA EPP;SRIA QE 40 CONJUNTO LOTE 9 SALA 102;GURA II;BRASILIA;DF; ;71070092;;3,35069E+13;; ;;30/07/2020;61 33811842;
508;MARLUVAS EQUIPAMENTOS DE SEGURANÇA LTDA;RUA 7 AREA 1,210;DORES DE CAMPO;MINAS GERAIS;MG; ;39445000;;1,96531E+13;; ;LENO;03/08/2020;32 36934000;
509;ALINE MITALLY MONTEIRO;RUA SERRA DE ITABAIANA 816;PARQUE SANTA MADALENA;SAO  PAULO;SP; ;3981040;;2,80691E+13;; ;;07/08/2020;11 27196888;
510;FIO URBANO COM CENFEC EIRELI;QSD 2 LOTE 8 LOJA 01;TAGUATINGA;BRASILIA;DF; ;72000000;;2,10937E+13;; ;;13/08/2020;;
511;GL MOVEIS;SHCS W3 SUL QUADRA 514 BLOCO A LOJA 41;ASA SUL;BRASILIA;DF; ;70380515;;5,57649E+12;; ;;17/08/2020;;
512;POTENCIA EMBALAGENS;RUA AIMORÉS QUADRA L LOTE 22;;GOIÂNIA;GO; ;74691420;;1,17738E+13;; ;;19/08/2020;62 32934461;
513;BSB PRODUTORA DE EQUIPAMENTOS DE PROTECAO INDIVIDUAL SA;AV SAO PAULO;JARDIM GUANABARA;GUAPIRANGA;SP; ;16403266;;1,0473E+13;4,19132E+11; ;;25/08/2020;14 35332200;
514;J.P SILVA INFORMATICA LTDA;A SIAS TR 7 NUMERO 100 SCE CONJUNTO C QUIOSQUE 11;SIA;BRASILIA;DF; ;71208900;;1,02992E+13;; ;;27/08/2020;;
515;INFOR DF TELECOM;QS 08 AV AGUAS CLARAS LOTE  58C SALA 201;AGUAS CLARAS;BRASILIA;DF; ;71070042;;1,1196E+13;; ;;04/09/2020;;
516;EBR PLACAS;SIG 06 LOTE 1205SALA 04;;BRASILIA;DF; ;70610460;;9,51051E+12;; ;;10/09/2020;;
517;JCL COMERCIO ATACADISTA DE EMBALAGENS;QI QUADRA 06 LOTE 73;;BRASILIA;DF; ;72265060;;3,42846E+13;; ;;11/09/2020;61983531415;
518;SUPRIMENTOS DISTRIBUIÇÃO DE PAPELARIA LTDA ME;QNG QUADRA 40 LOTE 14 LOJASA / B;TAGUATINGA;BRASILIA;DF; ;70000000;;1,17078E+13;; ;;29/09/2020;;
519;SÓ REPAROS;TRECHO SIA TRECHO 1 LOTES  1010/40;;BRASILIA;DF; ;71200010;;2,64438E+13;; ;;13/10/2020;61 34037000;
520;DEMACOL;CNN 2 BLOCO D LOTES 01 A07;;BRASILIA;DF; ;72220500;;3,80667E+13;; ;;13/10/2020;61 34719500;
521;SKYLACK TINTAS E VERNIZES LTDA;ESTRADA DO JURUMMIM 570 CANJICA;SAO PAULO;SAO  PAULO;SP; ;13324180;;2,0567E+12;6,00117E+11; ;BORGES;23/10/2020;11 46029090;
522;DJF Comercial de Papelaria Ltda. - ME;QNM 17 Conjunto  E  Lote 02 Loja e Sobreloja;CEILANDIA SUL (CEILANDIA);CIDADE CONVERSAO;DF; ;72215175;;1,02675E+12;7,96185E+11; ;;12/11/2020;61 39650456;
523;INOVA PRINT SULUÇOES EM IMPRESSAO LTDA;QUADRA SAAN 31 LOTE 420,420;SAAN;BRASILIA;DF; ;70632310;;2,22151E+13;; ;;08/12/2020;;
524;SIA COMERCIO DE PRODUTOS AUTOMOTIVOS LTDA;TR SIA TRECHO 02 LOTES 710 E 720 LOJA 1;SIA;BRASILIA;DF; ;71200021;;3,40415E+13;; ;;09/12/2020;;
525;L F SILVA MALOTES E BRINDES;AV SAO JOSE DO RIO PRETO;SAO PAULO;SÃO JOSÉ DO RIO PRETO;SP; ;15044000;;2,42994E+13;; ;;09/12/2020;;
526;CARTS ESTETICA AUTOMOTIVA E RESIDENCIAL LTDA;QUADRA SCLRN 709 BLOCO D, 19, W3 NORTE;ASA NORTE;BRASILIA;DF; ;70750514;;3,5057E+13;7,94232E+11; ;;15/12/2020;61999948899;
527;CDL-DF;SIA TRECHO 17 VIA IA-4, LOTE 815;ZONA INDUSTRIAL;BRASILIA;DF; ;71200260;;1,14868E+11;; ;;17/12/2020;61 32181400;
528;EXITO CONTABILIDADE EIRELI;ST SCS QUADRA 6 BLOCO A;ASA SUL;BRASILIA;DF; ;70326900;;2,98598E+13;; ;;17/12/2020;;
529;ALGAR TELECOM S/A;NA RUA JOSÉ ALVES;UBERLÂNDIA;UBERLÂNDIA;MG; ;72000000;;7,12085E+13;; ;;17/12/2020;;
530;NOVACIA WEB TECNOLOGIA;ADE CONJUNTO 23 LOTE 16 SALA 10;AGUAS CLARAS;AGUAS  CLARAS;DF; ;71990180;;1,48459E+13;; ;;21/12/2020;;
531;CASA DO MARCENEIRO;RUA 11 QUADRA 27 LOTE 34;MORADA NOBRE;VALPARAISO;GO; ;72870366;;1,51228E+13;; ;;23/12/2020;;
532;MARLUVAS EQUIPAMENTOS DE SEGURANÇA LTDA;RODOVIA FERNAO DIAS;DISTRITO INDUSTRIAL;TRÊS CORAÇÕES;MG; ;37418760;;1,96531E+13;2,30091E+12; ;;28/12/2020;32 36934000;
533;DISTRITAL COMERCIO DE TINTAS LTDA;ADE CONJUNTO 19 LT 36/37;AGUAS CLARAS;BRASILIA;DF; ;71989000;;2,37817E+13;7,74584E+11; ;;28/12/2020;;
534;AKZO NOBEL LTDA;AV PAPA JOAO XXIII;VILA CARLINA;MAUÁ;SP; ;9370901;;6,05617E+13;4,4223E+11; ;PEDRO;19/01/2021;11 45435511;
535;KBAL FABRICA DE CAMISETAS;QUADRA 3 CONJUNTO C LOTE 20;PLANALTINA;BRASILIA;DF; ;73340000;;2,25257E+13;; ;;27/01/2021;;
536;AWSM COMERCIO VAREJISTA;SIA TRECHO 7 NUMERO 100 CONJUNTO D QUIOSQUE 07 FEIRA DOS IMP;SIA;BRASILIA;DF; ;71200070;;3,2102E+13;; ;;28/01/2021;;
537;RENAUT BR FRANCE;AV COMERCIAL LOTE 4 04 SETOR HABITACIONAL TAQUARI;LAGO NORTE;BRASILIA;DF; ;71551010;;7,26284E+13;; ;;03/02/2021;61 35351020;
538;L E J SERVIÇOS GRAFICOS;SETOR SIG CONJUNTO S/N 09 LOJA 01;TAGUATINGA NORTE;BRASILIA;DF; ;72153506;;2,84876E+13;; ;;03/02/2021;;
539;SAFIRA COMERCIAL EIRELI-ME;QI 16 LOTES 08 - 10;;BRASILIA;DF; ;72135160;;2,67466E+13;; ;;17/02/2021;61 60136828;
540;POLI WAX;SCRN 706/707 BLOCO  B 38;ASA NORTE;BRASILIA;DF; ;70740620;;3,22356E+13;; ;;19/02/2021;;
541;DESTAK COMERCIO CONFECCAO E GRAFICA;RUA 15 POLO DE MODAS LOTE 04;GUARA;BRASILIA;AC; ;71070515;;3,99681E+13;; ;;01/03/2021;;
542;C&M COMERCIO DE TINTAS LTDA ME;QNN 02 CONJUNTO A LOTE 04 LOJA 01 04/05;CEILANDIA;BRASILIA;DF; ;72100970;;1,08682E+13;; ;;29/03/2021;61 99172711;
543;DT TINTAS COMERCIO VAREJISTA LIMITADA;QNN 18 CONJUNTO E;CEILANDIA SUL;BRASILIA;DF; ;72220185;;4,0994E+13;8,0378E+11; ;;30/03/2021;61337333373;
544;ADERE PRODUTOS AUTO ADESIVOS LTDA;ESTRADA MUNICIPAL VALENCIO CALEGARI PQ SANTO ANTONIO;SANTO ANTONIO;SAO  PAULO;SP; ;13181905;;4,6062E+13;6,71211E+11; ;GIOVANNI;01/04/2021;;
545;DO VALLE TRANSPORTADORA;TRECHO 05 CONJUNTO 03 LOTE 07/14;SANTA MARIA;BRASILIA;DF; ;72549720;;1,32962E+12;7,9514E+11; ;;19/04/2021;;
546;GRECIELIA PINHEIRO SANTOS DE ANDRADE;RUA DA FLORESTA 2122 RESIDENCIA;JARDIM DO CERRADO;GOIÂNIA;GO; ;72000000;;3,34374E+13;; ;;04/05/2021;62339229984;
547;A.M DE ARAUJO COMERCIO VAREJISTA;AVENIDA CENTRAL CONJUNTO 13 LOTE 02 LOJA 01 E 02;;BRASILIA;DF; ;73062813;;3,69607E+13;; ;;14/05/2021;;
548;RENATA KELLE DE CAMARGOS;SEGUNDA AVENIDA LOTE 635 B;NUCLEO BANDEIRANTE;BRASILIA;DF; ;71710525;;2,44641E+13;; ;;25/05/2021;;
549;THINSOL QUIMICA INDUSTRIA E COM. LTDA;RUA JOSE ILIO VERONEZ;DISTRITO INDUSTRIAL VII;PEDERNEIRAS;SP; ;17284632;;9,65549E+13;5,15016E+11; ;MARCIO;26/05/2021;14328389000;
550;HARTS DISTRIBUIDORA II LTDA;SCLRN 709 BLOCO D;ASA NORTE;BRASILIA;DF; ;70750514;;4,1459E+13;8,04639E+11; ;;10/06/2021;61 35911796;
551;SAGA SOCIEDADE ANONIMA GOIAS DE AUTOMOVE;SETORT SGCV;ZONA INDUSTRIAL;BRASILIA;DF; ;71215100;;1,10475E+12;; ;;13/07/2021;;
552;MARIA JOSE ADORNO SILVA ME;QS 11 CONJUNTO U;AGUAS CLARAS;BRASILIA;DF; ;71981720;;1,32719E+13;; ;;13/07/2021;61 33560414;
553;RENOVA INDUSTRIA E COMERCIO LTDA;RUA DO CARLAO 690 VILA LUCINDA;SANTO ANDRE;SAO  PAULO;SP; ;9250620;;3,27518E+13;; ;SUELI;14/07/2021;11 49754800;
554;ETICA COMERCIO VAREJISTA DE TINTAS LTDA;VIRGILIO JUSTINIANO RIBEIRO;CENTRO;UNAI;GO; ;38610001;;4,74445E+12;; ;;21/07/2021;;
555;PECISTA DISTRIBUIÇÃO E REP. DE AUTO PEÇAS LTDA;SOF/SUL QUADRA 07 CONJUNTO B LOTE 05;GUARA;BRASILIA;DF; ;21957000;;3,80632E+13;; ;;22/07/2021;;
556;BRASILUX TINTAS TECNICAS LTDA;R.BAMBOZZI 240 CENTRO;MATAO;SAO  PAULO;SP; ;15990668;;7,27709E+13;4,41029E+11; ;;27/07/2021;;
557;NM COMER5CIO DE TINTAS EIRELLI;QN 122 CONJUNTO 5 SN LOTE 03;SAMAMBAIA SUL;BRASILIA;DF; ;72304105;;7,41166E+12;; ;;02/08/2021;;
558;ORBI QUIMICA S/A;AVENIDA MARIA HELENA;JARDIM CAPITOLIO;SAO  PAULO;SP; ;13610410;;7,70491E+12;; ;;06/08/2021;;
559;TINTAS RENOVARE;AV OTACILIO DOS SANTOS FARIA Q 08;;ALEXÂNIA;GO; ;72930000;;1,40421E+13;; ;;11/08/2021;62 31421342;
560;GESSO 2 IRMAOS;QS 10 LOTE;AREAL;BRASILIA;DF; ;71978000;;1,10444E+13;; ;;11/08/2021;61 33567451;
561;YAC INDUSTRIA DE MAQ.DE SOLDA LTDA;AV.BERTIOGA;VARZEA PAULISTA;SAO  PAULO;SP; ;13225000;;7,23296E+12;; ;;16/08/2021;;
562;ALV INDUSTRIA E COMERCIO DE TINTAS LTDA;RUA MARCOS NICOLAU STRAPASSONI;DISTRITO INDUSTRIAL RIACHUELO;SAO  PAULO;SP; ;83430000;;5,09725E+12;8,31133E+11; ;;19/08/2021;;
563;YVYTU INDUSTRIA E COMERCIO FILTROS LTDA;ALEMEDA BOM PASTOR 3293 BARRO PRETO;SAO JOSE DOS PINHAIS;SAO  PAULO;SP; ;83015810;;8,10129E+12;; ;;19/08/2021;;
564;HC PNEUS S.A;SIA TREVHO LOTE 1711;;BRASILIA;DF; ;71200010;;802000282;; ;;20/08/2021;;
565;AUTOLIMPE INDUSTRIA E COMERCIO DE SANEANTES EIRELI;QI 16 LOTES 08-10;SETOR INDUSTRIAL;BRASILIA;DF; ;72135160;;1,09812E+13;; ;;24/08/2021;;
566;CONCRECON;STRC TRECHO 02 CONJUNTO D LOTE 05;GUARA;BRASILIA;DF; ;71225524;;3,5853E+12;; ;;31/08/2021;61 33613600;
567;GERALDO FRANSCISCO DE OLIVEIRA;AV GOVERNADOR VALADARES;546;UNAÍ;MG; ;38610014;;2,55443E+13;; ;;31/08/2021;38 36763211;
568;POSTO CACHOEIRA;RUA VIRGILIO JUSTINIANO RIBEIRO;UNAI;UNAÍ;MG; ;38610000;;1,50419E+13;; ;;17/09/2021;;
569;ELETRICA DISTRITAL;SIA QUADRA 4C BLOCO C LOJA 57;;BRASILIA;DF; ;71215291;;1,51453E+12;; ;;23/09/2021;;
570;SAINT GOBAIN;ROD REGIS BITTENCOURT;AGUA MORNA;SAO  PAULO;SP; ;6818000;;6,10648E+13;; ;;24/09/2021;;
571;CHIAPERINI INDUSTRIAL LTDA;AV PROF LUIZA RIBEIRO;SANTA R DE VITERBO;SAO  PAULO;SP; ;14270000;;5,90648E+13;; ;;01/10/2021;;
572;ITAU UNIBANCO S.A.;PRAÇA ALFREDO EGYDIO DE SOUZA ARANHA, N. 100,;;SAO  PAULO;SP; ;4344902;;6,07012E+13;; ;;04/10/2021;;
573;LIMPEZA.COM COMERCIO DE PRODUTOS DE LIMPEZA E DESC EIRELI;SIA QUADRA 5 C AREA ESPECIAL;;BRASILIA;DF; ;71200055;;3,41858E+13;; ;;07/10/2021;;
574;V&T COMERCIO VAREJISTA DE TINTAS LTDA;Q 44 CONJUNTO B LOTE 50;PARQUE DA BARRAGEM SETOR 2;ÁGUAS LINDAS DE GOIÁS;GO; ;72910100;;3,61138E+13;108660389; ;;13/10/2021;;
575;MARIA JOSE ADORNO SILVA;QS 11 CONJUNTO U;AGUAS CLARAS;BRASILIA;DF; ;71981720;;1,32719E+13;; ;;20/10/2021;61 33560414;
576;DZ9 REPRESENTAÇOES E COMERCIO;QNM 19 CONJUNTO C;;BRASILIA;DF; ;72215193;;4,09683E+13;; ;;20/10/2021;61996150349;
577;PROPEL GLOBAL COM. DE PAPEIS DESC. LTDA;EUA JOAO XXIII;SAO JUDAS;SAO  PAULO;SP; ;6730000;;4,10437E+12;; ;;25/10/2021;11 21224019;
578;BANCO DO BRASIL;Q SAUN QUADRA 5 LOTE B TORRES I, II E III;;BRASILIA;DF; ;70040912;;191;; ;;26/10/2021;;
579;SUPERPRO;ROD BR 116 KM258 PREDIO 7;ESTEIO;MATO PERSO;RS; ;93270000;;1,10717E+13;; ;;27/10/2021;51 34739670;
580;CEMIG DISTRIBUIÇÃO S.A;AV.BARBACENA 1200 17 ANDAR ALA A1;;UNAÍ;MG; ;30190131;;6,98118E+12;; ;;27/10/2021;;
581;ORIGAMI COMERCIO DE RESIDUOS DE PAPEL E PAPELAO;R IGNEZ DE SOUZA SOARES 745;TATUGUARA;CURITIBA;PR; ;81940010;;3,17157E+13;; ;;04/11/2021;41 32659415;
582;PLASTIKA INDUSTRIA;ALAMEDA VITORIA REGIA 531 QD 51 LOTE 19;GOIANIA 2;GOIÂNIA;GO; ;74663630;;1,54361E+13;; ;;10/11/2021;;
583;TINTAS RENOVARE;AV OTACILIO DOS SANTOS FARIA Q 08;ALEXANDRIA;GOIÂNIA;GO; ;72930000;;1,40421E+13;; ;;11/11/2021;62 31421342;
584;LCGA SERVIÇOS E MANUTENLOES EIRELI;RUA 7 LOTE 335 LJ 5;;BRASILIA;DF; ;72003365;;2,60093E+13;; ;;19/11/2021;;
585;VOXER COMERCIO DE CERAS E POLIDORES LTDA;ARARE N.S/N;PARQUE GUADALAJARA;CAUCAIA;CE; ;61650110;;4,32622E+13;; ;;26/11/2021;85988254326;
586;UZUCLEAN INS COM IMP EXP LTDA;RUA CESAR MUGNATO;;UBERLÂNDIA;MG; ;38402810;;9,27142E+12;; ;;01/12/2021;;
587;MARQUELLE ANTUNES TEIXEIRA;SCIA 14 QUADRA 10 LOTA;;BRASILIA;DF; ;71150150;;4,06437E+13;; ;;22/12/2021;;
588;ALUGUEL LUZIANIA;ALUGUEL LUZIANIA;;LUZIÂNIA;GO; ;72150250;;11111111111;; ;;28/12/2021;;
589;JEOLOG TRANSPORTES;ROD BR 153 AREA SN GALPAO 6;FAZENDA RETIRO;GOIÂNIA;GO; ;74620430;;7,51538E+12;; ;;04/01/2022;;
590;2° OFICIO DE PROTESTO DE TITULOS DO GUARA;SIA QUADRA C;;GUARA;DF; ;71200054;;4,36413E+12;; ;;15/02/2022;;
591;FF BORGES COMERCIO DE MATERIAIS ELETRICOS;QUADRA 4 C BLOCO C;;GUARA;DF; ;71200048;;2,7137E+13;; ;;24/02/2022;;
592;DIVERSOS SALARIO;0;;1;DF; ;1010000;;11111111111;; ;;07/03/2022;;
593;DPRF- DEPARTAMENTO DE POLICIA RODOVIARIA FEDERAL;SUPERENTENDENCIA REGIONAL DO GOIAS;;GOIAS;DF; ;74543380;;3,94494E+11;; ;;14/03/2022;;
594;CIA ULTRAGAZ S/A;ST. HAB. VICENTE PIRES - TAGUATINGA;TAGUATINGA;BRASSILIA;DF; ;72007730;;6,16022E+13;; ;;09/04/2022;;
595;ALERTA SEGURANÇA E SAUDE OCUPACIONAL LTDA;R ALBA GONZAGA, 777;;UNAÍ;MG; ;38616040;;1,94546E+13;; ;;13/04/2022;;
596;ESTACAO JAPAN COMERCIO DE VEICULOS LTDA;AVENIDA COMERCIAL 14 TRECHO 01 LOTE 5;SETOR HABITACIONAL - LOGO NORTE;BRASILIA;DF; ;71551010;;1,17273E+13;; ;;17/05/2022;98981902310;
597;NATIVA TRANSPORTE;RUA EDVINO ANTONIO DEBANI, 225-23;FAZENDINHA;CURITIBA;PR; ;81330600;;3,3749E+13;; ;;30/05/2022;61 37722953;
598;SAGA CRT;CRT;SOF SUL;1;DF; ;71150250;;1,26578E+13;; ;;02/06/2022;;
599;MERCANTIL CANOPUS COMERCIO DE MOTOCICLETAS LTDA;QNM QD 12;BRASILIA;DF;DF; ;12210120;;2,97446E+12;; ;;07/06/2022;;
600;TINBOUND MARKETING;ADE CJ 13 LT 41/42 SALA 202;;BRAILIA;DF; ;71250150;;3,46526E+13;; ;;13/06/2022;;
601;RECEITA FEDERAL;SAUS Q. 3 BL O;;ASA SUL;DF; ;70079900;;3,9446E+11;; ;;21/06/2022;;
602;SONAVOIP TELECOMUNICACOES LTDA;SANTA RITA CARATINGA-MG;;CARATINGA;MG; ;35302025;;1,18331E+13;; ;;27/06/2022;;
603;CARLOS G L FEITOSA (TONNER);R 6 CH;;BRASILIA;DF; ;71150250;;2,70509E+13;; ;;28/06/2022;;
604;QUALITY GONDOLAS & PORTA PALETE;BR 060  KM 01;;BRASILIA;DF; ;74484470;;3,1038E+13;; ;;05/07/2022;;
605;CASA E FESTA ACESSORIOS E FANTASIAS LTDA;SIA TRECHO 06;;BRASILIA;DF; ;71205060;;2,65254E+13;; ;;05/07/2022;;
606;CANAL COACHING APOIO ADMINISTRATIVO LTDA;ST SIG QD 1;;BSB;DF; ;70610410;;1,68955E+13;; ;;06/07/2022;;
607;BOMBEIROS GO;RUA DOM HELDER CÂMARA QD 49A 49 - A;;LUZIANIA;GO; ;72804250;;5,92089E+12;; ;;12/07/2022;;
608;ALELO;ALPHAVILLE C IND E EMPAL;BARUERI;BARUERI;SP; ;6455030;;4,74088E+12;; ;;03/08/2022;;
609;OAK TRANSPT E LOGISTICA;R 4A AREAFEIRA 05 -;BRASILIA;BRASILIA;DF; ;72006253;;4,71595E+13;; ;;10/08/2022;;
610;REDE CARD;SEDE: AV. MARCOS PENTEADO DE ULHÔA RODRIGUES;;BARUERI;SP; ;71250150;;1,42579E+12;; ;;20/08/2022;;
611;EQUATORIAL ENERGIA;RUA 2 QD 4;JARDIM GOIÁS;GOIÂNIA;GO; ;74805180;;1,54303E+12;; ;;22/09/2022;;
612;PALETRANS EQUIPAMENTOS LTDA;R PALETRANS, 100;;CRAVINHOS;SP; ;14140000;;5,07704E+13;; ;;26/10/2022;;
613;SISTEMA SIGA LTDA;VILA DAS PALMEIRAS;;BRASILIA;DF; ;7024070;;3,00542E+13;; ;;09/11/2022;;
614;FUNDO GARANTIA DO TEMPO DE SERVIÇO;0;;BRASILIA;DF; ;71150250;;3,60305E+11;; ;;14/12/2022;;
615;JEFFERSON DINIS DE OLIVEIRA DUARTE;QUADRA 36 COMERCIO LOJA 07;;BRASILIA;DF; ;72465365;;4,02572E+13;; ;;19/12/2022;;
616;NEX SERVIÇOS EM TECNOLOGIA DA INFORMAÇÃO LTDA;SCES TRECHO 2;SETOR DE CLUBE ESPORTIVOS SUL;BRASILIA;DF; ;70200002;;3,98793E+13;; ;;11/01/2023;;
617;AGE TECNOLOGIA DA INFORMATICA LTDA;SCS QUADRA 7 BLOCO A;ASA SUL;BRASILIA;DF; ;70307902;;4,00856E+13;; ;;19/01/2023;;
618;MERCEDEZ BENZ;ROD GOV. MARIO COVAS, 63101 CJ 1 SL1;;CARIACICA;ES; ;29158900;;3,17156E+13;; ;;04/05/2023;;
619;PANAMERICANO TRANSPORTE RODOVIARIO DE CARGAS LTDA;RUA BENEDITO DE SANTANA;VÁRZEA DO PALACIO;GUARULHOS;SP; ;7034080;;3,3014E+12;; ;;13/07/2023;;
1000001;ABRACE;QE 25 AREA ESPECIAL 1;GUARA II;BRASILIA;DF; ;71025015;;1,97348E+12;; ;;20/01/2021;;
2000001;DT TINTAS COMERCIO VAREJISTA LIMITADA;SIA SUL QD 04 C LOTE 51;SETOR DE INDUSTRIA E ABASTECIMENTO;BRASILIA;DF; ;71208900;;4,0994E+13;; ;;02/06/2021;61 33610580;
11000387;MAXI RUBBER INDUSTRIAS QUIMICAS LTDA;AV LUIZ MERENDA;CAMPANARIO;DIADEMA;SP; ;9931390;;2,83822E+11;2,86391E+11; ;;21/01/2019;55 11409277;
11000388;ARTHUR D EL REI FRAGA FILHO EPP;RUA DR GERINO DE SOUZA FILHO;ITINGA;LAURO DE FREITAS;BA; ;42738200;;2,91985E+13;145170903; ;;12/04/2019;71 03026707;
11000389;CARVIC COM VER DE PROD E EQ P/ REP AUTO LTDA;SIA TRRECHO 2 LOTE;SIA;BRASILIA;DF; ;71200020;;7,52021E+12;7,4689E+11; ;;11/09/2019;;
11000390;LIMA E PERGHER INDUSTRIA E COMERCIO S/A;AV AIRTON BORGES DA SILVA;MARTA HELENA;JARDINS;MG; ;38402100;;2,26853E+13;7,02561E+12; ;;20/05/2020;03 43292610;
11000391;BRAZILIAN COLOR INDUSTRIA DE TINTAS E VERNIZES LTDA;R MARIA DOS A AGOSTINHO;GRANJA ELIANA;GUARULHOS;SP; ;7251160;;5,88092E+13;3,36254E+11; ;;30/06/2020;11 24131333;
11000392;MARLUVAS EQUIPAMENTOS DE SEGURANCA LTDA;RODOVIA DORES DE CAMPOS/BARROSO KM 2 AREA 1 GALPAO 1;ZONA RURAL;DORES DE CAMPOS;MG; ;36213000;;1,96531E+13;2,30091E+12; ;;05/08/2020;32 36934000;
11000393;MARLUVAS EQUIPAMENTOS DE SEGURANCA LTDA;RUA JOSE CAMPOS;D.I.DEMERVAL CHAGAS ALME;MORRO DO FERRO;MG; ;35540000;;1,96531E+13;2,30091E+12; ;;05/08/2020;;
11000394;MARLUVAS EQUIPAMENTOS DE SEGURANCA LTDA;RUA ANTONIO RODRIGUES NEVES;VILA GUIMARAES, AREA 3;CAMPO BELO;MG; ;37270000;;1,96531E+13;2,30091E+12; ;;24/02/2021;32 36934000;
11000395;PLASTINI SACOLAS LTDA;ESTRADA VOVÓ CAROLINA;GUAIANAZES;SÃO PAULO;SP; ;8473370;;4,13189E+13;1,30868E+11; ;;20/08/2021;11 27313132;
11000396;AIRZAP - ANEST IWATA IND. E COM. LTDA;RUA PROFESSOR ESTEVAN LANGE ADRIEN;JARDIM NOSSA SENHORA DO AMPARO;LIMEIRA;SP; ;13482280;;3,68543E+12;4,17159E+11; ;;17/11/2021;;
11000397;PLASTINI EMBALAGENS LTDA;ESTRADA VOVÓ CAROLINA;GUAIANAZES;SÃO PAULO;SP; ;8473370;;4,50075E+13;1,34059E+11; ;;22/04/2022;11 27313132;
11000398;NAVESA NACIONAL DE VEICULOS LTDA;AVENIDA PIRES FERNANDES;SETOR AEROPORTO;GOIÂNIA;GO; ;74070030;;1,54184E+12;; ;;22/04/2022;62 30182333;
11000399;DOMINIO LOG TRANSPORTE E LOGISTICA LTDA;RUA FORMOSA;EMILIANO PERNETA;PINHAIS;PR; ;83325070;;8,49953E+13;1050601818; ;;25/04/2022;41 36683972;
11000400;EMPRESTIMO CARVIC (AUTOCOAT BT);CIDADE DO AUTOMOVEL;ZONA INDUSTRIAL (GUARÁ);BRASILIA;DF; ;71250150;;7,52021E+12;; ;;03/05/2022;61 33011025;
11000401;PSA EMBALAGENS EIRELI;SAAN QUADRA;ZONA INDUSTRIAL;BRASILIA;DF; ;70632200;;2,28362E+13;; ;;09/05/2022;61 98631158;
11000402;DF ELETROTECNICA COM. MANUT. E LOC. DE EQUIP. ELET. EIRELI;SIA TRECHO 17 RUA;ZONA INDUSTRIAL (GUARÁ);BRASILIA;DF; ;71200240;;3,11703E+13;; ;;06/06/2022;;
11000403;COELHO & LIMEIRA LTDA;CRS 511 BLOCO B;ASA SUL;BRASILIA;DF; ;70361520;;2,62548E+13;; ;;27/06/2022;;
11000404;GNRE;SCIA QUADRA 14 CONJUNTO 10;ZONA INDUSTRIAL (GUARÁ);BRASILIA;DF; ;71250150;;3,65172E+13;; ;;07/07/2022;;
11000405;DAUTO COMERCIO DE PRODUTOS EQUIPAMENTOS E SERVICOS AUTOMOTIV;AVENIDA T 9;JARDIM AMERICA;GOIÂNIA;GO; ;74255220;;4,66759E+13;109360222; ;;13/10/2022;;
11000406;ONIRE COMERCIO IMPORTACAO E EXPORTACAO;RUA GERALDO CORREIA;VILA CARRÃO;SÃO PAULO;SP; ;3425020;;8,18012E+12;; ;;20/10/2022;11 38050551;
11000407;COMERCIAL ALLFRA;RUA ROBERTO KRIEGEL;VILA ENDRES;GUARULHOS;SP; ;7043100;;1,73533E+13;; ;;16/12/2022;11 22033703;
11000409;CAVALCANTE E SOUSA COMERCIO DE TINTAS LTDA;SCIA QUADRA 13 CONJUNTO 3;ZONA INDUSTRIAL (GUARÁ);BRASILIA;DF; ;71250220;;4,53419E+13;8,11695E+11; ;;04/01/2023;61 32047000;
11000410;SS LAZARINI INDUSTRIA E COMERCIO;ESTRADA MUNICIPAL BENTO FERREIRA DE TOLEDO;MINA;ITUPEVA;SP; ;13295000;;2,33752E+13;3,88059E+11; ;;06/01/2023;14998100025;
11000411;GLOBEX INDUSTRIA DE PLASTICOS E EMBALAGENS LTDA;RUA VP 5E;DISTRITO AGROINDUSTRIAL DE ANÁPOLIS;ANÁPOLIS;GO; ;75132125;;2,52682E+13;107035740; ;;19/01/2023;62 33100600;
11000412;ZAZ TRANSPORTES E SERVICOS LOGISTICOS LTDA;RUA EDUARDO FRONER;PARQUE DAS NAÇÕES;GUARULHOS;SP; ;7243590;;1,55972E+13;1,2773E+11; ;;14/02/2023;;
11000413;Unipel Comercio de Importacao e Exportacao Ltda.;RUA PANAMÁ;PENHA;RIO DE JANEIRO;RJ; ;21020310;;4,59198E+13;12430736; ;;10/03/2023;21 39771722;
11000414;MODULAR FLOOR INDUSTRIA, COMERCIO, IMPORTACAO E EXPORTACAO;RUA SÍLVIO GILBERTO CHRISTMANN;CANUDOS;NOVO HAMBURGO;RS; ;93544030;;4,32941E+13;860546179; ;;05/04/2023;51 35279073;
11000415;AKOS COMERCIO IMPORTACAO E EXPORTACAO LTDA;Rua José Luiz da Rocha;Camará;SERRA;ES; ;29164252;;2,98173E+13;83417680; ;;27/04/2023;;
11000416;BERLINER DO BRASIL MOTORES LTDA;RUA JANDAIA DO SUL;EMILIANO PERNETA;PINHAIS;PR; ;83324440;;2,26623E+13;9069667942; ;ALEXANDRE;27/04/2023;41 30240085;
11000417;J.BORIN COMERCIO;AVENIDA PRESIDENTE JOÃO GOULART;UMUARAMA;OSASCO;SP; ;6036048;;4,33776E+13;1,20383E+11; ;;13/06/2023;;
11000418;NÃO USAR 009;RUA SN;NA;BRASILIA;DF; ;0;;0;; ;;23/06/2023;;
11000420;HEAVY DUTY COMERCIAL IMPORTADORA LTDA;RUA BRESCIA;MAUÁ;COLOMBO;PR; ;83413575;;3,34922E+13;9081288264; ;;24/07/2023;41 40427435;
11000421;CASTOR FERRAMENTAS PARA PINTURA LTDA;RUA ÁLVARES CABRAL;SERRARIA;DIADEMA;SP; ;9980160;;1,25805E+13;2,86168E+11; ;;24/07/2023;1140535911;
11000422;GOIAS INDUSTRIA DE TINTAS LTDA;VIA ACESSO 6;CHÁCARAS MARIVÂNIA;APARECIDA DE GOIÂNIA;GO; ;74923150;;3,37914E+13;107629186; ;;28/08/2023;;
11000423;MAZA PRODUTOS QUIMICOS LTDA;Rua José Oleto;Distrito Industrial II;MOCOCA;SP; ;13739070;;9,62307E+13;4,53036E+11; ;;05/09/2023;1936562570;
11000424;INOVA5 ENGENHARIA E GERACAO DE ENERGIA EIRELI;CNA;TAGUATINGA NORTE (TAGUATINGA);BRASILIA;DF; ;72110035;;2,4823E+13;7,76852E+11; ;;06/09/2023;6141034746;
11000425;MULTILONAS LTDA;AVENIDA SÓCRATES MARIANI BITTENCOURT;CINCO;CONTAGEM;MG; ;32010010;;2,31427E+13;26162320030; ;;19/02/2024;31 35980223;
11000426;GARTHEN INDUSTRIA E COMERCIO DE MAQUINAS LTDA;RODOVIA BR-470;MACHADOS;NAVEGANTES;SC; ;88371624;;8,29817E+13;252198131; ;;22/02/2024;04 72103415;
11000427;CAPITAL ATACADISTA DA CONSTRUCAO LTDA;CSG;TAGUATINGA SUL (TAGUATINGA);BRASILIA;DF; ;72035505;;2,61898E+13;7,78363E+11; ;;15/03/2024;61 30137950;
11000429;ONKRAFT COMERCIO DE PAPEL E PAPELAO LTDA;RUA LEÔNCIO CORREIA;ÁGUA VERDE;CURITIBA;PR; ;80240320;;5,31728E+13;9104313237; ;;28/03/2024;41 99612866;
11000430;DISSOLTEX IND QUIMICA LTDA;RUA EPISCOPAL;CENTRO;SÃO CARLOS;SP; ;13560970;;5,95996E+13;6,37008E+11; ;;20/06/2024;55 16330640;
11000431;ATLANTA INDUSTRIA, IMPORTACAO E COMERCIO LTDA;RUA SENADOR CARLOS GOMES DE OLIVEIRA;DISTRITO INDUSTRIAL;SÃO JOSÉ;SC; ;88104785;;2,90911E+13;258542918; ;;04/07/2024;48 32478977;
11000432;MARTELENA ALMEIDA INDUSTRIA E COMERCIO DE TINTAS EIRELI;RUA SANCLERLINO MENDONCA;JARDIM GENUINA;ABADIA DE GOIÁS;GO; ;75345000;;3,57117E+13;108503577; ;;04/07/2024;62 99188591;
11000433;VIAPOL LTDA.;RODOVIA VITO ARDITO;JARDIM CAMPO GRANDE;CAÇAPAVA;SP; ;12282535;;5,86819E+13;2,34022E+11; ;;24/07/2024;55 12322130;
11000434;OLIVEIRA COMERCIO DE GRANITINA LTDA;ROD DF-240 KM 86 RODOVIA/BRAZLANDIA CHACARA 45;VICENTE PIRES;CIDADE CONVERSAO;DF; ;72127991;;2,4838E+13;7,76851E+11; ;;13/09/2024;;
11000435;CIMENTMIX DERIVADO DE CIMENTO LTDA;RODOVIA DF-290;PONTE ALTA NORTE (GAMA);BRASILIA;DF; ;72426002;;2,95176E+13;7,84237E+11; ;;25/09/2024;61 98596553;
11000436;EUCATEX INDUSTRIA E COMERCIO LTDA;ESTR MUN BOTUCATU-ITATINGA;ZONA RURAL;BOTUCATU;SP; ;18600972;;1,46753E+13;2,241E+11; ;;02/10/2024;14 38115000;
11000437;COMERCIAL CIRURGICA RIOCLARENSE LTDA;RUA JOANNA RODRIGUES JONDRAL;CILO 2;LONDRINA;PR; ;86067050;;6,77292E+13;; ;;03/12/2024;;
11000438;ALV INDUSTRIA E COMERCIO DE TINTAS LTDA;PARQUE INDUSTRIAL RIACHUELO;PARQUE INDUSTRIAL;CAMPINA GRANDE DO SUL;PR; ;83430000;;5,09725E+12;9030611389; ;;23/12/2024;;
11000439;REJUMASSA INDÚSTRIA, COMÉRCIO E TRANSPORTES DE REJUNTES LTDA;VIA PRIMARIA 3;DISTRITO AGROINDUSTRIAL DE APARECIDA DE GOIANIA;APARECIDA DE GOIÂNIA;GO; ;74993450;;1,42989E+13;105124940; ;MARCELO/MORGANA;17/01/2025;62992610619;
11000440;ABS TINTAS 2 LTDA;AVENIDA SENADOR COIMBRA BUENO;JARDIM TRIANGULO;FORMOSA;GO; ;73808294;;5,69425E+13;201801566; ;;31/01/2025;;
11000441;WD-40 COMPANY BRASIL LTDA;AVENIDA RUI BARBOSA;AFONSO PENA;SÃO JOSÉ DOS PINHAIS;PR; ;83045350;;2,26077E+12;; ;HERON;06/02/2025;;61 35974526
11000442;CONDOR PINCEIS LTDA;RUA BARÃO DO RIO BRANCO;CENTRO;SÃO BENTO DO SUL;SC; ;89280478;;9,21743E+12;255571950; ;MARCELO;12/02/2025;47 36312000;
11000443;A&S TECHNOLOGIES INDUSTRIA E COMERCIO LTDA;RODOVIA GOVERNADOR DOUTOR ADHEMAR PEREIRA DE BARROS;SANTA ÚRSULA;JAGUARIÚNA;SP; ;13918006;;2,66581E+13;3,9506E+11; ;CESINHA;12/02/2025;19 35129860;
11000444;SIMAPPEL - SIMAO PEREIRA INDUSTRIA E COMERCIO DE PAPEIS LTDA;ROD BR 040;DISTRITO INDUSTRIAL;SIMÃO PEREIRA;MG; ;36123000;;3,63176E+12;6,75064E+12; ;VIANNA;14/02/2025;;32 36123000
11000445;BJC GRAVAÇÕES LTDA;RUA JOAQUIM AVILA DE LIMA;AURORA;PALMITOS;SC; ;89887000;;5,58564E+13;263028666; ;;25/02/2025;;
11000446;QUIMICA AMARO LTDA;RUA EMA GAZZI MAGNUSSON;COMERCIAL VITÓRIA MARTINI;INDAIATUBA;SP; ;13347630;;5,45759E+13;3,53618E+11; ;;27/02/2025;;
11000447;BAIFER DISTRIBUIDORA DE FERRAMENTAS LTDA;SHA CONJUNTO 4 CHÁCARA 87;SETOR HABITACIONAL ARNIQUEIRA (ÁGUAS CLARAS);BRASILIA;DF; ;71994505;;5,20054E+13;8,24397E+11; ;;28/02/2025;61 33992220;
11000448;RB REFINISH COMERCIAL ACESSORIOS LTDA;RUA VICENTE FRANCO TOLENTINO;PARQUE SANTA MADALENA;SÃO PAULO;SP; ;3982180;;4,39593E+13;1,24536E+11; ;;17/03/2025;;11 46754800
11000449;CLEANER INDUSTRIA QUIMICA LTDA;RUA MANOEL GOMES SANTOS;J PRIMAVER;CRAVINHOS;SP; ;14140000;;6,06601E+13;2,79009E+11; ;;27/03/2025;;
11000450;A. RIBEIRO EQUIPAMENTOS LTDA;RUA ANTHERO PAULO PEREIRA;PIRES;EXTREMA;MG; ;37642620;;2,01121E+12;49497030096; ;;27/03/2025;;
11000451;R CERVELLINI REVESTIMENTOS LTDA;SAAN QUADRA;ZONA INDUSTRIAL;BRASILIA;DF; ;70632500;;4,48657E+13;7,46353E+11; ;;28/03/2025;;
11000452;SHERWIN-WILLIAMS DO BRASIL INDÚSTRIA E COMÉRCIO LTDA.;AVENIDA IBIRAMA;S J TADEU;TABOÃO DA SERRA;SP; ;6785000;;6,08723E+13;6,75075E+11; ;JEFFERSON;15/04/2025;;
11000453;ACOBOM INDUSTRIA COMERCIO E LOGISTICA LTDA;AVENIDA DAS INDUSTRIAS;POLO INDUSTRIAL;SANTA BÁRBARA DE GOIÁS;GO; ;75398000;;5,77234E+13;201984415; ;ADOLFO;25/04/2025;;62984220840
11000454;UNIFORTTE INDUSTRIA DE PLASTICOS LTDA;RUA ANTONIO JASPER;PORTO GRANDE;ARAQUARI;SC; ;89245000;;1,25545E+13;256204993; ;ADOLFO;28/04/2025;;
11000455;OTTO BAUMGART IND E COM S/A;RODOVIA ROMILDO PRADO ITATIBA-LOUVEIRA;BAIRRO ITAPEMA;ITATIBA;SP; ;13255750;;6,06428E+13;3,82096E+11; ;ROBERTA;05/05/2025;11 29025631;
11000456;KARCHER IND E COM LTDA;VIA MIGUEL MELHADO CAMPOS;DISTRITO INDUSTRIAL;VINHEDO;SP; ;13288003;;4,7111E+13;7,14053E+11; ;;12/05/2025;19 37969300;
11000457;ALINE RAACK ALVES;RUA DONA SALMA MARQUES;CANUDOS;NOVO HAMBURGO;RS; ;93546620;;3,57519E+13;860540030; ;;12/05/2025;51981076182;
11000458;OPCAO COMERCIO ATACADISTA DE MATERIAIS DE CONSTRUCAO LTDA;ST DE INDUSTRIA QI 21 LT 23 A 41;SETOR INDUSTRIAL (CEILANDIA);BRASILIA;DF; ;72265210;;1,72443E+13;; ;;13/05/2025;61 33742126;
11000459;NOVA CASA DISTRIBUIDORA DE MATERIAIS PARA CONSTRUCAO S/A;TR 05;SANTA MARIA;BRASILIA;DF; ;72549515;;7,42004E+13;; ;;16/05/2025;61 30259566;
11000460;OURENSE DO BRASIL INDUSTRIA DE ARTEFATOS DE METAL LTDA - EM;EST RJ 127;LAGES;PARACAMBI;RJ; ;26600000;;1,02771E+13;; ;;23/05/2025;21 40638191;
11000461;PRIME DISTRIBUIDORA DE EMBALAGENS LTDA;RUA AIMORES;LOTEAMENTO SHANGRY-LA;GOIÂNIA;GO; ;74691420;;2,92619E+13;107124386; ;;29/05/2025;;
11000462;POSTO SOARES BRAZ LTDA;RUA VIRGILIO JUSTINIANO RIEIRO;BARROCA;UNAÍ;MG; ;38610000;;3,03049E+12;; ;;24/06/2025;38 36775040;
11000463;NOVA ROCHA INDUSTRIA DE TINTAS LTDA;AVENIDA JATAI;PARQUE INDUSTRIAL APARECIDA VICE-PRESIDENTE JOSE DE ALENCAR;APARECIDA DE GOIÂNIA;GO; ;74993495;;3,00512E+12;103120939; ;;11/07/2025;;
11000464;POSTO SANSÃO;AVENIDA ALFREDO NASSER;PARQUE ESTRELA DALVA I;LUZIÂNIA;GO; ;72804010;;3,17611E+13;; ;;17/07/2025;61 30550158;
11000465;IND DE PLASTICOS HERC LTDA;AVENIDA SEVERO DULLIUS;ANCHIETA;PORTO ALEGRE;RS; ;90200310;;9,27519E+13;960023020; ;EDNAUDO;17/07/2025;51 30214943;61999879557
11000466;ATACADAO DAS TINTAS IRMAOS SOARES LTDA;TRECHO SIA TRECHO 3;ZONA INDUSTRIAL (GUARÁ);BRASILIA;DF; ;71200031;;5,4112E+13;; ;;23/07/2025;;
11000467;EQUIPAMENTOS PARA PINTURA MAJAM LTDA - EM RECUPERACAO JUDICI;ESTRADA TABOAO DO PARATEI;TABOAO;MOGI DAS CRUZES;SP; ;8772010;;6,05768E+13;4,54379E+11; ;;30/07/2025;11 35268100;
11000468;DURACOLOR INDUSTRIA E COMERCIO DE TINTAS;QR 204 CONJUNTO A;SANTA MARIA;BRASILIA;DF; ;72504401;;1,40168E+13;7,58135E+11; ;JUNIOR;11/08/2025;61 33584000;
11000469;VICTORIA TRANSPORTES DE CARGAS LTDA;QD 112 Sul Rua SR 7;Plano Diretor Sul;PALMAS;TO; ;77020176;;6,99454E+12;293813299; ;MARCIO;15/08/2025;;
11000470;RODOSUL EXPRESS LTDA;RUA INDIAPORA;CUMBICA;GUARULHOS;SP; ;7232090;;1,30912E+13;3,3657E+11; ;MARCIO;15/08/2025;;
11000471;TRANSPORTADORA TRANS ELETRO LTDA;RUA IRAQUARA;JARDIM IV CENTENARIO;GUARULHOS;SP; ;7161550;;2,9299E+13;1,27467E+11; ;;15/08/2025;;
11000472;PFERD RUGGEBERG DO BRASIL LTDA;AVENIDA JUSCELINO KUBITSCHEK DE OLIVEIRA;CIDADE INDUSTRIAL;CURITIBA;PR; ;81280140;;3,42895E+12;; ;FERNANDO;25/08/2025;41 30718222;
11000473;VICTORIA TRANSPORTES DE CARGAS LTDA;RUA INDIAPORA;CIDADE INDUSTRIAL SATÉLITE DE SÃO PAULO;GUARULHOS;SP; ;7232090;;6,99454E+12;7,96899E+11; ;;08/09/2025;;
11000474;OMNI COMERCIO E SERVIÇOS LTDA;SIG QUADRA 06;ZONA INDUSTRIAL;BRASILIA;DF; ;70610460;;3,80295E+13;7,3153E+11; ;MARCIO;09/09/2025;;
11000475;L'AUTO CARGO TRANSPORTE RODOVIÁRIO S/A;AVENIDA PREFEITO WALL FERRAZ;ANGELIM;TERESINA;PI; ;64040840;;7,18926E+12;; ;ELAINE;12/09/2025;;
11000476;PAINT COMERCIO ATACADISTA DE TINTAS LTDA;SIA TRECHO 2;ZONA INDUSTRIAL (GUARÁ);BRASILIA;DF; ;71200020;;6,02754E+13;8,38431E+11; ;;16/09/2025;;
11000477;BLACK & DECKER DO BRASIL LTDA;ROD. BR 050 KM167 LOTE 5 BLOCO B;DISTRITO INDUSTRIAL II;UBERABA;MG; ;38064750;;5,32963E+13;; ;RAPHAEL;18/09/2025;34 33183100;
11000478;S.K IND E COM DE PROD PLASTICOS LTDA;RUA LEONARDO MURIALDO;ANA RECH;CAIXAS DO SUL;RS; ;95060430;;1,10664E+13;290509238; ;GABRIEL;04/11/2025;;54 32231384
11000479;TOOLSYSTEM COMERCIAL LTDA ;RUA LUIS GOIS;MIRANDOPOLIS;SAO  PAULO;SP; ;4043350;;4,02303E+12;1,15999E+11; ;;06/11/2025;;11 30609300
11000480;BONFIM COMERCIO DE TINTAS LTDA;SES QUADRA;SETOR ECONÔMICO DE SOBRADINHO (SOBRADINHO);BRASILIA;DF; ;73020407;;5,74629E+13;; ;;11/11/2025;;61 33568514
11000481;L AUTO CARGO TRANSPORTE RODOVIARIO S/A;R ALDO DE MELO FREIRE;CAPIM MACIO;NATAL;RN; ;59082030;;7,18926E+12;200997815; ;;14/11/2025;;84 32171080
11000482;A&S TECHNOLOGIES INDUSTRIA E COMERCIO S.A.;AVENIDA MARGINAL SP 340 PISTA NORTE;DISTRITO INDUSTRIAL;SANTO ANTÔNIO DE POSSE;SP; ;13833591;;2,66581E+13;6,30055E+11; ;;18/11/2025;;
11000483;PADILHA IMPERMEABILIZANTES LTDA;QS 05 AV AREAL LOTE 03 PT A AGUAS CLARAS DF;TAGUATINGA;BRASILIA;DF; ;72036049;;2,88996E+13;; ;;19/11/2025;;
11000484;TEKWELD IMPORTACAO E COMERCIO DE MAQUINAS INDUSTRIAIS LTDA.;RUA ALVINO CRISTO;PARQUE INDUSTRIAL EXPERTS;NOVA ODESSA;SP; ;13387793;;1,38816E+13;4,82137E+11; ;CRISTINA;27/11/2025;;
11000485;3M DO BRASIL LT;RODOVIA RAPOSO TAVARES;DISTRITO INDUSTRIAL;ITAPETININGA;SP; ;18203340;;4,59854E+13;3,71028E+11; ;;02/12/2025;;
11000486;POSTO INDEPENCIA LTDA;AVENIDA JOVENTINO RODRIGUES;SANTA LUZIA;LUZIÂNIA;GO; ;72803010;;3,17419E+13;; ;;05/02/2026;;
80000491;NOVA FAST COMERCIO DE TINTAS LTDA;A ADE CONJUNTO 4 LOTE;SAMAMBAIA SUL (SAMAMBAIA);BRASILIA;DF; ;72314704;;4,39736E+13;8,09188E+11; ;;04/11/2021;61 37722950;
80000492;SCALA TINTAS LTDA;RODOVIA PRESIDENTE JUSCELINO KUBITSCHEK;AMOREIRAS I;PARACATU;MG; ;38600442;;3,33043E+13;34204700047; ;;30/01/2023;;
80000493;DAUTO TINTAS SERVICOS E PRODUTOS LTDA;ROD PRESIDENTE JUSCELINO KUBITSCHEK;AMOREIRAS;PARACATU;MG; ;38600442;;3,29116E+13;45518590083; ;;20/02/2023;38 34933919;
80000494;DT TINTAS COMERCIO VAREJISTA LIMITADA;QE 40 CONJUNTO D S/N LOTE 45 LOJA 01;GUARA II;BRASILIA;DF; ;71070042;;4,0994E+13;; ;;06/12/2023;61 39671396;
80000495;PINTOR TESTE INICIAL;RUA AAAA;;BRASILIA;DF; ;72583500;;0;; ;;11/07/2024;;
80000496;MARCELO BRITO DA SILVA;RUA NA;NA;LUZIÂNIA;GO; ;72800010;;97078832191;; ;;12/08/2024;;
80000497;NILTON DA SILVA OLIVEIRA;RUA QD 07 LT 53;LUZIIA PQ;LUZIÂNIA;GO; ;72800010;;20394071204;; ;;12/08/2024;61 99179042;
80000498;PEDRO PAULO MENDES;RUA CECILIA MEIRELES QD 108 LT 14;DALVA 2;LUZIÂNIA;GO; ;72800000;;4244979131;; ;;14/08/2024;61999175532;
80000499;ELIVANIO AGUIAR LIMA;RUA 65 QD 65 LT 10;P E DALVA 4;LUZIÂNIA;GO; ;72800000;;15141136;; ;;14/08/2024;61999655890;
80000500;ALEXSANDRO FIGUEIREDO MARQUES;RUA 21 QD 35 LT 10;VILA GUARA;LUZIÂNIA;GO; ;72800000;;1516657101;; ;;23/08/2024;61998724435;
80000501;SAMUEL MELO DO NASCIMENTO;RUA 15 DE NOVEMBRO QD14 LT 20;NORTE SERRINHA;LUZIÂNIA;GO; ;72800000;;5870727170;; ;;23/08/2024;;
80000502;ROBERTO CARLOS DA SILVA;RUA 2;JARDIN SION;LUZIÂNIA;GO; ;72800000;;57508674120;; ;;27/08/2024;;
80000503;RONALDO DOS SANTOS;RUA 2;CENTRO;LUZIÂNIA;GO; ;72800000;;47651121104;; ;;27/08/2024;;
80000504;MARCIO CAMPOS DA SILVA;DUA MARIA HELENA;DALVA III;LUZIÂNIA;GO; ;72800000;;56649444120;; ;;29/01/2025;61996161098;
80000505;RONALDO FERREIRA DANTAS;RUA 2;LESTE;LUZIÂNIA;GO; ;72800000;;55314244187;; ;;25/02/2025;61993588768;
80000506;REGINALDO BARBOSA;RUA 2;LESTE;LUZIÂNIA;GO; ;72800000;;71044221100;; ;;25/02/2025;61991532852;
80000507;CLECIO DOS ANJOS SOUZA;RUA 143;DALVA IX;LUZIÂNIA;GO; ;72800000;;5354683181;; ;;27/02/2025;46 91126019;
80000508;MARCELO FERREIRA DA SILVA;RUA 26;JK;LUZIÂNIA;GO; ;72800000;;4581722195;; ;;05/03/2025;61995757521;
80000509;JEAN RODRIGO DE LIMA SILVA;RUA 7 DE ABRIL;KENNEDY;LUZIÂNIA;GO; ;72800000;;5522588144;; ;;25/03/2025;61993074840;
80000510;DT TINTAS COMERCIO VAREJISTA LIMITADA;AVENIDA ALFREDO NASSER;SETOR MANDU II;LUZIÂNIA;GO; ;72814510;;4,0994E+13;202602338; ;;14/04/2025;;
80000511;ALESSANDRO FERREIRA DA ROCHA;QUADRA 31 ;GAMA;BRASILIA;DF; ;72000000;;72651180149;; ;;04/08/2025;;
80000512;ALBERTO GONÇALVES DE OLIVEIRA;RUA 3 QD 26;JOFRE;LUZIÂNIA;GO; ;72811930;;59229381187;; ;;18/09/2025;;
80000513;CARLOS ROBERTO RODRIGUES DA SILVA;QD 10 CJ C;GAMA;BRASILIA;DF; ;72000000;;37309358104;; ;;10/10/2025;;
80000514;MATHEUS TELES BUENO;RUA 14 QUADRA 31;MANSU II;LUZIÂNIA;GO; ;72815030;;70330715151;; ;;19/12/2025;;
80000515;JOAO DANIEL DA SILVA;RUA 129 QUADRA 85 LOTE 09;PARQUE ESTRELA DALVA VIII;LUZIÂNIA;GO; ;72800000;;1033990116;; ;;06/02/2026;;
80000516;BREDYLEY BERNARDO DE SOUSA;RUA 15 QUADRA 18 LOTE 86;;LUZIÂNIA;GO; ;72804042;;5886793135;; ;;18/02/2026;;
80000517;JOSE NILSON PEREIRA DE SOUZA;RUA 149 QUADRA 400 LOTE 02;PARQUE ESTRELA DALVA 9;LUZIÂNIA;GO; ;72800000;;568584180;; ;;20/02/2026;;
80000518;ALEX DA SILVA GANDA;RUA PONTALINA QUADRA 69 LOTE 03 CASA 01;SAO CAETANO;LUZIÂNIA;GO; ;72805460;;94296448153;; ;;24/02/2026;;
80000519;FABIO DOS SANTOS CAITANO;RUA 2;;LUZIÂNIA;GO; ;72800000;;1891385135;; ;;26/02/2026;;
80000520;SILVIA MARA RODRIGUES;RUA 55 LOTE 16 CASA 02;PARQUE ALVORADA II;LUZIÂNIA;GO; ;72800000;;58659854187;; ;;11/03/2026;;
80000521;WILLIAN SANTANA PEREIRA;RUA 01 QUADRA 03 LOTE 09;SETOR LESTE;LUZIÂNIA;GO; ;72803340;;1683863135;; ;;11/03/2026;;
80000522;ATLAS S.A.;AV INDEPENDENCIA;NOVO ESTEIO;ESTEIO;RS; ;93270010;;8,97238E+13;430002424; ;GILBERTO;26/03/2026;;
80000523;APOIO DISTRIBUIDORA DE MATERIAIS DE CONSTRUCAO LTDA;AVENIDA PREFEITO JOSÉ RODRIGUES DOS REIS;JARDIM DO INGÁ;LUZIÂNIA;GO; ;72850150;;1,18748E+13;104725605; ;ANA LUCIA;31/03/2026;61 36231830;
80000524;LUCIANO VIEIRA MOURA;RUA 21 QD 150 LT 02;PARQUE SANTA FÉ;LUZIÂNIA;GO; ;72834083;;4494593141;; ;;01/04/2026;;
80000525;GD RESIDUO TEXTIL E BUCHA VEGETAL LTDA;RUA DOS BEM-TE-VIS;VILA DO SOL;UNAÍ;MG; ;38616186;;3,59284E+13;36366950067; ;PAULO;09/04/2026;;
80000526;INFINITY INDUSTRIAL LTDA;AVENIDA OSAKA;CENTRO INDUSTRIAL DE ARUJÁ;ARUJÁ;SP; ;7411750;;1,66741E+12;; ;JANAINA;13/04/2026;;
80000527;3D INFLAVEIS LTDA;RUA JACOB;JARDIM TRANQÜILIDADE;GUARULHOS;SP; ;7051020;;4,82705E+13;1,27774E+11; ;;22/04/2026;;11 24084666
80000528;STONE HAMMER COMERCIO E IMPORTACAO DE MAQUINAS LTDA;RODOVIA WASHINGTON LUIZ;JARDIM ANHANGÜERA;RIO CLARO;SP; ;13501600;;3,00626E+13;587.343.284.111; ;WILLIAN;23/04/2026;;
80000529;CARLOS VITOR BAQUIAO MARTINS LTDA;RODOVIA WASHINGTON LUIZ;JARDIM ANHANGÜERA;RIO CLARO;SP; ;13501600;;7,46382E+13;5,87553E+11; ;;07/05/2026;19 35222121;
80000530;VGS COMERCIO VAREJISTA DE MATERIAL DE CONSTRUÇÃO;TRECHO SIA TRECHO 2;ZONA INDUSTRIAL (GUARÁ);BRASILIA;DF; ;71200027;;3,4904E+13;; ;;13/05/2026;;61 30350303
80000531;G&A OESTE INDUSTRIA DE TINTAS LTDA;RUA ALBERTO MAGGIONI;ROSA LINDA;CORDILHEIRA ALTA;SC; ;89819000;;4,8212E+13;261954067; ;;14/05/2026;;49991794549
80000532;INOVEN INDUSTRIA, COMERCIO E IMPORTACAO LTDA;RUA JOÃO THOMAZ PINTO;CANHANDUBA;ITAJAÍ;SC; ;88313045;;7,8265E+12;256471304; ;KELLY;25/05/2026;;
80000533;RORIZ LUZIANIA COMERCIO DE TINTAS LTDA;AVENIDA ALFREDO NASSER;PARQUE ESTRELA DALVA I;LUZIÂNIA;GO; ;72804010;;4,14919E+13;108341640; ;;29/05/2026;;
80000534;DONIZETE;Q 34 ;OCIDENTAL PARK;C OCIDENTAL;GO; ;72883140;;86084356168;; ;;08/07/2026;;
99999999;FORNECEDOR CONVERSAO;;;CIDADE CONVERSAO;DF; ;;;;; ;;03/06/2017;;
